213667,degas,100,100,0.99,1.83333,#FFBF7F,#7F3F3F,#BF7F3F,#3F3F00,#3F3F3F,#7F7F3F,#3F3F00,#BF7F7F,#7F3F3F,#FFFF7F
213514,degas,100,100,0.99,0.12437,#3F3F00,#BFBF7F,#3F3F3F,#BF7F3F,#7F7F7F,#3F3F3F,#FFBF3F,#3F0000,#BFBF3F,#7F7F3F
9223372032559837920,degas,100,100,0.99,0.13866,#7F3F00,#FFBFBF,#3F3F3F,#3F3F00,#7F7F00,#BF3F00,#3F3F3F,#BF7F00,#7FBFBF,#3F3F00
213614,degas,100,100,0.99,0.04289,#3F3F00,#BF3F00,#3F3F3F,#3F3F00,#BF7F3F,#7F3F00,#FF7F3F,#7F3F3F,#FFBF3F,#3F3F3F
213615,degas,100,100,0.99,0.01148,#3F3F3F,#00003F,#BF7F3F,#7F3F3F,#3F3F00,#BF3F3F,#FF7F3F,#7F3F3F,#BF3F3F,#FFBF3F
213662,degas,100,100,0.99,0.01557,#3F0000,#3F3F3F,#FF7F3F,#7F3F3F,#BF3F00,#FFBF7F,#FFBF3F,#BF7F3F,#7F3F3F,#7F003F
213689,degas,100,100,0.99,14.14286,#FFFFFF,#7F7F7F,#BFBFBF,#FFBFBF,#3F3F3F,#BF7F7F,#FFBFFF,#BF7FBF,#FFFFBF,#000000
213690,degas,100,100,1.0,3.33333,#BFBFBF,#FFFFFF,#7F7F7F,#3F3F3F,#FFBFBF,#FFFFBF,#BF7F7F,#3F3F00,#7F3F7F,#BF7FBF
213446,degas,100,100,0.99,0.03413,#7F3F00,#3F0000,#BF7F00,#3F3F00,#3F3F00,#BF7F3F,#7F7F00,#BF3F00,#3F3F00,#FF7F3F
213478,degas,100,100,0.99,0.20287,#FFFFBF,#7F7F7F,#3F3F3F,#BFBFBF,#FFBFBF,#FFFFFF,#003F00,#BF7F7F,#7F3F3F,#BFBF7F
213597,degas,100,100,1.0,0.06075,#7F3F3F,#BFBFBF,#3F3F3F,#3F3F00,#FFFFFF,#7F7F7F,#3F3F00,#FFBFBF,#BF7F7F,#FFFFBF
9223372032559810721,degas,100,100,0.99,0.01833,#BF7F3F,#3F3F00,#3F3F00,#7F3F3F,#3F3F3F,#FFBF7F,#7F7F3F,#3F3F3F,#7F3F00,#FF7F3F
213258,degas,100,100,0.99,0.62264,#BF7F3F,#7F3F00,#FFBF3F,#3F0000,#BF3F00,#3F3F00,#BF7F00,#7F7F3F,#FFFFBF,#7F0000
213262,degas,100,100,0.99,0.02,#3F3F3F,#003F00,#BF7F00,#7F003F,#FFBF7F,#BF3F00,#7F3F00,#FFBF3F,#3F3F00,#FF7F00
213616,degas,100,100,0.99,0.01925,#3F003F,#BF7F3F,#FFBFBF,#7F0000,#3F0000,#7F3F3F,#3F3F00,#FFFFBF,#BFBF7F,#BF3F00
213859,degas,100,100,0.99,0.03519,#00003F,#BF3F3F,#3F3F3F,#3F0000,#BF7F7F,#7F3F3F,#FFBF7F,#BF7F3F,#3F003F,#3F003F
213442,degas,100,100,0.99,0.01746,#3F3F00,#3F003F,#7F7F3F,#3F3F3F,#BF3F00,#3F3F3F,#7F3F00,#FF3F00,#7F3F00,#FF7F3F
213664,degas,100,100,0.99,0.01879,#7F003F,#3F3F00,#BFBFBF,#7F3F3F,#3F0000,#3F3F3F,#FFFFFF,#7F7F7F,#3F3F3F,#BF7F7F
213596,degas,100,100,0.99,0.03795,#3F0000,#FFBF7F,#BF7F3F,#003F3F,#7F003F,#FFFFBF,#7F3F3F,#BF3F00,#FFBFBF,#3F3F00
213599,degas,100,100,0.99,0.0155,#000000,#BF7F3F,#3F3F00,#7F7F7F,#3F3F00,#7F3F3F,#BFBF7F,#BF7F7F,#7F7F3F,#7F3F3F
213600,degas,100,100,0.99,0.51295,#BFBF7F,#3F0000,#7F3F00,#7F7F7F,#BF7F3F,#FFBF3F,#BFBFBF,#3F3F00,#FFBF7F,#7F7F3F
213613,degas,100,100,0.99,0.37643,#FFFF3F,#7F7F3F,#7F3F00,#BF7F3F,#FFBF3F,#7F7F3F,#000000,#3F3F00,#BFBF3F,#7F3F3F
213619,degas,100,100,0.99,0.15764,#BF7F7F,#3F0000,#FFBFBF,#BF7F3F,#FFBF7F,#BFBF7F,#7F7F7F,#7F3F00,#3F0000,#BFBFBF
213678,degas,100,100,0.99,1.5,#BFBFBF,#7F7F3F,#7F3F3F,#3F3F3F,#7F7F7F,#BF7F3F,#BFBF7F,#3F3F3F,#FFFFFF,#7F3F3F
213681,degas,100,100,0.99,0.15397,#3F003F,#3F7FBF,#3F3F3F,#7F7F7F,#000000,#7F3F3F,#3F7F7F,#3F3F3F,#BFBF7F,#3F3F7F
213691,degas,100,100,0.99,0.11593,#7F3F00,#3F3F00,#BF7F3F,#3F3F00,#00003F,#7F3F3F,#7F7F3F,#FF7F3F,#BFBF7F,#BF3F00
213719,degas,100,100,0.99,0.08646,#7F3F3F,#3F3F00,#BF7F3F,#3F3F00,#7F3F00,#3F3F00,#FFBF7F,#7F7F3F,#3F3F3F,#FFFFBF
213720,degas,100,100,0.99,1.17857,#BF3F00,#FFBF3F,#7F3F3F,#BFBF7F,#3F3F00,#FFBF7F,#BF7F3F,#7F3F3F,#7F7F00,#3F0000
213811,degas,100,100,0.99,1.25316,#FFBFBF,#7F3F00,#FFFFFF,#BF7F7F,#3F3F00,#BF7F3F,#FFBFFF,#7F3F3F,#BF3F00,#BF3F3F
213884,degas,100,100,0.99,0.24146,#7F7F7F,#7F7F3F,#003F00,#3F3F00,#BFBF7F,#BF7F3F,#7F3F00,#BFBFBF,#7F7F00,#7F3F3F
213286,degas,100,100,0.99,0.08855,#3F3F3F,#7F3F3F,#BF7F3F,#7F3F3F,#3F3F00,#7F7F3F,#3F3F00,#FFBF7F,#BF7F3F,#FF7F00
213287,degas,100,100,0.99,0.07586,#3F0000,#7F3F3F,#3F003F,#BF7F3F,#3F3F00,#7F7F7F,#7F7F00,#FFBF7F,#7F3F3F,#BF7F3F
213288,degas,100,100,0.99,0.37786,#3F3F00,#BF7F3F,#7F3F00,#3F3F00,#FFBF7F,#7F7F7F,#7F7F00,#BF3F00,#BF7F00,#FF7F00
213289,degas,100,100,0.99,0.04916,#BF7F3F,#3F0000,#7F3F00,#BF7F00,#FFBF3F,#000000,#3F3F00,#FF7F00,#BF3F00,#7F7F00
213290,degas,100,100,0.99,0.06089,#3F3F3F,#BF7F3F,#7F3F00,#3F0000,#BF3F00,#FF7F3F,#3F3F00,#BF7F3F,#7F3F00,#FF7F3F
213308,degas,100,100,0.99,0.09331,#7F3F00,#3F0000,#BF7F3F,#BF3F00,#3F0000,#7F003F,#3F3F00,#FFBF7F,#BF7F3F,#7F3F3F
213668,degas,100,100,0.99,0.0653,#3F3F00,#FFBF7F,#3F0000,#BF7F3F,#7F3F3F,#FFFFBF,#BFBF7F,#7F3F00,#7F7F3F,#3F0000
213669,degas,100,100,0.99,0.03974,#003F3F,#BF7F3F,#7F3F00,#3F0000,#7F003F,#BFBF3F,#FFFFBF,#FFBF3F,#BF3F00,#7F3F3F
213685,degas,100,100,1.0,0.46948,#FFFFFF,#003F00,#BF7F7F,#BFBFBF,#3F3F3F,#FFBFBF,#7F7F7F,#FFFFBF,#7F3F3F,#7F3F7F
213710,degas,100,100,0.99,0.24874,#7F7FBF,#7F3F00,#BFBF7F,#7F3F00,#FF7F3F,#3F3F7F,#000000,#BFBFBF,#BF3F00,#BF7F7F
213805,degas,100,100,0.99,0.06298,#7F7F3F,#FFFFBF,#00003F,#BFBF7F,#BFBFBF,#FFFFFF,#3F3F3F,#7F7F7F,#BFFFFF,#3F3F00
213307,degas,100,100,0.99,0.04776,#3F3F3F,#000000,#7F7F7F,#3F003F,#3F3F00,#FF7F3F,#7F7F3F,#FFBF7F,#7F3F00,#7F3F3F
213470,degas,100,100,0.99,0.05437,#FFBFBF,#3F3F00,#003F3F,#7F7F3F,#FFBF7F,#3F0000,#3F3F3F,#FFFFBF,#7F3F00,#BFBF7F
213505,degas,100,100,0.99,0.01767,#3F3F00,#7F7F3F,#3F3F00,#FFBF00,#7F3F3F,#FFBFBF,#BF3F3F,#3F3F00,#BF7F7F,#7F3F3F
213530,degas,100,100,0.99,0.02614,#3F0000,#7F3F3F,#00003F,#BF7F7F,#BF3F00,#7F3F3F,#BF7F3F,#7F7F3F,#FFBF7F,#3F3F00
213576,degas,100,100,0.99,0.02851,#3F3F00,#7F7F7F,#3F3F00,#3F3F3F,#3F7F3F,#3F7F00,#7FBFBF,#3F3F3F,#7F3F00,#3F3F00
213702,degas,100,100,0.99,0.02712,#3F0000,#7F7F7F,#3F3F3F,#FFFFFF,#BF7F3F,#BFBFBF,#3F0000,#FFBFBF,#3F3F00,#7F3F00
213443,degas,100,100,0.99,0.13885,#7F7F7F,#003F00,#3F3F3F,#7F3F3F,#BF7F7F,#7F7F3F,#3F3F00,#3F3F00,#BF7F3F,#FFBF7F
213527,degas,100,100,0.99,0.10976,#BF7F3F,#00003F,#7F3F3F,#BFBF7F,#7F7F3F,#3F3F00,#3F3F3F,#FFFF7F,#3F3F00,#BF7F7F
213663,degas,100,100,0.99,0.05305,#000000,#BF7F00,#7F3F00,#BF7F3F,#3F3F00,#FFBF3F,#7F7F3F,#3F3F00,#7F3F3F,#7F7F00
213760,degas,100,100,0.99,0.03754,#7F3F00,#FFFFBF,#3F0000,#7F7F3F,#BFBF7F,#3F3F00,#3F3F3F,#BFBF3F,#3F3F3F,#BFBFBF
213548,degas,100,100,0.99,0.04644,#003F3F,#FF7F3F,#7F3F00,#FFFF7F,#3F3F00,#FFBF7F,#FFFFBF,#BF7F3F,#FFBF3F,#3F3F00
213260,degas,100,100,0.99,0.12807,#FFBF3F,#3F3F00,#BF7F3F,#FFFFBF,#7F7F3F,#00003F,#7F3F00,#BF7F3F,#BFBF7F,#3F3F3F
213444,degas,100,100,0.99,0.02476,#3F3F00,#3F3F3F,#7F7F00,#3F3F3F,#7F3F00,#BF7F00,#7F0000,#BFBF7F,#7F7F3F,#BF3F00
213459,degas,100,100,0.99,0.03144,#000000,#BF7F3F,#FFBF7F,#7F3F00,#3F3F00,#7F7F3F,#3F3F3F,#BFBFFF,#FFBF3F,#BFBF3F
213589,degas,100,100,0.99,0.05752,#BF3F00,#00003F,#BFBF7F,#7F7F3F,#7F3F3F,#3F003F,#BF7F3F,#7F3F3F,#3F3F00,#BF7F7F
213595,degas,100,100,0.99,0.10041,#BF7F7F,#3F0000,#BF7F3F,#7F3F3F,#3F3F3F,#FFBF7F,#7F003F,#FF7F3F,#BFBF7F,#7F7F3F
213607,degas,100,100,0.99,0.05719,#7F3F3F,#FFFF7F,#3F003F,#00003F,#3F3F00,#BF7F3F,#FFFFBF,#FFBF7F,#FFBF3F,#7F3F3F
213648,degas,100,100,0.99,0.23131,#003F00,#BFBFBF,#7F7F3F,#3F3F3F,#3F3F3F,#BF7F3F,#7F3F3F,#7F3F00,#FFFFFF,#7F7F7F
213666,degas,100,100,0.99,0.01702,#FFBFBF,#3F0000,#7F3F3F,#BFBF7F,#7F7F3F,#3F003F,#BF7F7F,#BFBFBF,#3F3F3F,#3F003F
213687,degas,100,100,0.99,0.3311,#FFFFFF,#3F3F3F,#BFBFBF,#7F7F7F,#00003F,#FFBFBF,#FFFFBF,#BF7F7F,#00003F,#7F3F7F
213688,degas,100,100,1.0,0.30581,#00003F,#FFFFFF,#BFBFBF,#7F3F3F,#7F7F7F,#3F3F3F,#FFBFBF,#FFFFBF,#BF7F7F,#3F003F
213750,degas,100,100,0.99,0.0987,#FFBF3F,#3F3F00,#3F003F,#7F3F3F,#00003F,#BF7F00,#BF3F00,#FFBF7F,#7F7F00,#7F3F3F
213451,degas,100,100,0.99,0.02506,#3F3F00,#3F3F00,#7F7F7F,#BF7F3F,#FFBFBF,#3F003F,#7F3F00,#FFBF7F,#7F3F3F,#BF7F7F
213453,degas,100,100,0.99,0.04474,#FFBF3F,#3F3F00,#000000,#BF0000,#7F003F,#BF7F3F,#3F0000,#7F3F3F,#3F3F3F,#FF0000
213461,degas,100,100,0.99,0.94286,#FFFFBF,#7F3F00,#FFBF3F,#BF7F3F,#FFBF7F,#3F0000,#7F7F3F,#7F3F3F,#BFBF7F,#BFBF3F
213471,degas,100,100,0.99,0.02225,#003F00,#7F3F3F,#BF7F7F,#3F0000,#FF7F3F,#3F3F3F,#7F3F3F,#BF3F00,#7F3F3F,#FFFFBF
213590,degas,100,100,0.99,0.03096,#FFFFFF,#00003F,#BF7F7F,#7F3F3F,#3F0000,#FFBFBF,#7F0000,#7F7F7F,#BFBFBF,#3F003F
213647,degas,100,100,0.99,0.17308,#3F3F3F,#7F3F3F,#7F3F3F,#BF7F3F,#3F3F00,#BF7F7F,#7F3F00,#003F00,#BF3F3F,#BF3F3F
213665,degas,100,100,0.99,0.02317,#3F0000,#7F7F7F,#3F3F3F,#7F3F3F,#7F0000,#BFBFBF,#FFBF7F,#3F3F3F,#BF7F7F,#FFFFFF
213810,degas,100,100,0.99,0.03004,#7F3F3F,#003F00,#FFBF7F,#3F3F00,#3F3F3F,#7F3F3F,#BF7F3F,#BFBF7F,#FFBF3F,#BF3F00
213472,degas,100,100,0.99,0.25781,#3F003F,#BF7F3F,#3F3F3F,#7F3F3F,#FF7F3F,#FFBF7F,#BF3F3F,#000000,#FF7F7F,#3F3F3F
213479,degas,100,100,0.99,0.10843,#7F3F3F,#FFBF3F,#3F3F3F,#7F7F3F,#3F003F,#BF7F3F,#7F3F3F,#003F3F,#3F3F3F,#FFBF7F
213605,degas,100,100,0.99,0.06211,#3F0000,#BFBFBF,#BF7F3F,#7F3F3F,#FFBF7F,#7F7F7F,#003F3F,#3F3F3F,#FFFFFF,#FF7F7F
213509,degas,100,100,0.99,0.01899,#3F0000,#BF7F3F,#00003F,#3F3F3F,#7F3F00,#BF7F7F,#FFBFBF,#7F3F3F,#BF3F00,#7F7F3F
9223372032559837904,degas,100,100,0.99,1.28571,#FFBFBF,#7F3F3F,#FFFFFF,#BFBF7F,#FFBF7F,#3F0000,#BF7F7F,#BF7F3F,#7F7F7F,#BFBFBF
213450,degas,100,100,0.99,0.01926,#BF7F3F,#3F0000,#7F3F00,#3F3F00,#BF3F00,#7F3F00,#BF3F00,#3F3F00,#7F7F3F,#BFBF7F
213454,degas,100,100,0.99,0.05673,#3F3F3F,#FFFFFF,#3F0000,#FFBFBF,#BF7F7F,#FFFFBF,#BFBF7F,#3F3F00,#7F3F3F,#3F3F00
213476,degas,100,100,0.99,0.01147,#00003F,#BFBFBF,#3F3F3F,#7F7F7F,#00003F,#FFFFFF,#FFBFBF,#BF7F7F,#3F003F,#7F3F3F
213542,degas,100,100,0.99,0.5,#7F3F00,#7FBFBF,#BF7F00,#3F7F7F,#BFBF7F,#7F7F00,#000000,#FFFFBF,#BFBF00,#3F7FBF
213545,degas,100,100,0.99,0.04077,#BF7F3F,#3F3F00,#3F3F00,#7F3F3F,#3F3F3F,#7F7F3F,#7F3F00,#FFBF7F,#3F3F3F,#7F3F00
213554,degas,100,100,0.99,0.12692,#7F7F3F,#3F3F3F,#BFBFFF,#3F3F3F,#BFBF7F,#7F3F3F,#3F3F3F,#7F7F7F,#3F3F3F,#FFFFFF
213604,degas,100,100,0.99,0.02681,#7F3F00,#3F0000,#3F3F3F,#BF7F3F,#3F3F00,#BF3F00,#7F0000,#BF7F00,#FFBF7F,#7F3F3F
213638,degas,100,100,0.99,0.84615,#7F3F3F,#BFBFBF,#3F3F00,#BF7F7F,#7F3F3F,#7F0000,#7F7F7F,#BFBF7F,#3F3F00,#7F7F3F
213661,degas,100,100,0.99,0.02335,#7F3F3F,#3F3F3F,#7F7F3F,#3F3F3F,#3F3F3F,#BF7F3F,#7F3F3F,#7F7F3F,#FFFFFF,#3F3F3F
213679,degas,100,100,0.99,0.04319,#3F3F00,#BF7F7F,#7F3F00,#000000,#3F3F00,#FFBFBF,#7F3F3F,#3F3F3F,#BFBFBF,#7F7F7F
213738,degas,100,100,0.99,0.01722,#000000,#BF7F7F,#3F3F3F,#BF7F3F,#7F7F7F,#3F0000,#3F3F00,#FFBF7F,#FF7F3F,#BFBFBF
213329,degas,100,100,0.99,19.8,#BF7F3F,#BF7F7F,#7F7F7F,#BFBF7F,#BFBF3F,#3F3F00,#FFBF7F,#BFBFBF,#7F7F3F,#7F3F00
213458,degas,100,100,0.99,0.02885,#00003F,#BF7F3F,#003F3F,#FFBFBF,#7F3F3F,#BF7F7F,#3F0000,#3F3F3F,#FFBF7F,#FF7F7F
213490,degas,100,100,0.99,1.03125,#BF7F3F,#3F3F3F,#3F7FBF,#3F3F7F,#7F7F3F,#7F3F3F,#3F3F3F,#003FBF,#3F3F7F,#3F7F7F
213493,degas,100,100,0.99,0.04965,#7F7F3F,#003F00,#FFBFBF,#3F3F3F,#BF7F7F,#7F7F7F,#7F3F3F,#BFBF7F,#FFFFFF,#3F3F00
213533,degas,100,100,0.99,0.09574,#7F3F3F,#3F0000,#BF7F7F,#BF3F3F,#000000,#7F7F3F,#BF7F3F,#3F3F3F,#7F0000,#BFBF7F
213538,degas,100,100,0.99,0.09792,#FFBF7F,#3F3F00,#BF7F3F,#3F3F3F,#FFFF7F,#7F3F00,#FFFFBF,#FFBF3F,#3F0000,#7F7F00
213556,degas,100,100,0.99,0.03725,#7F3F3F,#003F3F,#FFBF7F,#BF7F3F,#3F0000,#7F7F3F,#FFFFBF,#3F3F3F,#3F3F3F,#FFBF3F
213608,degas,100,100,0.99,0.06153,#BF7F3F,#3F0000,#FFBF3F,#7F3F3F,#FFFFBF,#FFBF7F,#7F0000,#3F0000,#7F7F7F,#BF3F3F
213693,degas,100,100,0.99,0.18436,#7F3F3F,#3F0000,#FFBFBF,#3F3F00,#BF7F7F,#3F3F3F,#7F7F00,#7F3F00,#BFBF7F,#003F00
213853,degas,100,100,0.99,0.20287,#7F7F3F,#FFBFBF,#000000,#FFFFBF,#BFBF7F,#FFBF7F,#3F3F00,#7F3F3F,#BF7F3F,#FFFFFF
213579,degas,100,100,0.99,0.01582,#7F7F3F,#003F3F,#FFBF7F,#3F3F00,#7F3F00,#3F3F00,#BF7F3F,#FFFFBF,#BFBF7F,#7F3F3F
213291,degas,100,100,1.0,0.76336,#FFFFFF,#7F7F7F,#BFBFBF,#3F3F3F,#000000,#FFBFBF,#BF7F7F,#FFFFBF,#7F3F3F,#BFBF7F
213445,degas,100,100,0.99,0.01922,#BFBF7F,#3F3F00,#3F003F,#BF3F3F,#FFFFFF,#7F3F00,#BF7F3F,#BF7F00,#FFFFBF,#3F3F00
213535,degas,100,100,0.99,0.12874,#3F3F3F,#FF7F3F,#7F3F3F,#3F003F,#3F0000,#BF3F3F,#3F003F,#BF7F3F,#FF3F3F,#7F7F3F
213547,degas,100,100,1.0,4.16667,#FFFFFF,#7F3F3F,#BFBFBF,#7F7F7F,#3F3F3F,#FFBFBF,#003F00,#BF7F7F,#FFFFBF,#BFBF7F
213557,degas,100,100,0.99,0.08049,#7F3F00,#003F3F,#7F3F3F,#3F003F,#7F7F7F,#3F3F3F,#BF7F7F,#7F7F3F,#3F3F3F,#BFBF7F
213602,degas,100,100,0.99,0.44796,#BF7F7F,#3F3F3F,#7F7F3F,#BFBF7F,#FFFFBF,#000000,#3F3F3F,#7F7F7F,#BFBFBF,#7F3F3F
213724,degas,100,100,0.99,0.1313,#BF7F3F,#3F3F00,#FFFFFF,#7F3F3F,#7F3F00,#3F3F3F,#003F3F,#3F3F3F,#7F7F3F,#BFBF7F
213352,degas,100,100,0.99,0.15994,#BFBF7F,#3F3F00,#3F0000,#7F7F3F,#FFFFBF,#BFBFBF,#3F7F3F,#7F7F7F,#00003F,#BF7F7F
213488,degas,100,100,0.99,0.09209,#3F3F3F,#BFBF7F,#FFFFBF,#7F3F00,#7F7F3F,#BF7F3F,#003F3F,#FFFFFF,#3F3F00,#FFBF7F
213356,degas,100,100,0.99,0.5625,#3F0000,#BF7F7F,#7F3F3F,#BFBFBF,#3F3F3F,#BF7F3F,#BFBF7F,#7F7F3F,#FFFFFF,#7F7F7F
213469,degas,100,100,0.99,0.05175,#FFBF7F,#3F3F3F,#3F3F3F,#BF7F3F,#3F3F00,#3F003F,#7F3F3F,#FFBFBF,#BF7F7F,#BFBF7F
213487,degas,100,100,0.99,0.10543,#7F3F00,#FFBFBF,#000000,#3F3F00,#7F7F3F,#FFBF7F,#BFBFBF,#3F3F3F,#7F3F3F,#BFBF7F
213495,degas,100,100,0.99,0.02083,#3F003F,#BFBF7F,#3F0000,#7F3F3F,#3F3F00,#BF7F3F,#7F3F3F,#FFFFFF,#7F7F3F,#FFBF7F
213778,degas,100,100,0.99,0.06483,#3F3F00,#7FBFFF,#7F003F,#BFBF7F,#3F3F00,#7F3F3F,#BF7F3F,#7F7FBF,#3F3F3F,#3F3F3F
213803,degas,100,100,0.99,0.1358,#3F3F00,#BFBF7F,#FFBF7F,#FFFFBF,#7F7F3F,#3F3F00,#FFBFBF,#000000,#FF7F3F,#7F3F00
213323,degas,100,100,0.99,0.01437,#7F3F3F,#003F3F,#7F7F3F,#3F3F00,#3F3F00,#BFBF3F,#7F3F3F,#BF7F3F,#3F3F3F,#7F7F3F
213606,degas,100,100,0.99,0.01856,#003F3F,#7F7F3F,#3F3F00,#FFFFBF,#7F3F3F,#BF7F3F,#7F3F00,#BFBFBF,#3F3F3F,#3F3F3F
213256,degas,100,100,0.99,0.09313,#BFFFBF,#3F003F,#FFFF3F,#7F7F3F,#FFFFBF,#FFFF7F,#003F00,#BFBF3F,#3F3F00,#BF7F3F
213261,degas,100,100,0.99,1.47761,#BF3F3F,#7F3F3F,#3F003F,#BF003F,#7F3F3F,#3F0000,#BF7F3F,#FF3F00,#7F3F3F,#BF3F3F
213304,degas,100,100,0.99,0.05277,#BFBFBF,#3F3F00,#BF7F3F,#3F3F00,#BFBF7F,#7F3F00,#3F0000,#FFBFBF,#BF7F7F,#3F3F3F
213322,degas,100,100,0.99,0.01592,#00003F,#FFBF3F,#3F3F00,#7F7F3F,#3F3F00,#7F3F00,#BF7F00,#BFBF3F,#FFFF7F,#7F7F00
213335,degas,100,100,0.99,0.06992,#BFBFBF,#003F00,#BFFFFF,#3F3F3F,#BFBFFF,#003F00,#7F7F3F,#7FBFBF,#3F3F3F,#FFFFFF
213348,degas,100,100,0.99,1.35616,#FFBF7F,#3F003F,#BF3F00,#7F3F3F,#BF7F3F,#BF7F00,#7F0000,#7F3F3F,#3F3F00,#7F7F3F
213357,degas,100,100,0.99,0.396,#3F3F00,#BFBF7F,#7F7F3F,#FFBF7F,#BF7F3F,#000000,#7F3F00,#7F3F3F,#BFBFBF,#FFBF3F
213386,degas,100,100,0.99,0.23131,#3F003F,#BF7F7F,#7F3F3F,#FFBF7F,#7F7F7F,#BFBFBF,#3F3F3F,#3F3F00,#FFBFBF,#7F7FBF
213388,degas,100,100,0.99,0.71739,#BFBF7F,#7F3F3F,#FFFF7F,#FFBFBF,#FFBF7F,#FFFFBF,#BF7F7F,#BF7F3F,#000000,#FFBF3F
213416,degas,100,100,0.99,0.12437,#FFFFBF,#7F7F3F,#3F3F3F,#BFBF7F,#000000,#3F7F3F,#7F7F7F,#7FBF7F,#FFBF7F,#BF7F7F
213483,degas,100,100,0.99,0.01962,#3F0000,#BF7F3F,#3F3F3F,#003F00,#BFBF7F,#7F3F3F,#7F7F7F,#3F3F3F,#7F7F3F,#7FBF7F
213541,degas,100,100,0.99,0.01684,#FF7F3F,#003F3F,#FFFFBF,#7F3F00,#FFBF7F,#3F3F00,#FFFF7F,#3F3F3F,#BF3F00,#FFBF3F
213558,degas,100,100,0.99,0.01835,#3F0000,#7F7F3F,#3F3F00,#FFBF7F,#3F7F3F,#003F00,#BF7F3F,#3F3F3F,#7F7F7F,#3F003F
213626,degas,100,100,0.99,3.41379,#FFBF7F,#3F0000,#FFFFFF,#BF7F00,#FFFF7F,#7F7F3F,#7F3F00,#BFBF3F,#FFBF3F,#FFFF3F
213814,degas,100,100,0.99,0.0517,#7F3F3F,#BFBF7F,#3F3F00,#3F0000,#7F7F3F,#3F3F00,#BF7F7F,#FFFFBF,#BFBFBF,#7F0000
213817,degas,100,100,0.99,0.0359,#3F0000,#FFFFBF,#BF7F3F,#3F3F00,#7F3F00,#7F3F00,#BFBFBF,#FFBFBF,#7F3F3F,#BF7F7F
213861,degas,100,100,0.99,0.08454,#3F003F,#7F7F3F,#7F3F00,#BF7F3F,#3F3F3F,#FFBF7F,#7F3F3F,#3F3F00,#BF7F7F,#7F7F7F
213863,degas,100,100,0.99,0.02345,#3F3F00,#BFBF3F,#3F0000,#7F7F3F,#3F3F3F,#BF7F3F,#3F3F3F,#3F3F3F,#FFBF3F,#7F3F00
213886,degas,100,100,0.99,0.07112,#BF7F3F,#3F0000,#3F003F,#FF7F3F,#7F7F7F,#3F0000,#BFBFBF,#BF7F00,#7F3F00,#BF3F00
213358,degas,100,100,0.99,0.40741,#7F7F3F,#7FBFFF,#BFFFFF,#7F7F3F,#3F3F00,#7F3F00,#BFBF7F,#3F003F,#3F7F7F,#FFFFFF
213324,degas,100,100,0.99,3.09375,#7F7F7F,#3F3F00,#BFBFBF,#7F7F3F,#BFBF7F,#7F3F3F,#FFFFFF,#3F3F00,#FFFF7F,#BF7F7F
213354,degas,100,100,0.99,0.28779,#FFBFBF,#7F3F3F,#BFBF7F,#7F3F00,#BF7F3F,#00003F,#FFFFBF,#BFBFBF,#BF7F7F,#3F3F00
213540,degas,100,100,0.99,0.19565,#FF7F3F,#7F3F3F,#FFFFBF,#00003F,#BF7F3F,#FFBF7F,#3F3F3F,#7F7F3F,#BF7F7F,#FF7F7F
213592,degas,100,100,0.99,0.08777,#3F3F00,#BF7F7F,#7F7F3F,#3F3F3F,#3F3F3F,#BFBF7F,#7F3F3F,#3F3F3F,#BF7F3F,#FFBF7F
213612,degas,100,100,0.99,0.03139,#000000,#7F3F00,#FFBF3F,#3F0000,#3F3F00,#BF7F3F,#BF7F3F,#7F7F00,#BF003F,#7F003F
213621,degas,100,100,0.99,0.53804,#BFBF7F,#7F3F3F,#BFFFFF,#7F7F7F,#BF7F3F,#7F7F3F,#3F3F3F,#FFFFFF,#7FBF7F,#000000
213654,degas,100,100,0.99,0.19682,#3F3F7F,#BFBFBF,#00003F,#3F3F7F,#3F7F7F,#FFFFFF,#3F3F3F,#003F3F,#7F7F7F,#003F3F
213709,degas,100,100,0.99,0.03723,#3F3F00,#BF7F00,#FFFFFF,#7F3F00,#3F0000,#3F3F00,#7F7F3F,#FFBF7F,#BFBF3F,#BF3F00
213713,degas,100,100,0.99,0.132,#BF7F3F,#3F3F3F,#7F3F3F,#3F3F3F,#7F7F3F,#7F3F3F,#3F003F,#3F3F3F,#FFBF3F,#BFBF7F
213727,degas,100,100,0.99,0.01836,#BFBFBF,#3F003F,#7F3F00,#BF7F3F,#FFFFFF,#FFBFBF,#7F7F7F,#3F0000,#BF7F7F,#BFBF7F
213735,degas,100,100,0.99,0.08042,#BF7F3F,#3F3F3F,#7F3F3F,#FFBF7F,#7F7F3F,#3F003F,#BF7F3F,#3F3F00,#BF3F00,#7F3F3F
213736,degas,100,100,0.99,0.20668,#BF7F3F,#3F0000,#FFFFFF,#7F3F00,#BFBF7F,#7F7F00,#3F3F00,#3F0000,#FFBF7F,#7F3F3F
213741,degas,100,100,0.99,0.25063,#7F3F00,#FFBF7F,#FF7F00,#BFBF3F,#FFBF3F,#000000,#FFBF3F,#BFBF7F,#FFFF7F,#BF7F00
213854,degas,100,100,0.99,0.06707,#3F3F3F,#BFBF7F,#3F003F,#7F7F3F,#FFFFBF,#3F0000,#3F3F00,#BFBFBF,#7F7F7F,#BF7F7F
213873,degas,100,100,0.99,0.13827,#3F3F3F,#BF7F7F,#BF7F3F,#FFFFBF,#003F3F,#BFBF7F,#7F3F00,#FFBF7F,#3F0000,#7F7F3F
9223372032559848622,degas,100,100,0.99,0.09649,#000000,#FFBFBF,#7F3F00,#3F3F00,#3F3F00,#FFFFFF,#BF7F00,#FFFFBF,#7F7F00,#7F3F3F
213360,degas,100,100,0.99,0.30556,#FFBF7F,#7F3F00,#3F0000,#BFBF3F,#FFFF7F,#FFBF3F,#BFBF7F,#BF7F00,#000000,#7F7F3F
213455,degas,100,100,0.99,0.04234,#3F3F3F,#FFBF7F,#7F7F3F,#3F3F00,#BFBF7F,#BF7F3F,#BFBF3F,#BF3F00,#FFFFBF,#3F0000
213460,degas,100,100,0.99,0.04708,#3F3F00,#BF7F3F,#000000,#7F7F3F,#3F3F3F,#7F3F3F,#FFBF7F,#7F3F00,#3F7F3F,#7F7F00
213552,degas,100,100,0.99,0.01923,#3F003F,#BF7F7F,#3F3F00,#3F0000,#7F3F00,#BF7F3F,#7F7F3F,#7F0000,#7F3F3F,#BFBF7F
213622,degas,100,100,0.99,0.09602,#FFBFBF,#3F3F00,#FFFFFF,#7F3F3F,#3F003F,#3F003F,#BF7F00,#FFFFBF,#7F7F00,#7F3F3F
213697,degas,100,100,0.99,0.34737,#7F3F00,#FFFFBF,#FFBF3F,#3F3F00,#BF7F3F,#FFBF7F,#3F3F00,#FFFFFF,#BF7F3F,#003F3F
213714,degas,100,100,0.99,0.07366,#3F3F3F,#BF7F3F,#3F0000,#7F3F3F,#7F7F3F,#BFBF7F,#7F3F00,#3F3F00,#3F3F00,#FFBFBF
213717,degas,100,100,0.99,0.20668,#3F3F3F,#BF7F7F,#7F7F3F,#7F7F7F,#3F3F00,#7F3F3F,#BFBF7F,#00003F,#BFBFBF,#3F3F3F
213744,degas,100,100,0.99,0.03873,#3F003F,#FFBF7F,#7F3F3F,#3F0000,#7F7F3F,#BF7F7F,#FFBFBF,#7F0000,#BF7F3F,#3F3F00
213317,degas,100,100,0.99,0.03207,#7F7F3F,#003F00,#3F3F00,#BFBF3F,#7F3F00,#7F7F3F,#BF7F3F,#3F3F3F,#BFBF7F,#3F3F3F
213485,degas,100,100,0.99,0.01791,#3F0000,#3F3F3F,#00003F,#BFBFBF,#BF7F3F,#7F3F3F,#7F7F7F,#FFFFFF,#3F3F3F,#BF3F3F
213536,degas,100,100,0.99,0.02394,#3F0000,#BF7F3F,#7F3F3F,#FFBFBF,#3F3F3F,#7F7F3F,#BFBF7F,#3F0000,#00003F,#BF7F7F
213539,degas,100,100,0.99,0.02007,#7F7F3F,#000000,#BFBF7F,#3F3F00,#7F7F3F,#BFBF3F,#7F3F00,#3F3F3F,#BF7F00,#FFFFBF
213582,degas,100,100,0.99,0.25849,#003F00,#BFBF7F,#7F3F3F,#BF7F7F,#3F3F00,#3F3F3F,#7F7F3F,#BF7F3F,#FFFFFF,#7F3F3F
213586,degas,100,100,0.99,0.1284,#7F3F00,#BF7F3F,#3F0000,#7F7F3F,#3F0000,#3F3F00,#FFBF00,#BF7F3F,#7F3F3F,#7F7F00
213598,degas,100,100,0.99,0.10691,#3F3F3F,#3F3F3F,#7F7F7F,#7F3F00,#3F3F00,#3F3F00,#7F3F3F,#BF7F7F,#7F7F3F,#BFBF7F
213625,degas,100,100,0.99,0.05156,#3F3F00,#FFBF3F,#3F3F00,#FFFFFF,#3F3F3F,#7F7F3F,#BF7F3F,#FF3F00,#3F3F3F,#7F3F00
213795,degas,100,100,0.99,0.61875,#7F3F3F,#FFFFFF,#BFBFBF,#3F0000,#BF7F7F,#3F3F3F,#7F7F3F,#7F7F7F,#FFBFBF,#BF7F3F
213858,degas,100,100,0.99,0.05619,#BF7F7F,#3F003F,#FF7F7F,#3F3F3F,#000000,#FF7F3F,#FFBF7F,#7F3F3F,#3F3F3F,#BF7F3F
213382,degas,100,100,0.99,0.13562,#7F3F3F,#3F3F00,#BF7F7F,#00003F,#3F0000,#FFBF7F,#7F7F3F,#7F3F3F,#BF3F3F,#BF7F3F
213482,degas,100,100,0.99,0.01805,#3F3F00,#7F7F3F,#BFBF7F,#7F3F3F,#3F3F3F,#3F0000,#3F3F3F,#BF7F3F,#BF7F7F,#7F3F3F
213496,degas,100,100,0.99,0.01172,#7F3F3F,#000000,#BF7F3F,#3F0000,#7F3F00,#3F3F3F,#FF7F3F,#BF3F00,#BFBF7F,#3F3F3F
213694,degas,100,100,0.99,0.03115,#BF7F3F,#00003F,#3F3F00,#7F7F3F,#BFBF7F,#3F3F3F,#7F7F7F,#3F3F00,#FFFFBF,#7F3F3F
213721,degas,100,100,0.99,0.01578,#3F3F00,#7F7F3F,#3F3F3F,#7F7F7F,#7F3F3F,#3F7F7F,#3F3F00,#3F7F3F,#3F3F3F,#BF7F3F
213745,degas,100,100,0.99,0.05699,#3F0000,#7F7F3F,#3F3F3F,#BFBF7F,#3F7F3F,#BFFF7F,#3F3F3F,#3F003F,#7FBF7F,#003F3F
213875,degas,100,100,0.99,0.15968,#BFBF3F,#7F3F3F,#003F3F,#7F7F3F,#3F3F3F,#7F7F7F,#BF7F3F,#BF7F7F,#3F3F3F,#3F3F3F
213397,degas,100,100,0.99,0.03312,#3F3F3F,#003F00,#7F7F3F,#3F3F00,#3F3F3F,#7F3F3F,#7F3F00,#7F7F00,#BF7F00,#BF7F3F
213707,degas,100,100,0.99,0.10808,#FF7F3F,#3F3F3F,#7F3F3F,#3F0000,#FFBFBF,#7F7F7F,#7F7F3F,#FFBF7F,#3F3F3F,#BF3F3F
9223372032559838153,degas,100,100,0.99,0.09621,#BFFFBF,#3F3F3F,#00003F,#7F7F3F,#BFBF7F,#3F3F3F,#7F3F3F,#BF7F3F,#3F7F3F,#3F3F00
213273,degas,100,100,0.99,0.05868,#BF7F00,#3F0000,#BFBFBF,#7F7F7F,#3F3F00,#3F3F3F,#3F3F3F,#7F3F00,#FFFFFF,#7F7F00
213295,degas,100,100,0.99,0.04935,#3F3F00,#BFBF7F,#003F3F,#FFBF7F,#FFBFBF,#7F3F3F,#3F3F3F,#BF7F3F,#BF7F7F,#FFFFFF
213305,degas,100,100,0.99,0.03761,#000000,#7F7F7F,#3F3F3F,#FFBFBF,#7F3F3F,#BF7F7F,#3F3F3F,#3F3F3F,#7F3F7F,#3F3F3F
213312,degas,100,100,0.99,1.04211,#7F3F3F,#BF7F3F,#3F3F3F,#BFBF3F,#3F3F3F,#3F3F3F,#7F7F3F,#7F3F3F,#FFBF7F,#FFFF3F
213328,degas,100,100,0.99,0.08121,#00003F,#FFBF3F,#FFFFFF,#FFFF3F,#BF7F3F,#FFBF7F,#FFFFBF,#3F3F00,#FFFF7F,#7F3F00
213344,degas,100,100,0.99,0.04204,#7F7F7F,#3F0000,#FFFFFF,#BF3F00,#3F3F3F,#FFBF7F,#7F7FFF,#BFBFBF,#000000,#7F3F00
213347,degas,100,100,0.99,0.02502,#3F0000,#BFBF3F,#FFBF3F,#000000,#BF7F3F,#7F3F00,#FFBF7F,#7F7F3F,#7F7F00,#BFBF7F
213363,degas,100,100,0.99,2.91176,#7F7F3F,#FFBFBF,#7F3F3F,#BF7F7F,#3F0000,#BFBF7F,#BFBFBF,#FFBF7F,#FFFFFF,#7F7F7F
213390,degas,100,100,0.99,0.20163,#7F7F3F,#3F3F3F,#BFBFBF,#3F3F3F,#003F3F,#7F7F7F,#BFBF7F,#7F3F3F,#BFBFFF,#FF7F00
213414,degas,100,100,0.99,0.43805,#7F7F3F,#3F0000,#BF7F7F,#3F3F00,#3F0000,#BF7F3F,#7F3F00,#7F3F3F,#BFBF7F,#7F7F7F
213415,degas,100,100,0.99,0.20539,#BF7F7F,#3F3F3F,#FFBFBF,#7F7F7F,#BFBFBF,#000000,#7F3F3F,#FFFFFF,#7F3F7F,#7F7FBF
213436,degas,100,100,0.99,2.10638,#BF7F3F,#3F3F00,#BFBF3F,#FFBF7F,#7F3F3F,#3F003F,#FFBF3F,#7F3F3F,#FFFF7F,#FFBFBF
213532,degas,100,100,0.99,0.04392,#3F3F00,#BF7F7F,#000000,#FFFFFF,#BF7F3F,#7F0000,#3F0000,#7F7F3F,#7F3F3F,#BFBF7F
213543,degas,100,100,0.99,0.04732,#00003F,#FFBF7F,#3F3F3F,#7F7F3F,#00003F,#7F3F3F,#FFFFBF,#FFBF3F,#3F003F,#3F3F3F
213544,degas,100,100,0.99,0.09821,#BF7F3F,#3F3F00,#FFFFBF,#3F3F00,#3F3F00,#FFBF7F,#FFFFFF,#FFBFBF,#7F3F3F,#BF7F7F
213631,degas,100,100,0.99,0.16837,#FFBF3F,#3F3F00,#BF7F3F,#FFBF7F,#3F0000,#7F3F3F,#7F3F00,#3F3F00,#BFBF7F,#FFFFBF
213672,degas,100,100,1.0,0.46296,#BF7F00,#BFBFBF,#3F3F3F,#FFFFFF,#7F7F3F,#BFBF7F,#7F7F7F,#000000,#7F3F00,#BF7F7F
213705,degas,100,100,0.99,0.0377,#FFBF3F,#003F00,#7F3F3F,#BF7F3F,#3F3F00,#FFBF7F,#3F3F00,#BF003F,#7F003F,#BF7F7F
213706,degas,100,100,0.99,9.0,#7F7F7F,#3F3F7F,#FFBFBF,#3F7F7F,#7F3F00,#3F3F3F,#BFBFBF,#FFFFFF,#BF7F3F,#BF7F7F
213725,degas,100,100,0.99,0.825,#BFBF7F,#3F3F3F,#FFFFFF,#FFFF00,#FFFFBF,#7F7F3F,#003F00,#BF7F00,#BFBFBF,#FFFF7F
213742,degas,100,100,0.99,0.21522,#3F003F,#7F3F3F,#BF7F00,#FFBF3F,#3F3F00,#3F3F00,#BF7F3F,#BF3F00,#7F3F3F,#FFBF7F
213783,degas,100,100,0.99,0.03795,#FFFF7F,#00003F,#7F3F3F,#FFFFBF,#3F3F00,#7F7F3F,#BF7F3F,#3F3F00,#7F3F3F,#3F3F3F
213799,degas,100,100,0.99,0.67347,#7F3F00,#BFBF7F,#3F0000,#BF7F00,#FFFFBF,#3F3F00,#FFBF7F,#BF3F00,#FFFFFF,#7F3F3F
213822,degas,100,100,0.99,3.53571,#BF7F7F,#7F3F3F,#7F7F7F,#FFFFFF,#BFBFBF,#7F7F3F,#7F7FBF,#3F3F3F,#BF7F3F,#3F7F7F
213833,degas,100,100,0.99,0.05286,#BF7F3F,#3F003F,#FFFFBF,#BFBF7F,#7F3F3F,#7F7F3F,#00003F,#7F3F00,#3F3F00,#FFBF7F
213847,degas,100,100,0.99,0.17128,#FFBF7F,#3F003F,#BF7F00,#BFBFBF,#7F3F3F,#7F003F,#7F7F7F,#FFFFBF,#BF7F7F,#003F3F
213855,degas,100,100,0.99,0.42857,#7F3F3F,#FFBFBF,#3F3F3F,#FFFFFF,#3F3F3F,#7F7F7F,#3F3F3F,#BF7F3F,#FFBF7F,#7F7F3F
213860,degas,100,100,0.99,0.05116,#3F3F3F,#BFBF3F,#7F3F3F,#3F3F3F,#FFBF3F,#BF7F3F,#7F3F3F,#FFBF7F,#7F3F00,#3F3F00
213878,degas,100,100,0.99,0.90826,#BF3F00,#FFFFFF,#FFBF3F,#3F3F00,#FF7F00,#BF7F3F,#BF7F3F,#7F3F00,#3F3F00,#FFBF7F
213880,degas,100,100,0.99,0.40741,#7F7F3F,#FFFFBF,#003F00,#BFBF7F,#3F3F00,#3F3F3F,#FFFFFF,#BFBF3F,#BFBFBF,#7F3F00
213881,degas,100,100,0.99,0.06207,#3F3F7F,#FFFFBF,#000000,#BFBFBF,#7F7F7F,#3F0000,#3F3F3F,#3F3F3F,#FFBFBF,#7F3F3F
9223372032559848620,degas,100,100,0.99,0.11828,#FFFFFF,#7F3F3F,#003F3F,#BF7F7F,#7F7F3F,#FFBF7F,#3F3F3F,#3F3F3F,#BF7F3F,#FFBFBF
213338,degas,100,100,0.99,0.23077,#7F7F3F,#BFBF7F,#3F3F00,#FFFFBF,#BFBF3F,#3F3F00,#000000,#7FBF7F,#7FBF3F,#BF7F3F
213346,degas,100,100,0.99,0.08654,#FFBF7F,#3F3F3F,#3F3F00,#BFBFBF,#7F7F7F,#3F003F,#7F3F3F,#FFFFFF,#FFBFBF,#BF7F7F
213364,degas,100,100,0.99,0.13655,#3F3F00,#7F7F7F,#3F3F3F,#BFBFFF,#7F7FBF,#BFBFBF,#7F3F3F,#000000,#7F3F7F,#3F3F7F
213383,degas,100,100,0.99,0.06302,#3F3F3F,#7F3F00,#003F00,#BF7F7F,#3F3F00,#7F7F3F,#7F7F7F,#FFBF7F,#BF7F3F,#3F0000
213387,degas,100,100,0.99,0.31132,#7F7F7F,#3F3F3F,#7FBF7F,#BFBF7F,#3F003F,#3F7F3F,#003F3F,#7F7F3F,#3F7F7F,#3F3F00
213391,degas,100,100,1.0,1.49254,#BFFFFF,#7F3F00,#BFBFBF,#3F003F,#7F7F7F,#FFFFBF,#BFBF7F,#FFFFFF,#BF7F7F,#7F7F3F
213407,degas,100,100,1.0,0.4717,#3F3F3F,#BFBF7F,#7F7F7F,#BFBFBF,#FFFFFF,#7F7F3F,#7F3F3F,#BF7F7F,#000000,#3F7F3F
213421,degas,100,100,0.99,0.04088,#00003F,#FFFFFF,#7F7FBF,#000000,#3F3F7F,#3F7FBF,#BF3F3F,#BFBFBF,#3F3F3F,#BFBFFF
213427,degas,100,100,0.99,1.06452,#BFBFBF,#7F3F3F,#7F3F3F,#BF7F3F,#3F0000,#FFFFFF,#7F7F7F,#BFBF7F,#BFBF3F,#7F7F00
213520,degas,100,100,0.99,0.14224,#FFBF3F,#3F3F3F,#7F7F00,#FFFFBF,#7F3F3F,#003F00,#FFBF7F,#3F3F00,#BF7F3F,#7F3F00
213521,degas,100,100,0.99,0.14887,#FFFFBF,#3F3F00,#FFFF3F,#3F0000,#7F7F3F,#7F3F3F,#3F003F,#7F3F3F,#FFFFFF,#FFBF3F
213528,degas,100,100,0.99,0.16071,#3F3F3F,#7FBF7F,#3F3F3F,#7F7F7F,#003F00,#003F00,#FFFFFF,#3F7F3F,#003F3F,#7F7F3F
213671,degas,100,100,0.99,0.23571,#FFFFBF,#3F3F00,#FFBF7F,#3F003F,#FFFFFF,#BF7F7F,#FF7F3F,#7F3F3F,#00003F,#BFBFBF
213716,degas,100,100,0.99,3.19355,#7F7F3F,#BFBFBF,#BFBF7F,#7F7F7F,#3F3F3F,#BF7F7F,#FFFFFF,#7F3F3F,#3F007F,#7FBFBF
213791,degas,100,100,0.99,0.22098,#7F3F3F,#FFBFBF,#3F003F,#3F3F3F,#7F7F7F,#7F3F3F,#000000,#BFBFBF,#FFFFFF,#BF7F7F
213309,degas,100,100,0.99,0.03259,#7F7F3F,#3F3F00,#003F00,#BF7F3F,#BFBF7F,#3F3F3F,#3F3F3F,#7F3F3F,#BF7F7F,#FFBFBF
213318,degas,100,100,0.99,33.0,#BFBFBF,#7F3F3F,#FFBFBF,#7F7F3F,#BF7F7F,#7F3F00,#FFBF7F,#FFFFFF,#BF7F3F,#3F3F00
213345,degas,100,100,0.99,0.21064,#7F7F7F,#FFFFBF,#000000,#3F3F3F,#FFBF7F,#BFBFBF,#BFBF7F,#BF7F7F,#7F3F3F,#BF7FBF
213376,degas,100,100,0.99,0.37643,#BFBFFF,#3F3F3F,#FFFFFF,#003F00,#7F7FBF,#BFBFBF,#7F7F7F,#7F3F3F,#BFFFFF,#7F7F3F
213379,degas,100,100,0.99,0.06199,#3F003F,#3F3F3F,#3F7F7F,#3F003F,#BFBFBF,#3F003F,#7F3F3F,#7F7F7F,#3F3F3F,#3F3F7F
213393,degas,100,100,0.99,7.07143,#BFBFBF,#7F7F7F,#FFFFBF,#BFBF7F,#3F3F00,#FFFFFF,#BFFFBF,#FFBFBF,#7F7F3F,#7FBF7F
213438,degas,100,100,0.99,1.375,#FFBF7F,#7F3F00,#BF7F7F,#FFFFBF,#BF0000,#7F7F00,#3F0000,#BFBF7F,#7F7F7F,#BFBFBF
213447,degas,100,100,0.99,0.02598,#BF7F7F,#3F003F,#7F3F3F,#7F7F3F,#00003F,#3F3F3F,#3F3F00,#FFFFBF,#BF7F3F,#BFBF7F
213448,degas,100,100,0.99,0.28448,#3F3F3F,#FFFFBF,#BF7F3F,#FFFFFF,#3F3F3F,#003F00,#BFBF7F,#7F3F00,#FFBF7F,#7F7F7F
213449,degas,100,100,0.99,0.1313,#7F0000,#BF7F3F,#3F003F,#7F3F00,#FFBF7F,#7F7F3F,#BF3F00,#7F3F3F,#3F0000,#BF7F00
213452,degas,100,100,0.99,0.03951,#3F3F00,#BFBF7F,#3F0000,#3F3F3F,#7F7F3F,#3F0000,#7F3F00,#BF7F3F,#7F7F7F,#FFBF7F
213457,degas,100,100,1.0,0.20534,#BFBFBF,#00003F,#FFFFBF,#7F7F3F,#7F3F00,#FFFFFF,#FFBFBF,#3F3F3F,#3F3F3F,#BF7F3F
213468,degas,100,100,0.99,0.04648,#7FBF7F,#3F3F3F,#3F0000,#FFFFFF,#7F7F7F,#7F3F3F,#3F3F00,#BFBFBF,#7F7F3F,#3F7F7F
213506,degas,100,100,0.99,6.1875,#FFFFBF,#7F3F00,#BF7F3F,#BFBF7F,#FFFFFF,#BFFFBF,#3F0000,#FFFF7F,#FFBF7F,#BFFF7F
213537,degas,100,100,0.99,0.48529,#FFBF7F,#7F3F00,#BF7F3F,#FFFFFF,#000000,#BFBF7F,#3F3F00,#BF3F00,#7F3F3F,#7F7F3F
213553,degas,100,100,0.99,4.95,#7F3F3F,#BF7F7F,#BF7F3F,#3F003F,#BF3F00,#7F3F3F,#FFFFBF,#7F7F3F,#FF7F3F,#3F3F3F
213588,degas,100,100,0.99,0.13095,#3F3F3F,#BFBF7F,#7F7F3F,#FFFFFF,#3F3F3F,#003F00,#BFFFBF,#7FBF7F,#BF7F00,#7F3F00
213601,degas,100,100,0.99,0.15373,#3F0000,#FFBF7F,#7F7F3F,#3F3F00,#BF7F3F,#FFFFFF,#3F0000,#FFBF3F,#7F3F3F,#7F3F00
213618,degas,100,100,0.99,0.08469,#BF7F7F,#003F3F,#3F003F,#7F7F7F,#3F3F3F,#BFBFBF,#7F3F7F,#7F3F3F,#BFBF7F,#BF7FBF
213630,degas,100,100,0.99,0.11366,#FFFFFF,#BF7F3F,#3F003F,#BFBF7F,#7F3F00,#BF7F7F,#FFFFBF,#7F7F3F,#BFBFBF,#3F003F
213684,degas,100,100,0.99,0.67347,#7F3F3F,#BF7F3F,#7F7F7F,#FFBF7F,#000000,#3F3F3F,#BF7F7F,#BF3F3F,#7F3F00,#FF7F3F
213715,degas,100,100,0.99,0.05817,#BFBF7F,#3F003F,#7F3F3F,#FFBFBF,#3F0000,#7F7F3F,#BF7F7F,#BF7F3F,#BFBFBF,#FFBF7F
213726,degas,100,100,0.99,3.53571,#BF7F3F,#3F3F3F,#7F7F3F,#7F3F3F,#FFBF7F,#3F3F00,#3F3F3F,#7F3F00,#7FBF7F,#7F7F7F
213751,degas,100,100,0.99,0.03208,#3F3F00,#BF7F7F,#7F3F3F,#3F003F,#3F003F,#FFBFBF,#7F7F7F,#FFBF7F,#3F3F3F,#7F3F3F
213761,degas,100,100,0.99,0.61875,#BF7F7F,#3F3F3F,#BFBFBF,#FFFFFF,#7F3F3F,#000000,#7F7F7F,#3F3F00,#FFBFBF,#7F7F3F
213777,degas,100,100,0.99,99.0,#FFBF7F,#7F7F3F,#FFFFFF,#3F0000,#BFBF7F,#FFBFBF,#BF7F3F,#FFFFBF,#BFBFBF,#7F3F00
213784,degas,100,100,0.99,1.1,#FFBF3F,#7F7F3F,#3F0000,#BFBFBF,#7F7F7F,#3F3F00,#7F3F3F,#FFBF7F,#7F3F00,#FFFFFF
213867,degas,100,100,0.99,0.30556,#7F3F00,#7F7F3F,#3F3F00,#BF7F3F,#BFBF7F,#3F0000,#7F3F3F,#7F7F7F,#3F3F3F,#000000
213313,degas,100,100,0.99,0.07317,#FFFFFF,#7F3F00,#FFFF3F,#000000,#BF7F3F,#FFBF7F,#3F3F00,#7F3F3F,#FFBF3F,#3F0000
213371,degas,100,100,0.99,0.53226,#FFBFBF,#7F3F00,#FFBF7F,#FFFFFF,#BF7F3F,#000000,#FFFFBF,#7F3F3F,#BFBF7F,#7F7F7F
213377,degas,100,100,0.99,0.11379,#7F7F3F,#3F3F00,#FFBF7F,#7F3F00,#BF7F7F,#3F3F00,#3F3F3F,#3F3F00,#BFBF7F,#BF7F3F
213380,degas,100,100,0.99,0.20842,#FFBF7F,#7F3F3F,#7F7F3F,#3F3F00,#BF7F7F,#BF7F3F,#003F3F,#FFBFBF,#BFBF7F,#7F7F7F
213385,degas,100,100,0.99,0.05786,#003F00,#BFBF7F,#3F3F3F,#7F7F7F,#FFFFBF,#BF7F3F,#BFBFBF,#BF7F7F,#FFBF7F,#7F7F3F
213394,degas,100,100,0.99,0.50254,#BFBF7F,#3F3F3F,#BF7F3F,#BF7F7F,#3F3F00,#7F7F3F,#3F3F00,#7F3F3F,#003F00,#7F7F7F
213434,degas,100,100,0.99,0.3694,#BFBF7F,#3F3F3F,#7F7F3F,#7F7F7F,#3F3F00,#BFBFBF,#3F0000,#FFFFBF,#3F7F3F,#3F7F7F
213550,degas,100,100,0.99,0.0988,#7F7F00,#3F0000,#FFBF7F,#3F3F3F,#FFBF3F,#BF7F3F,#3F3F00,#3F0000,#BF7F00,#7F3F00
213578,degas,100,100,0.99,0.18644,#7F3F3F,#BFBF7F,#3F3F00,#BF7F7F,#7F7F7F,#7F3F3F,#003F3F,#7F7F3F,#BFBFBF,#3F3F00
213591,degas,100,100,0.99,0.14623,#7F7F7F,#3F0000,#7F3F3F,#BF7F3F,#BF7F7F,#3F003F,#7F003F,#BF3F3F,#BFBF7F,#7F7F3F
213652,degas,100,100,0.99,0.099,#007FBF,#BF7F00,#BFBF7F,#FF7F00,#3F3F00,#FFBF7F,#003F00,#FFFFBF,#7F3F00,#7F7F3F
213692,degas,100,100,0.99,0.06913,#BFBF3F,#3F003F,#7F3F00,#BF7F3F,#3F003F,#7F7F00,#3F3F00,#BF7F3F,#FFBF3F,#BF3F00
213696,degas,100,100,0.99,0.02253,#FFBF7F,#003F3F,#3F3F00,#7F3F3F,#FFFFBF,#3F3F3F,#FFBF3F,#3F3F3F,#BF7F3F,#7F3F3F
213704,degas,100,100,0.99,0.15517,#FFFFBF,#3F0000,#BF7F3F,#BFBF7F,#FFBFBF,#FFBF7F,#3F3F3F,#003F00,#FFFFFF,#7F7F3F
213712,degas,100,100,0.99,0.17158,#BFBFBF,#7F7F3F,#000000,#BF7F7F,#7F3F3F,#7F7F7F,#FFBF7F,#BF7F3F,#3F0000,#FFFFFF
213718,degas,100,100,0.99,0.34859,#FFFFBF,#BF7F3F,#7F3F00,#FFFF3F,#FFBF3F,#00003F,#FFBF7F,#FFFFFF,#3F3F00,#7F7F3F
213740,degas,100,100,0.99,0.23628,#3F3F3F,#FFBF3F,#FFFFBF,#BF7F3F,#00003F,#BF7F00,#7F3F3F,#3F3F3F,#7F7F3F,#7F3F3F
213759,degas,100,100,0.99,0.05786,#7F7F7F,#3F3F00,#7F3F3F,#3F3F3F,#3F3F00,#7F7F3F,#3F3F00,#7F3F3F,#BF7F7F,#3F003F
213768,degas,100,100,0.99,0.38824,#7F7F7F,#3F3F3F,#7F3F3F,#3F003F,#BF3F3F,#3F0000,#BF7F7F,#3F3F3F,#BF7F3F,#3F3F7F
213785,degas,100,100,0.99,0.19488,#BF7F3F,#3F3F00,#7F7F3F,#FFBFBF,#7F3F3F,#3F3F00,#FFBF3F,#7F3F3F,#3F3F3F,#003F3F
213796,degas,100,100,0.99,1.33784,#7F3F3F,#7F7F7F,#3F3F00,#BF7F7F,#FFFFBF,#7F3F3F,#BFBFBF,#7F3F7F,#3F3F00,#BF7F3F
213815,degas,100,100,0.99,0.06488,#FFBF3F,#3F0000,#7F3F3F,#BF7F3F,#FFFF7F,#000000,#3F3F00,#7F3F00,#7F7F3F,#3F3F3F
213653,degas,100,100,0.99,0.75573,#3F3F3F,#FFBF7F,#FFBFBF,#BFBF7F,#7F7F3F,#FFFFBF,#00003F,#BF7F7F,#7F3F3F,#7F7F7F
213770,degas,100,100,0.99,6.6,#3F3F3F,#BF7F7F,#BFBF7F,#7F3F3F,#7F7F7F,#BFBFBF,#FFFFBF,#7F7F3F,#FFBF7F,#3F3F00
213294,degas,100,100,0.99,0.03822,#000000,#BFBF7F,#3F3F3F,#7F7F7F,#3F3F00,#FFFFBF,#BFBFBF,#7F3F00,#3F0000,#7F7F3F
213355,degas,100,100,0.99,0.20668,#7F3F3F,#BF7F3F,#FFBFBF,#3F0000,#BF3F3F,#BF7F7F,#00003F,#FFFFFF,#FFBF7F,#BF3F00
213429,degas,100,100,0.99,0.24505,#3F3F3F,#7F3F3F,#BF7F7F,#7F7F7F,#3F003F,#3F3F3F,#7F3F7F,#000000,#BF7F3F,#7F0000
213467,degas,100,100,1.0,1.19048,#FFFFFF,#7F3F3F,#3F0000,#7F7F7F,#FFBF3F,#3F3F3F,#7F7F3F,#BF7F3F,#BF7F7F,#FFBFBF
213529,degas,100,100,0.99,0.0148,#3F0000,#BFFFBF,#3F3F3F,#7F7F7F,#BFBFBF,#FFFFFF,#3F3F3F,#BFBF7F,#7F3F3F,#7F7F3F
213575,degas,100,100,0.99,0.45833,#BFBF7F,#3F3F3F,#7FBF7F,#7F7F7F,#FFFFBF,#7F3F00,#3F3F3F,#000000,#BFBFBF,#7F7F3F
213682,degas,100,100,0.99,0.07901,#7F3F3F,#3F3F3F,#3F3F00,#BF7F7F,#3F3F00,#3F3F00,#7F3F3F,#BFBF7F,#BF7F3F,#7F7F3F
213686,degas,100,100,0.99,24.75,#FFBF7F,#FFFFBF,#7F3F00,#BF7F3F,#FFFFFF,#BFBF7F,#7F3F3F,#7F7F3F,#FFBFBF,#3F003F
213747,degas,100,100,0.99,0.36397,#3F3F3F,#BFBFBF,#7F7F7F,#BF7F7F,#7F3F3F,#000000,#FFFFBF,#FFBF7F,#7F7F3F,#FFBFBF
213300,degas,100,100,0.99,0.05982,#3F0000,#BFBF7F,#7F7F3F,#7F3F3F,#FFFFBF,#003F00,#3F3F00,#3F3F3F,#BF7F3F,#BFBFBF
213298,degas,100,100,0.99,0.05114,#3F0000,#BF7F3F,#003F00,#7F3F00,#FFBF3F,#3F3F3F,#003F3F,#FF7F3F,#3F3F3F,#BF7F00
213301,degas,100,100,0.99,0.02542,#7F3F00,#000000,#BFBF7F,#3F3F00,#3F3F00,#7F7F3F,#3F3F3F,#7F3F3F,#BF7F3F,#FFBF7F
213336,degas,100,100,0.99,0.09538,#BF3F00,#3F0000,#7F3F3F,#7F3F00,#7F7F7F,#BF7F00,#3F003F,#3F3F00,#7F7F3F,#BF7F7F
213401,degas,100,100,0.99,0.28947,#7F3F00,#7F7F7F,#3F3F00,#7F7F3F,#BF7F7F,#7F3F3F,#BF3F00,#00003F,#BFBF7F,#BF7F3F
213498,degas,100,100,1.0,1.20482,#3F3F3F,#FFFFFF,#BFBFBF,#7F7F7F,#000000,#FFBFBF,#BF7F7F,#7F3F3F,#FFFFBF,#BFBF7F
213581,degas,100,100,0.99,0.05559,#BF7F3F,#000000,#3F3F3F,#BFBFFF,#BFBF7F,#00003F,#7F7F7F,#FFFFBF,#003F3F,#7F7F3F
213609,degas,100,100,0.99,0.10988,#3F0000,#BF7F3F,#7F7F3F,#7F3F3F,#3F3F3F,#BFBF7F,#3F3F3F,#00003F,#7F7F7F,#FFBF7F
213722,degas,100,100,0.99,0.23741,#000000,#FF7F7F,#FFFFBF,#7FBF7F,#BF3F3F,#3F7F7F,#7F7F7F,#BFBFFF,#BF7F3F,#3F3F3F
213730,degas,100,100,0.99,0.07388,#3F3F3F,#BFBFBF,#000000,#7F7F3F,#BFFFBF,#FFBF7F,#BF7F3F,#FFFFBF,#7F3F3F,#BFBF7F
213732,degas,100,100,0.99,0.03032,#7F7F7F,#3F3F00,#3F0000,#7F7F3F,#7F3F3F,#3F3F00,#BFBF7F,#3F3F3F,#7F3F3F,#BF7F3F
213864,degas,100,100,0.99,0.32353,#BF7F3F,#3F3F00,#7F3F3F,#7F7F3F,#BF7F00,#3F3F00,#7F3F3F,#3F3F3F,#003F00,#7F7F00
213870,degas,100,100,0.99,0.03656,#000000,#BF7F7F,#3F3F3F,#BFBF7F,#7F7F3F,#FFBF7F,#BFBFBF,#7F7F7F,#3F3F00,#7F3F3F
213887,degas,100,100,0.99,0.10963,#00003F,#7F7FBF,#3F3F3F,#BFBFBF,#3F3F3F,#3F3F7F,#7F3F00,#7F7F7F,#3F3F3F,#7F7F3F
213274,degas,100,100,0.99,0.62658,#BF7F3F,#3F3F00,#FFFFBF,#3F3F3F,#7F3F00,#003F00,#FFBF7F,#BF3F00,#BF7F00,#7F7F3F
213299,degas,100,100,0.99,0.03583,#BF3F00,#003F00,#FFBF7F,#3F3F00,#3F3F00,#FFFFFF,#7F7F7F,#7F0000,#7F3F3F,#BF7F00
213330,degas,100,100,0.99,0.14224,#000000,#BF7F00,#3F3F3F,#7F7F7F,#7F3F00,#7F7F00,#BFBF7F,#3F3F3F,#7F7F3F,#FFBF3F
213389,degas,100,100,0.99,0.35612,#3F3F3F,#BFBF7F,#7F7F3F,#000000,#BF7F3F,#3F3F00,#BFBF3F,#7F7F7F,#7FBF7F,#FFFF7F
213417,degas,100,100,0.99,0.23628,#7F7F3F,#3F3F3F,#BF7F3F,#003F3F,#7F7F3F,#BFBF3F,#3F7F3F,#3F3F3F,#3F7F3F,#7F3F00
213418,degas,100,100,0.99,0.0583,#3F003F,#7F7F3F,#3F3F00,#BF7F3F,#7F3F00,#FFBF7F,#3F3F00,#3F3F3F,#3F003F,#3F7F00
213439,degas,100,100,0.99,7.07143,#3F3F3F,#FFFF7F,#7F7F3F,#FFFFFF,#BFBFBF,#BFBF7F,#FFFFBF,#BF7F3F,#FFBF3F,#BFBF3F
213555,degas,100,100,1.0,2.27273,#FFFFFF,#7F3F3F,#BFBFBF,#BF7F7F,#000000,#7F7F7F,#FFBFBF,#FFFFBF,#3F3F3F,#BFBF7F
213635,degas,100,100,0.99,0.04172,#3F3F3F,#FFFFBF,#3F0000,#BF7F3F,#3F3F3F,#7F3F3F,#3F3F3F,#FFBF7F,#7F7F3F,#7F3F3F
213699,degas,100,100,0.99,0.66,#BFBFBF,#7F3F3F,#FFFFFF,#3F3F3F,#BFBF7F,#7F7F7F,#FFFFBF,#003F00,#FFBFBF,#BFBFFF
213711,degas,100,100,0.99,0.2093,#000000,#7F7FBF,#3F3F3F,#FFFFFF,#BF7F3F,#7F3F00,#BFBFBF,#7F7F7F,#7F7F3F,#FFBF7F
213734,degas,100,100,0.99,0.21758,#7F7F3F,#BFBFBF,#3F0000,#3F3F3F,#7F7F7F,#BFBF7F,#BF7F7F,#3F3F3F,#FFFFBF,#3F3F3F
213868,degas,100,100,0.99,0.15968,#FFBF3F,#3F003F,#BFBFBF,#BF7F3F,#FFBF7F,#FFBFBF,#7F3F3F,#000000,#BFBF7F,#BF7F7F
213651,degas,100,100,0.99,0.58235,#7F7F7F,#FFFFBF,#7F3F3F,#BFBFBF,#BFBF7F,#3F3F3F,#BF7F7F,#FFBFBF,#3F3F3F,#003F00
213272,degas,100,100,0.99,0.22706,#3F3F3F,#BF7F7F,#BFBFBF,#000000,#7F7F7F,#FFFFFF,#FFBFBF,#7F7F3F,#BFBF7F,#7F3F3F
213292,degas,100,100,0.99,0.15254,#BF7F7F,#3F3F3F,#FFBFBF,#00003F,#FFBF7F,#FFFFBF,#7F3F3F,#FF7F3F,#BFBF7F,#BFBFBF
213337,degas,100,100,0.99,0.19002,#BF7F00,#3F0000,#BFBF7F,#7F3F00,#BF3F00,#BF7F3F,#FFBF7F,#FF7F00,#000000,#7F3F3F
213422,degas,100,100,0.99,0.11288,#3F3F3F,#BFBF7F,#3F3F00,#3F0000,#BF7F3F,#7F3F3F,#003F00,#7F3F00,#7F7F3F,#BF3F00
213423,degas,100,100,0.99,0.83898,#7F7F3F,#7F7F7F,#7F3F3F,#BF7F7F,#3F3F3F,#BF7F3F,#BFBFBF,#7F3F3F,#003F00,#3F3F00
213491,degas,100,100,0.99,1.41429,#7F3F00,#FFFFFF,#7F3F3F,#BF7F7F,#3F0000,#FF7F00,#3F3F7F,#3F3F3F,#BFBFBF,#7F7F7F
213516,degas,100,100,0.99,0.04363,#BFBFBF,#3F3F3F,#BFBF7F,#7F3F3F,#003F00,#FFBF7F,#3F3F3F,#BF7F3F,#3F0000,#7F7F3F
213522,degas,100,100,0.99,0.07026,#003F00,#BF7F00,#BFBF7F,#7F3F3F,#3F3F00,#3F3F00,#7F7F3F,#BFBFBF,#BFBF3F,#7F3F3F
213523,degas,100,100,0.99,0.34375,#7F3F3F,#FFFFFF,#3F0000,#BF7F7F,#FFBF7F,#3F3F3F,#7F3F00,#BFBFBF,#BFBF7F,#BF7F3F
213571,degas,100,100,0.99,0.16071,#FF7F3F,#3F3F00,#000000,#FFBFBF,#7F3F3F,#7F3F00,#FFBF7F,#7F7F3F,#BF3F00,#BF7F7F
213594,degas,100,100,0.99,0.08291,#7F7F3F,#3F0000,#3F3F00,#7F3F3F,#3F7F3F,#3F3F00,#3F3F3F,#7F7F7F,#7F3F00,#7FBF7F
213611,degas,100,100,0.99,0.93396,#FFBFBF,#3F0000,#FFBF7F,#3F003F,#3F3F3F,#7F7F7F,#7F3F3F,#BFBFBF,#BF7F7F,#FFFFFF
213623,degas,100,100,0.99,0.24874,#7F7F00,#7F3F00,#3F0000,#BF7F7F,#BF7F3F,#BFBF7F,#3F3F00,#7F3F3F,#3F3F00,#BF7F00
213733,degas,100,100,0.99,0.08824,#7F3F00,#FFBF00,#BF3F00,#3F0000,#3F0000,#FFFFBF,#BFBFBF,#7F3F00,#BFBF00,#FF7F00
213737,degas,100,100,0.99,2.25,#FFBF7F,#7F3F3F,#BF3F3F,#BF7F7F,#3F3F3F,#FF3F3F,#BF7F3F,#3F3F00,#FF7F7F,#FFBF3F
213834,degas,100,100,0.99,0.52381,#7F7F3F,#FFBFBF,#7F3F00,#3F3F3F,#BFBF7F,#FFFFFF,#00003F,#BFFFBF,#BF7F3F,#3F3F00
213845,degas,100,100,0.99,0.20412,#3F3F00,#BF7F7F,#3F003F,#7F3F00,#7F3F3F,#BF7F3F,#7F7F7F,#003F00,#7F7F3F,#BFBF7F
213849,degas,100,100,0.99,0.10988,#3F3F3F,#7F3F3F,#BFBFBF,#7F7F7F,#3F3F00,#BF7F7F,#3F3F3F,#3F3F00,#7F7F3F,#3F3F7F
213869,degas,100,100,0.99,0.02761,#BF0000,#3F0000,#FFFFBF,#7F3F3F,#3F0000,#7F0000,#7F3F00,#3F3F3F,#FFBF7F,#3F3F00
213255,degas,100,100,0.99,0.05729,#3F0000,#7F3F00,#BFBF7F,#3F3F3F,#7F7F7F,#7F7F3F,#3F3F00,#BF7F3F,#3F0000,#FFBF7F
213275,degas,100,100,0.99,0.9802,#3F0000,#BFBF7F,#7F7F00,#BF7F3F,#7F3F3F,#FFBFBF,#BF7F7F,#BF7F3F,#7F3F3F,#3F3F00
213296,degas,100,100,0.99,0.07388,#3F0000,#7F7F3F,#3F3F3F,#BFBF7F,#BF7F3F,#7F7F7F,#7F3F3F,#3F0000,#FFFFBF,#BF7F7F
213297,degas,100,100,0.99,0.17742,#BF7F7F,#003F00,#7F7F3F,#3F3F3F,#00003F,#FFBF7F,#3F7F3F,#7FBF7F,#3F3F3F,#3FBF3F
213310,degas,100,100,0.99,0.19261,#BF3F3F,#3F3F3F,#7F7F7F,#3F0000,#7F3F3F,#3F003F,#BF7F3F,#3F0000,#BFBFBF,#3F7F7F
213319,degas,100,100,0.99,0.29204,#7F7F7F,#3F0000,#FFBFBF,#7F3F3F,#003F7F,#7F7F3F,#BF7F7F,#3F3F3F,#BF7F3F,#003F00
213340,degas,100,100,0.99,0.53804,#7F3F3F,#BFBFBF,#BF7F7F,#FFBFBF,#000000,#BFBF7F,#7F7F7F,#BF7FBF,#FFBF7F,#3F3F3F
213343,degas,100,100,0.99,0.10843,#BF7F7F,#3F3F3F,#BF7F3F,#3F3F3F,#7F3F00,#7F7F3F,#000000,#FFBFBF,#7F7F7F,#3F3F00
213367,degas,100,100,0.99,0.13983,#7F7F7F,#3F3F3F,#000000,#7F3F3F,#FFBFBF,#3F3F3F,#BFBFBF,#3F0000,#7F7F3F,#BF7F7F
213374,degas,100,100,0.99,0.02768,#3F003F,#7F7F3F,#3F3F00,#FFBF7F,#7F3F00,#BF7F3F,#7F3F3F,#BFBF7F,#3F3F00,#7F3F00
213419,degas,100,100,0.99,49.5,#FF7F7F,#7F3F3F,#BF7F3F,#FFBF7F,#3F0000,#BF3F00,#7F3F3F,#BF7F00,#BF3F3F,#7F7F3F
213430,degas,100,100,0.99,0.14732,#7F3F3F,#3F0000,#FF7F7F,#BF3F3F,#BF7F3F,#3F0000,#3F3F00,#7F3F3F,#7F7F3F,#FFFF7F
213432,degas,100,100,0.99,0.14776,#7F3F3F,#FFBF7F,#3F003F,#BF7F3F,#7F7F7F,#3F3F3F,#7F7F3F,#000000,#7F003F,#3F7F3F
213437,degas,100,100,0.99,0.23628,#3F3F3F,#7F7F7F,#3F0000,#7F3F00,#7F3F3F,#BFBFBF,#7F7F3F,#BF7F7F,#3F0000,#3F3F00
213524,degas,100,100,0.99,8.25,#7F7F3F,#BF7F7F,#BF7F3F,#3F0000,#FFBFBF,#BFBF7F,#3F3F3F,#FFBF7F,#7F3F3F,#7F3F3F
213525,degas,100,100,0.99,0.20582,#3F3F3F,#FFBFBF,#7F3F3F,#3F3F3F,#3F0000,#3F7F7F,#7F7F3F,#7F7F7F,#7F3F3F,#000000
213570,degas,100,100,0.99,0.18786,#3F3F00,#7F7F3F,#FFFFFF,#BFBF7F,#BF7F3F,#000000,#7F3F3F,#7F3F00,#3F0000,#FFBF7F
213573,degas,100,100,1.0,2.27273,#003F3F,#BFBF7F,#BFBFBF,#7FBF3F,#7F7F3F,#7F7F7F,#BF7F7F,#FFFFFF,#BFBF3F,#BFFFFF
213628,degas,100,100,0.99,0.45413,#BF7F3F,#3F3F00,#7F3F00,#FFBF7F,#BF3F00,#3F3F00,#FF7F3F,#7F3F3F,#BF3F3F,#BF7F7F
213675,degas,100,100,0.99,0.35231,#FFBF7F,#3F3F3F,#BF7F3F,#FFBFBF,#000000,#7F3F3F,#7F7F3F,#003F3F,#BF7F7F,#BFBF7F
213695,degas,100,100,0.99,0.06535,#3F3F00,#7F3F3F,#BF7F7F,#3F0000,#3F3F00,#7F3F00,#7F7F3F,#BF7F3F,#7F3F3F,#3F3F3F
213739,degas,100,100,0.99,0.1284,#FFFFFF,#3F3F3F,#FFBF3F,#3F0000,#3F3F3F,#7F7F3F,#FFFF7F,#3F0000,#FFFFBF,#7F3F00
213769,degas,100,100,0.99,0.08746,#3F3F00,#7F3F3F,#BF7F7F,#3F3F3F,#7F7F3F,#00003F,#3F3F00,#BFBF7F,#BF7F3F,#7F3F00
213781,degas,100,100,0.99,0.07269,#00003F,#7F3F00,#7F7F3F,#3F003F,#3F3F00,#BF7F3F,#BFBF3F,#BF7F3F,#7F3F3F,#BF3F3F
213862,degas,100,100,0.99,0.10175,#7F7F3F,#3F0000,#BF7F3F,#3F0000,#3F3F3F,#FF3F00,#003F7F,#BFBF7F,#7F3F3F,#7F0000
213259,degas,100,100,0.99,0.06658,#BFBF7F,#3F3F3F,#7F3F3F,#3F3F00,#BF7F3F,#BF7F7F,#FFBF7F,#3F3F3F,#3F0000,#7F7F3F
213829,degas,100,100,0.99,0.37931,#BFBF7F,#3F3F00,#FFFFBF,#7F7F7F,#BF7F3F,#7F7F3F,#BFBFBF,#7FBFBF,#003F00,#BFFFBF
213268,degas,100,100,0.99,0.86087,#7F3F3F,#BFBF7F,#BFBFBF,#003F00,#7F7F7F,#FFFFFF,#7F7F3F,#3F7F7F,#BF7F3F,#FFFFBF
213281,degas,100,100,0.99,3.66667,#7F3F3F,#BFBF7F,#3F0000,#BF7F3F,#3F3F00,#BFFFBF,#FFFFFF,#7F3F00,#BF7F7F,#7F7F3F
213303,degas,100,100,0.99,2.75,#7F3F3F,#BFBFBF,#3F0000,#FFFFBF,#FFFFFF,#7F7F3F,#7F3F00,#3F3F00,#3F3F3F,#7F7F7F
213480,degas,100,100,0.99,0.69231,#7F7F3F,#BFBFBF,#3F3F3F,#7F7F7F,#7F7FFF,#BFBF7F,#3F3F3F,#7FBFFF,#7F7F3F,#003F7F
213481,degas,100,100,0.99,0.1976,#BF7F3F,#000000,#FFFFFF,#7F3F3F,#3F3F3F,#7F3F00,#FFBF7F,#FFBF00,#3F3F3F,#BF7F7F
213617,degas,100,100,0.99,0.07753,#7F3F3F,#BFBFBF,#3F0000,#BFBF7F,#003F3F,#3F3F3F,#BF7F3F,#BF7F7F,#FFFFBF,#FFBF7F
213753,degas,100,100,0.99,0.11366,#FFFFFF,#3F3F3F,#BFBFBF,#BF7F7F,#3F3F00,#7F3F3F,#3F0000,#7F7F7F,#7F7FBF,#7F3F3F
213757,degas,100,100,0.99,49.5,#7F7F7F,#3F3F3F,#FFFFBF,#BF7F3F,#3F0000,#FFBF7F,#3F3F00,#7F7F3F,#7F3F00,#BFBFBF
213771,degas,100,100,0.99,0.04044,#3F3F00,#BFBF7F,#7F7F3F,#000000,#7F3F3F,#BF7F3F,#FFBF7F,#3F3F3F,#7F3F00,#3F3F00
213802,degas,100,100,0.99,0.06346,#3F3F3F,#BFBF7F,#000000,#7F7F3F,#BFBFBF,#7F3F00,#7F7F7F,#3F3F3F,#BF7F00,#3F3F00
213837,degas,100,100,0.99,4.5,#3F0000,#BF7F3F,#FFBF7F,#7F3F3F,#BFBF7F,#7F7F7F,#7F7F3F,#7F3F3F,#FFBFBF,#BFBF3F
213848,degas,100,100,0.99,0.3694,#BFBF7F,#3F3F3F,#FFFF7F,#FFFFBF,#7F7F7F,#3F0000,#FFBF7F,#7F7F3F,#3F3F00,#BFBFBF
213850,degas,100,100,0.99,0.09192,#3F0000,#BFBF7F,#7F3F00,#3F3F00,#BF7F3F,#FFBF7F,#00003F,#7F3F3F,#7F7F3F,#FFBF3F
213851,degas,100,100,0.99,0.27123,#3F003F,#BFBFBF,#7F7F7F,#BF7FBF,#3F3F3F,#000000,#BF7F7F,#7F3F7F,#BFBF7F,#FFBFFF
213728,degas,100,100,0.99,0.15968,#3F3F00,#BF7F3F,#7F3F3F,#3F3F3F,#BFBF7F,#7F7F3F,#3F3F00,#7F3F3F,#3F3F3F,#BF7F7F
213399,degas,100,100,0.99,0.19412,#3F3F3F,#BF7F7F,#7F7F7F,#FFFFBF,#3F3F00,#BFBFBF,#3F003F,#7F3F3F,#7F3F7F,#3F0000
213729,degas,100,100,0.99,0.39759,#3F3F3F,#BFBF7F,#BF7F3F,#7F3F00,#003F3F,#FFFFBF,#7F7F3F,#7F3F3F,#3F3F3F,#FFBF7F
213808,degas,100,100,0.99,0.80488,#7F7F7F,#3F3F00,#3F3F3F,#7F3F3F,#7F7F3F,#7F0000,#3F3F3F,#7F3F7F,#3F3F7F,#3F3F3F
213852,degas,100,100,0.99,0.08699,#000000,#BFBFBF,#7F3F3F,#7F7F3F,#3F3F3F,#FFFFBF,#7F7F7F,#3F7F7F,#FFBFBF,#BFBF7F
213372,degas,100,100,0.99,0.07674,#3F0000,#BF7F3F,#7F3F3F,#FFBF7F,#3F3F00,#BF7F7F,#7F3F00,#7F7F3F,#3F3F00,#FFBFBF
213466,degas,100,100,0.99,0.19112,#7F3F3F,#BF7F7F,#3F3F3F,#BF7F3F,#BF3F3F,#BF7F3F,#3F3F00,#3F3F3F,#7F3F3F,#BF3F3F
213510,degas,100,100,0.99,0.39759,#FFFFFF,#BF3F3F,#000000,#BFBFBF,#BF7F7F,#7F3F3F,#FF7F7F,#BF3F00,#FFBFFF,#7F003F
213620,degas,100,100,0.99,0.44595,#BF3F00,#7F7F3F,#7F3F00,#FF7F00,#003F00,#7F7F3F,#BF7F00,#FFBF3F,#3F3F00,#FFFFBF
213842,degas,100,100,0.99,2.53846,#BFBF3F,#BF7F3F,#3F0000,#FFBFBF,#7F3F00,#FFBF3F,#BFBF7F,#FFBF7F,#BF7F3F,#BF7F7F
213857,degas,100,100,0.99,0.17935,#3F3F3F,#BF7F3F,#FFBFBF,#3F3F00,#7F3F00,#3F3F3F,#7F3F3F,#BF7F7F,#7F7F7F,#000000
213373,degas,100,100,0.99,0.71223,#7F3F3F,#7FBFBF,#7F7F3F,#3F3F3F,#003F00,#3F3F3F,#7F7F7F,#BF7F7F,#7F7FBF,#BF7F3F
213435,degas,100,100,0.99,0.41772,#3F3F3F,#BF3F00,#7F3F00,#FF7F00,#BF7F3F,#7F3F00,#FF3F3F,#3F3F3F,#3F0000,#BF7F00
213499,degas,100,100,0.99,0.5266,#FFBF7F,#7F3F3F,#BF7F3F,#3F003F,#7F7F3F,#7F7F3F,#FFBFBF,#7F3F3F,#BFBF7F,#BF7F7F
213708,degas,100,100,0.99,0.08483,#7F7F00,#3F3F00,#FFFFBF,#7F3F00,#3F3F00,#BF7F3F,#003F00,#3F3F3F,#7F7F7F,#3F7F00
213731,degas,100,100,0.99,0.15397,#BF3F00,#FFBF7F,#3F3F3F,#7F3F3F,#BF7F7F,#FFBFBF,#3F0000,#7F003F,#FFFFFF,#BF7F3F
213826,degas,100,100,0.99,0.66,#7F7F7F,#3F0000,#BFBFBF,#BF3F00,#3F7FBF,#BF7F00,#7F3F3F,#7F3F00,#3F3F3F,#FFFFFF
213827,degas,100,100,0.99,99.0,#FFFF7F,#BF7F3F,#FFFFBF,#FFBF7F,#7F3F00,#BFBF7F,#FFBFBF,#7F7F3F,#BF7F7F,#FFFFFF
9223372032559848621,degas,100,100,0.99,1.7069,#3F003F,#BF7F7F,#7F3F3F,#3F3F3F,#BFBF7F,#7F7F7F,#7F7F3F,#3F7F7F,#7F7FBF,#BF7F3F
213257,degas,100,100,0.99,1.86792,#BF7F3F,#BFBF7F,#7F3F3F,#FFFFFF,#3F0000,#BF7F7F,#7F7F3F,#7F3F00,#7F7F00,#BFBFBF
213326,degas,100,100,0.99,33.0,#FFFFFF,#BF7F7F,#3F003F,#BFBF3F,#3F3F3F,#7F7F3F,#FFBF7F,#BFBFBF,#FFBFBF,#BFBF7F
213365,degas,100,100,0.99,0.36531,#BF7F3F,#FFBF7F,#003F00,#BFBF7F,#BFBF3F,#7F3F3F,#BFBFBF,#BF7F7F,#3F3F00,#7F7F3F
213381,degas,100,100,0.99,0.09083,#BF7F3F,#3F0000,#7FBF7F,#7F3F00,#3F3F00,#3F7F7F,#7F7F3F,#7FBFBF,#000000,#3F3F3F
213420,degas,100,100,0.99,3.96,#BF3F3F,#BFBF7F,#7F3F00,#BF7F00,#7F7F3F,#3F0000,#BF7F3F,#FFFFBF,#7F7F3F,#FF7F00
213426,degas,100,100,0.99,2.475,#3F3F3F,#FFFFFF,#7F3F3F,#7F7F7F,#BF7F3F,#3F003F,#BFBFBF,#7F3F7F,#3F3F3F,#7F7F3F
213440,degas,100,100,0.99,0.42308,#3F3F3F,#FFBF3F,#3F7F3F,#7F3F00,#FFFFFF,#7FBF7F,#3F3F3F,#BF7F3F,#7F7F3F,#00003F
213486,degas,100,100,0.99,0.16865,#BF7F3F,#7F3F3F,#3F0000,#3F3F00,#BF3F00,#7F3F3F,#FFBF3F,#000000,#BF3F3F,#FF7F3F
213517,degas,100,100,0.99,3.66667,#BF7F7F,#3F3F3F,#7F7F7F,#BFBF7F,#FFBF7F,#FFFFBF,#7F7F3F,#3F3F3F,#BFBFBF,#3F3F3F
213587,degas,100,100,0.99,0.04611,#3F3F3F,#000000,#BF7FBF,#7F3F3F,#3F0000,#3F3F00,#7F7F7F,#7F3F3F,#3F003F,#7F7FBF
213655,degas,100,100,0.99,0.48768,#BF7F3F,#3F0000,#7F3F3F,#BF7F7F,#BF3F3F,#FFBF7F,#7F3F3F,#003F00,#7F3F3F,#FF7F7F
213657,degas,100,100,0.99,0.09226,#FFBF3F,#3F3F3F,#BF7F3F,#3F0000,#7F3F3F,#FFBF7F,#7F7F3F,#BFBF3F,#3F0000,#BFBF7F
213658,degas,100,100,0.99,0.04327,#BFBF7F,#3F3F00,#3F0000,#7F7F3F,#3F0000,#FFFFBF,#7F3F3F,#7F3F3F,#BF7F7F,#BF7F3F
213660,degas,100,100,0.99,0.23741,#7F7F3F,#FFFFBF,#00003F,#FFBF3F,#7F3F3F,#7F3F3F,#FFFF7F,#BF7F3F,#FFBF7F,#3F3F00
213698,degas,100,100,0.99,1.39437,#BF3F00,#FFFFBF,#003F00,#FF7F00,#FFBF7F,#BF7F3F,#FFFFFF,#7F3F00,#3F3F3F,#7F3F3F
213754,degas,100,100,0.99,6.1875,#BF7F7F,#BFBFBF,#3F3F3F,#FFFFFF,#7F7FBF,#7F7F7F,#BFBFFF,#FFBFBF,#FFBFFF,#BF7FBF
213828,degas,100,100,0.99,0.20245,#000000,#BF7F3F,#7F3F00,#BFBF7F,#BFBF3F,#3F0000,#3F3F00,#7F7F00,#7F7F3F,#7F3F3F
213846,degas,100,100,0.99,0.32566,#7F7F3F,#7F3F3F,#BFBFBF,#3F3F00,#3F003F,#FFFFBF,#7F3F00,#7F7FBF,#000000,#3F3F7F
213879,degas,100,100,0.99,0.11716,#3F3F00,#7F7F7F,#7F3F3F,#3F3F3F,#3F3F3F,#003F3F,#7F3F3F,#7F3F3F,#BF7F7F,#BF3F00
213508,degas,100,100,0.99,0.41772,#3F003F,#BF7F7F,#3F3F3F,#BF3F3F,#7F3F3F,#BFBF7F,#7F7F3F,#FFFFBF,#7F3F3F,#3F7F3F
213673,degas,100,100,1.0,0.14514,#FFFFFF,#7F3F7F,#3F3F3F,#003F00,#BFBFBF,#7F7F7F,#3F3F3F,#7F3F3F,#3F3F00,#BF7F7F
213316,degas,100,100,0.99,99.0,#7F7F3F,#3F3F3F,#BFBFBF,#7F3F3F,#BF7F3F,#7F3F00,#3F3F3F,#7F7F7F,#3F0000,#BF7F7F
213400,degas,100,100,0.99,0.02914,#000000,#7F7FBF,#7F7F7F,#3F3F3F,#3F003F,#BF7F7F,#BFBFBF,#BF7F3F,#003F3F,#7F3F3F
213264,degas,100,100,0.99,1.03125,#3F3F3F,#BFBF7F,#7F7F7F,#BFBFBF,#BF7F3F,#FFFFBF,#7F7F3F,#3F0000,#7F3F00,#FFBF7F
213285,degas,100,100,0.99,0.2037,#FFFFFF,#3F3F00,#FFBF7F,#FFBFBF,#BF7F00,#7F3F3F,#000000,#7F7F3F,#7F3F3F,#BF7F7F
213306,degas,100,100,0.99,0.11552,#7F3F3F,#3F3F3F,#3F0000,#3F3F3F,#7F7F7F,#7F7F3F,#3F0000,#3F7F7F,#3F7F3F,#7F0000
213331,degas,100,100,0.99,0.20122,#7F7F00,#7F3F00,#BFBF7F,#3F3F00,#3F3F00,#BF7F3F,#FFBF3F,#7F7F3F,#BFBF3F,#003F3F
213332,degas,100,100,0.99,0.08616,#3F3F00,#3F3F00,#3F3F3F,#003F00,#7F3F00,#7F3F3F,#7F7F3F,#3F3F3F
213333,degas,100,100,0.99,1.39437,#3F7F7F,#BFBFBF,#3F7F3F,#3F3F3F,#7F7F7F,#FFFFFF,#7FBF7F,#7F7F3F,#3F0000,#BFFF7F
213462,degas,100,100,0.99,0.46479,#7F7F7F,#7F3F3F,#FFFF7F,#BF7F3F,#000000,#7F7F3F,#FFBF7F,#3F3F00,#7F3F00,#3F3F3F
213494,degas,100,100,0.99,0.22706,#BF3F00,#3F3F00,#BF7F7F,#7F3F3F,#7F7F3F,#BF7F00,#7F3F00,#3F3F00,#FFBF7F,#3F0000
213512,degas,100,100,0.99,0.27731,#7F7F3F,#BFBFBF,#000000,#BF7F3F,#FFFFFF,#3F3F00,#7F7F00,#BFBF7F,#BF7F00,#7F3F00
213639,degas,100,100,0.99,0.05043,#3F3F00,#BF7F3F,#3F3F00,#000000,#7F3F3F,#7F3F3F,#7F7F3F,#BFBF3F,#BF3F00,#BF7F00
213659,degas,100,100,0.99,0.04067,#7F3F3F,#3F3F00,#BFBF7F,#3F3F00,#3F3F3F,#7F7F3F,#3F3F3F,#7F3F3F,#BF7F7F,#BF7F3F
213703,degas,100,100,0.99,0.10443,#3F3F00,#BF7F3F,#FFFFBF,#3F0000,#7F3F3F,#3F3F3F,#FFBF7F,#3F003F,#7F3F3F,#7F7F3F
213824,degas,100,100,0.99,0.22098,#7F7F3F,#7F3F00,#3F3F3F,#BFBF7F,#BF7F00,#7F7FFF,#3F3F7F,#FFBFFF,#3F0000,#3F3F3F
213866,degas,100,100,0.99,0.19643,#FFFFFF,#7F7F3F,#3F0000,#FFBF3F,#7F7F7F,#3F0000,#BFBFBF,#3F3F3F,#BF7F3F,#7F3F00
213872,degas,100,100,0.99,0.16019,#FFBFBF,#003F00,#7F7F3F,#FFBF7F,#FFFFBF,#3F3F00,#BF7F7F,#FF7F3F,#BFBF7F,#7F3F00
213276,degas,100,100,0.99,0.46698,#000000,#BF3F3F,#BF7F7F,#3F0000,#7F3F00,#BF7F3F,#FFBFBF,#7F7F7F,#3F3F3F,#BF3F3F
213320,degas,100,100,0.99,0.13009,#BF7F3F,#3F0000,#3F3F3F,#000000,#7F3F00,#7F3F3F,#7F7F3F,#BF7F7F,#BF3F3F,#FFBF7F
213511,degas,100,100,0.99,0.5625,#BF7F7F,#7F3F3F,#000000,#BF7F3F,#7F7F3F,#BFBF7F,#7F7F7F,#3F3F3F,#7F3F00,#3F3F00
213513,degas,100,100,0.99,2.15217,#3F3F3F,#BF7F3F,#7F3F3F,#BFBF7F,#3F3F00,#7F7F00,#7F7F3F,#BF7F7F,#7F3F3F,#BF7F00
213518,degas,100,100,0.99,0.60366,#3F0000,#BF7F3F,#FFBFBF,#7F7F3F,#FFBF7F,#BF7F7F,#FF7F00,#7F7F7F,#BF7F3F,#7F3F00
213519,degas,100,100,0.99,0.12453,#3F0000,#7F7F3F,#FFBF7F,#BF7F3F,#7F3F3F,#7F3F3F,#3F003F,#3F3F00,#BF7F7F,#FFFFBF
213574,degas,100,100,0.99,0.29377,#3F3F3F,#3F3F3F,#BF7F3F,#7F3F3F,#7F3F3F,#3F3F3F,#7F7F3F,#7F7F7F,#3F3F00,#BF7F7F
213632,degas,100,100,0.99,0.57225,#7F7F7F,#3F3F00,#BFFFFF,#3F3F3F,#7FBFFF,#BFBFBF,#3F3F7F,#3F3F00,#3F3FBF,#7F3F3F
213764,degas,100,100,0.99,2.91176,#BFBF7F,#7F3F3F,#7F7F7F,#BF7F3F,#BFBFBF,#7F7F3F,#3F3F3F,#FFBF7F,#BF7F7F,#3F0000
213816,degas,100,100,0.99,0.19527,#BF3F00,#3F0000,#FFBF7F,#7F3F3F,#BF7F3F,#7F3F3F,#3F3F00,#3F0000,#BF7F3F,#FFBF3F
213871,degas,100,100,0.99,0.11675,#7F7F3F,#3F3F3F,#BF7F7F,#3F3F3F,#3F3F00,#7F7F7F,#BFBFBF,#3F3F00,#BF7F00,#7F3F00
213263,degas,100,100,0.99,0.03394,#FF3F00,#3F0000,#7F7F7F,#3F3F3F,#7F0000,#BF3F00,#3F3F00,#FF7F3F,#7F3F00,#FFBFBF
213342,degas,100,100,0.99,0.12857,#3F3F3F,#7F7F7F,#00003F,#FFBF7F,#7F3F3F,#BF7F7F,#00003F,#3F003F,#BF7F3F,#3F3F3F
213441,degas,100,100,0.99,0.10051,#3F3F3F,#FFBF7F,#7F7F3F,#FFFFBF,#3F0000,#3F3F3F,#7F7F7F,#BF7F7F,#7F3F00,#BFBFBF
213627,degas,100,100,0.99,16.5,#7F7F3F,#FFBFBF,#3F003F,#BF7F7F,#7F7F7F,#3F3F3F,#BFBF7F,#3F003F,#7F3F3F,#7F3F7F
213700,degas,100,100,1.0,1.96078,#7F3F3F,#BFBFBF,#7F7F7F,#FFFFFF,#3F3F7F,#3F3F3F,#BF7F7F,#FFBFBF,#3F003F,#7F7FBF
213755,degas,100,100,0.99,0.13944,#3F0000,#7F7F3F,#BFBFBF,#3F3F00,#7F3F3F,#3F3F3F,#7F3F3F,#3F3F3F,#3F7F3F,#7F7F7F
213830,degas,100,100,0.99,2.75,#BF3F00,#FFBF7F,#BF7F3F,#7F3F00,#FFFF7F,#FFBF3F,#3F0000,#FF7F3F,#BF7F00,#BFBF7F
213831,degas,100,100,0.99,0.05224,#7F7F3F,#3F3F3F,#3F0000,#3F3F3F,#3F003F,#3F7F3F,#BFBF7F,#7F003F,#7F3F3F,#7F7F7F
213832,degas,100,100,0.99,0.23971,#3F0000,#7F7F3F,#FFBF7F,#7F3F3F,#BF7F3F,#3F3F00,#3F3F3F,#7F3F3F,#BF7F7F,#3F3F3F
213882,degas,100,100,0.99,1.65,#7F7F7F,#BFFFFF,#BFBFBF,#3F0000,#7F3F7F,#FFFFFF,#BFBF7F,#3F3F7F,#7F3F3F,#BFFFBF
9223372032559833980,degas,100,100,0.99,0.75573,#FFBFBF,#000000,#7F7F7F,#BF7F7F,#BFBFBF,#7F3F3F,#3F3F3F,#BFBF7F,#FFFFFF,#7FBFBF
213277,degas,100,100,0.99,0.44595,#BF7F7F,#7F003F,#000000,#BF3F3F,#BF7F3F,#7F3F3F,#BFBF7F,#7F7F7F,#BFBFBF,#BF3F3F
213284,degas,100,100,0.99,0.08319,#BFBF7F,#3F003F,#BF7F00,#7F3F3F,#FFBF7F,#FFFFBF,#3F3F3F,#7F7F00,#7F3F3F,#BF7F7F
213350,degas,100,100,0.99,0.54098,#BF3F00,#3F0000,#FF7F3F,#7F3F00,#7F3F3F,#FF7F7F,#BF7F3F,#FFBF7F,#BF7F00,#7F3F3F
213353,degas,100,100,0.99,0.02971,#3F3F3F,#BF7F3F,#7F3F3F,#FFBF3F,#3F3F00,#00003F,#BFBF7F,#7F7F3F,#7F3F3F,#BF3F00
213359,degas,100,100,0.99,1.65,#7F3F3F,#BFBFBF,#3F3F00,#7F3F00,#BF7F3F,#7F7F3F,#3F0000,#7F7F7F,#BFBF7F,#BF7F7F
213398,degas,100,100,1.0,0.09083,#3F0000,#7F3F3F,#7F7F7F,#3F3F3F,#3F3F00,#BFBFFF,#3F3F00,#BF7F7F,#7F7F3F,#7F3F7F
213402,degas,100,100,0.99,1.65,#7F7F3F,#BF7F7F,#3F003F,#BFBFBF,#BF7F3F,#3F3F3F,#7F7F7F,#BFBF7F,#7F0000,#7F3F3F
213431,degas,100,100,0.99,0.99,#FFBFBF,#7F3F00,#BFBF7F,#BF7F7F,#000000,#FFBF7F,#BFBF3F,#7F7F3F,#BF7F3F,#FFFFBF
213501,degas,100,100,0.99,0.0852,#3F0000,#7F7F7F,#3F3F00,#7F0000,#3F0000,#BF7F7F,#BFBF7F,#7F3F3F,#7F7F3F,#BF3F00
213502,degas,100,100,0.99,0.06412,#BF7F3F,#3F0000,#BF7F7F,#7F3F00,#BFBF7F,#BF7F3F,#7F7F3F,#7F7F3F,#3F3F00,#3F3F00
213580,degas,100,100,0.99,0.03605,#7F3F3F,#3F003F,#BFBF7F,#BF7F3F,#7F3F3F,#3F0000,#BF3F3F,#3F3F00,#BF3F3F,#7F7F3F
213641,degas,100,100,0.99,0.16337,#7F7F7F,#3F0000,#7F3F3F,#BFBFBF,#BF7F3F,#BF7F7F,#3F3F3F,#7F7FBF,#000000,#3F003F
213656,degas,100,100,0.99,6.6,#BFBF3F,#BF3F00,#3F0000,#FFBF3F,#7F3F00,#BF7F3F,#FFBF7F,#BF7F00,#7F7F00,#FFFFBF
213701,degas,100,100,0.99,0.23798,#FFBF7F,#3F3F3F,#BF7F7F,#BFBFBF,#000000,#BF7F3F,#7F7F7F,#FFBFBF,#7F0000,#BFBF7F
213780,degas,100,100,0.99,11.0,#BF7F3F,#FFBF7F,#FF3F00,#FFBF3F,#3F0000,#FFFFBF,#BF7F3F,#FF7F00,#FF7F3F,#7F3F00
213806,degas,100,100,0.99,0.09049,#FFBF7F,#7F0000,#3F0000,#FFFFBF,#BF7F7F,#FFBFBF,#7F3F3F,#000000,#FF3F3F,#FFFFFF
213843,degas,100,100,0.99,11.0,#BF7F00,#FFFFBF,#7F3F00,#FFBF7F,#BF7F3F,#FFBF00,#3F0000,#FFFFFF,#BFBF7F,#BFBF00
213844,degas,100,100,0.99,0.44395,#BF7F3F,#BFBF7F,#3F0000,#FF7F3F,#7F7F7F,#7F7FBF,#3F3F3F,#BF7F7F,#BFBFBF,#7F3F00
213271,degas,100,100,0.99,0.76744,#FFFFFF,#BF7F7F,#3F0000,#FFBF7F,#7F3F00,#BF7F00,#BFBFBF,#FFFFBF,#FFBFBF,#BFBF7F
213269,degas,100,100,0.99,0.4901,#7F003F,#FFBF7F,#BF3F00,#BF7F3F,#3F0000,#7F3F00,#BF3F00,#BF3F3F,#FF7F3F,#3F3F00
213270,degas,100,100,0.99,0.18679,#BFBF7F,#3F3F3F,#BF7F7F,#3F0000,#7F7F7F,#7F3F3F,#BFBFBF,#3F7F7F,#3F0000,#3F3F7F
213361,degas,100,100,0.99,0.10554,#7F7F3F,#FFBF7F,#3F3F3F,#BFBF7F,#000000,#FFFFBF,#7F3F00,#BF7F7F,#BF7F3F,#FFBFBF
213366,degas,100,100,0.99,0.56897,#3F0000,#FF7F3F,#BF3F00,#FFFFBF,#FFBF7F,#7F0000,#7F3F3F,#FF7F7F,#BF7F3F,#3F3F3F
213384,degas,100,100,0.99,0.25781,#FFFFBF,#7F3F3F,#BF7F7F,#000000,#FFBF7F,#BFBF7F,#3F3F3F,#7F7F3F,#3F3F3F,#BF7F3F
213583,degas,100,100,0.99,0.11661,#7F3F7F,#003F3F,#FFBFBF,#BF7F7F,#7F7F7F,#003F3F,#BF7FBF,#7F3F3F,#3F3F3F,#3F003F
213776,degas,100,100,0.99,0.14495,#7F7F3F,#3F0000,#BF7F3F,#3F3F00,#7F003F,#7F3F3F,#3F0000,#3F3F3F,#FF7F3F,#BF7F7F
213800,degas,100,100,0.99,0.825,#BF7F7F,#3F0000,#FFBF7F,#BF7F3F,#7F3F00,#FF7F3F,#FF7F7F,#FFBF3F,#7F7F7F,#7F7F3F
213369,degas,100,100,0.99,0.02433,#00003F,#7F7F3F,#00003F,#3F3F3F,#3F0000,#7F3F00,#003F3F,#3F3F00,#BF7F7F,#BF7F3F
213492,degas,100,100,0.99,0.11871,#3F0000,#7F7F3F,#7F3F3F,#FFFFBF,#BF7F3F,#3F3F3F,#7F3F3F,#000000,#3F3F00,#7F7F7F
213787,degas,100,100,0.99,0.13655,#BFBF7F,#3F3F3F,#7F7F3F,#FFFFBF,#FFBF7F,#3F3F00,#BF7F3F,#3F3F3F,#7F3F3F,#3F3F3F
213278,degas,100,100,0.99,0.09108,#3F3F00,#FFBF3F,#3F3F3F,#7F3F00,#3F3F00,#003F00,#BFBFBF,#BF7F3F,#7F7F3F,#3F3F3F
213293,degas,100,100,0.99,0.19298,#BF7FBF,#3F3F3F,#3F003F,#7F3F7F,#3F003F,#7F3F3F,#BFBFBF,#000000,#3F3F00,#7F7F7F
213321,degas,100,100,0.99,0.2626,#3F0000,#BF7F3F,#7F3F3F,#7F7F7F,#3F3F3F,#BFBFBF,#7F7F3F,#BF7F7F,#BF3F3F,#3F0000
213341,degas,100,100,0.99,0.36131,#BFBFBF,#3F3F00,#BF7F3F,#3F3F3F,#BF7F7F,#003F00,#7F3F00,#7F3F3F,#FF7F3F,#FFBF7F
213403,degas,100,100,0.99,0.05742,#3F0000,#7F7F3F,#3F3F3F,#3F3F00,#7F7F7F,#3F3F3F,#7F3F3F,#3F7F3F,#7FBF7F,#7F3F3F
213484,degas,100,100,0.99,0.02159,#00003F,#7F3F00,#3F3F00,#3F3F00,#BF7F3F,#BF3F3F,#7F3F3F,#BF3F3F,#BFBF7F,#7F3F3F
213489,degas,100,100,0.99,0.0459,#3F3F00,#7F7F7F,#3F3F3F,#3F3F00,#BF7F7F,#7F7F3F,#7F3F00,#BFBF7F,#3F3F3F,#BF7F3F
213515,degas,100,100,0.99,0.23855,#7F3F00,#BF7F7F,#7F3F3F,#3F003F,#BF7F3F,#BFBF7F,#FFBF7F,#7F3F3F,#3F0000,#BF3F00
213585,degas,100,100,0.99,1.62295,#FFBF7F,#7F3F00,#BF7F3F,#3F0000,#BF7F7F,#FF7F7F,#7F3F3F,#BF3F00,#FF7F3F,#FFFFBF
213636,degas,100,100,0.99,0.10796,#7F3F00,#3F3F00,#BFBF3F,#7F7F3F,#7F3F3F,#003F00,#BF7F3F,#3F3F00,#7F003F,#BFBF7F
213640,degas,100,100,0.99,0.04719,#3F0000,#7F7F3F,#3F3F3F,#BFBF7F,#3F0000,#3F3F3F,#7F3F3F,#BF7F7F,#7F3F00,#7F7F7F
213723,degas,100,100,0.99,0.02672,#7F7FBF,#3F3F3F,#3F3F3F,#BFBFBF,#3F3F3F,#7F7F00,#FFFFFF,#3F3F3F,#BFBFFF,#7F3F00
213765,degas,100,100,0.99,2.0625,#7F7F7F,#FFFFFF,#3F7F7F,#FFBF3F,#7FBFFF,#003F3F,#BFBFFF,#FF7F00,#BF7F00,#3F7FBF
213772,degas,100,100,0.99,0.79839,#00003F,#BF7F3F,#7F3F3F,#3F3F7F,#7F7F7F,#3F0000,#7F7F3F,#3F3F3F,#BFBF7F,#7F3F00
213786,degas,100,100,0.99,0.91667,#7F3F3F,#BF7F7F,#7F3F3F,#3F0000,#FF7F3F,#BF7F3F,#FFBF7F,#3F3F3F,#7F7F3F,#BF3F00
213812,degas,100,100,0.99,0.08347,#7F7F3F,#3F3F3F,#BF7F7F,#7F3F3F,#3F3F3F,#3F3F00,#BFBF7F,#3F3F00,#7F3F3F,#3F3F3F
213813,degas,100,100,0.99,0.10691,#7F7F3F,#BFBF7F,#3F3F00,#3F3F00,#FFBFBF,#3F3F00,#3F3F3F,#7F3F00,#BF7F3F,#FFBF7F
213818,degas,100,100,0.99,0.08257,#3F0000,#BF3F00,#7F3F3F,#BF7F3F,#BFBF7F,#000000,#7F3F3F,#3F3F00,#3F3F3F,#7F7F3F
213835,degas,100,100,0.99,9.9,#7F7F7F,#FFBF7F,#3F0000,#BF7F3F,#3F3F3F,#FFFFBF,#BFBF7F,#7F3F3F,#7F7F3F,#BF7F7F
213838,degas,100,100,0.99,5.21053,#BF7F3F,#7F3F00,#3F0000,#FFBF7F,#7F3F3F,#7F7F7F,#7F7F3F,#7F0000,#BF7F7F,#BF3F00
213839,degas,100,100,0.99,0.12563,#7F3F3F,#BFBF7F,#3F0000,#BF7F3F,#7F3F3F,#003F00,#FFBFBF,#BF3F00,#FFBF7F,#7F7F3F
213856,degas,100,100,0.99,2.53846,#FFBF7F,#7F7F3F,#BFBF7F,#3F3F00,#BFBFBF,#7F3F3F,#FFFFBF,#BF7F3F,#7F7F7F,#BF7F7F
213874,degas,100,100,0.99,0.13769,#3F7F7F,#000000,#BF7F3F,#BFBFBF,#3F3F00,#7FBFBF,#7F7F7F,#7F3F00,#7F7F00,#BF7F3F
213334,degas,100,100,0.99,16.5,#BF7F7F,#7F3F3F,#FFBF7F,#7F7F7F,#3F3F3F,#FFFFBF,#FF7F3F,#BFBF7F,#7F7F3F,#BF3F3F
213311,degas,100,100,0.99,0.12644,#7F7F3F,#3F0000,#7F3F3F,#3F3F00,#BF7F3F,#7F3F3F,#3F003F,#7F7F3F,#BF3F3F,#7F3F00
213404,degas,100,100,0.99,0.78571,#7F3F3F,#FFFFBF,#FF7F3F,#7F7F7F,#000000,#BFBFBF,#3F3F3F,#FFFFFF,#BF7F7F,#BF3F00
213408,degas,100,100,0.99,0.06334,#7F7F3F,#3F3F3F,#000000,#BF3F3F,#7F3F3F,#3F0000,#BF7F7F,#003F3F,#3F003F,#BF7F3F
213642,degas,100,100,0.99,0.09501,#7F7F7F,#3F3F00,#FFBF3F,#BFBF7F,#7F3F00,#BF7F3F,#FFFF7F,#000000,#3F3F3F,#3F3F3F
213644,degas,100,100,0.99,1.65,#BFBF7F,#3F003F,#FFFFFF,#BF7F3F,#BF7F7F,#BFBFBF,#7F3F3F,#FFBF7F,#FFBFBF,#FF7F3F
213645,degas,100,100,0.99,0.24205,#7F0000,#BFBFBF,#7F3F3F,#003F7F,#FFBF7F,#3F3F3F,#7F7F7F,#3F0000,#7F7F3F,#3F0000
213646,degas,100,100,0.99,0.33446,#3F3F00,#BF7F00,#FFFFBF,#7F7F3F,#BF3F00,#7F3F3F,#003F00,#7F7F7F,#7F3F3F,#BFBF7F
213650,degas,100,100,0.99,0.15421,#000000,#FF7F3F,#FFFFFF,#7F3F3F,#7F7F3F,#FFBF7F,#3F3F3F,#BF7F3F,#3F3F3F,#BF3F00
213762,degas,100,100,0.99,0.17247,#3F003F,#BF7F3F,#FFBF7F,#7F3F3F,#3F3F00,#3F003F,#7F3F3F,#7F7F00,#BFBF7F,#BFBF3F
213782,degas,100,100,0.99,1.86792,#FFBF7F,#7F3F00,#BF7F3F,#3F3F00,#FFBFBF,#7F7F3F,#BFBF7F,#FFBF3F,#BFBF3F,#3F3F00
213792,degas,100,100,0.99,0.16528,#7F3F00,#3F3F7F,#003F00,#3F3F3F,#7F7F3F,#3F3F7F,#3F3F00,#BFBF7F,#3F3F00,#3F3F3F
213793,degas,100,100,0.99,0.20497,#3F3F00,#7F3F3F,#BF3F00,#003F3F,#7F3F00,#FF7F3F,#BFBF7F,#3F0000,#3F3F00,#7F7F3F
213819,degas,100,100,0.99,0.78571,#BFBF7F,#7F3F3F,#BF7F3F,#7F3F00,#BFBFBF,#3F0000,#3F3F3F,#7F7F3F,#BF7F00,#3F003F
213339,degas,100,100,0.99,0.12237,#3F7F3F,#3FBFFF,#3F3F3F,#00003F,#7F7F3F,#3F3F3F,#BFFFBF,#7FBF7F,#3F7F7F,#003F7F
213643,degas,100,100,0.99,1.1,#FFFFFF,#7F7F3F,#BFBF7F,#7F7F3F,#3F0000,#BFBFBF,#BF7F3F,#7F0000,#BF7F3F,#7F7F7F
213763,degas,100,100,0.99,0.55307,#FFBF7F,#3F3F3F,#7F7FBF,#FFBFBF,#BF7F7F,#7F3F3F,#003F00,#FFFFBF,#BF3F3F,#FF7F7F
213282,degas,100,100,0.99,0.40081,#BFBFBF,#3F3F3F,#BF7F7F,#BF3F00,#000000,#FF7F3F,#BFBF7F,#7F7F7F,#7F0000,#7F7F3F
213314,degas,100,100,0.99,0.10634,#7F7F3F,#3F0000,#7F3F3F,#BFBF7F,#3F3F3F,#3F3F00,#000000,#BF7F3F,#7F7F7F,#7F3F00
213315,degas,100,100,0.99,2.25,#FFFFFF,#7F3F3F,#BFBFBF,#3F3F3F,#7FBFBF,#7F7F7F,#BFBF7F,#3F003F,#BF7F7F,#FFFFBF
213351,degas,100,100,0.99,0.60366,#7F7F3F,#7F3F3F,#BFBF7F,#BF7F3F,#3F0000,#BF3F3F,#BF7F7F,#BFBFBF,#BF3F3F,#7F0000
213396,degas,100,100,0.99,5.5,#FFBF3F,#FFFF7F,#7F3F3F,#BF7F3F,#FFBF7F,#3F0000,#FF7F3F,#BF7F7F,#FFFFBF,#BF3F3F
213409,degas,100,100,0.99,0.10175,#3F3F00,#7F7F3F,#BF7F7F,#3F3F3F,#3F3F3F,#7F3F3F,#FFBFBF,#BF7F3F,#003F00,#7F3F3F
213410,degas,100,100,0.99,0.43612,#7F3F3F,#7F7FBF,#000000,#BF7F7F,#BF7F3F,#3F3F3F,#7F3F3F,#3F3F3F,#FFBF7F,#7F7F3F
213411,degas,100,100,0.99,0.24688,#7F003F,#7F7F7F,#3F3F3F,#003F00,#FFBF7F,#3F3F3F,#7F7F3F,#7F3F3F,#3F7F3F,#3F7F7F
213463,degas,100,100,0.99,0.12044,#7F7F7F,#3F3F3F,#FFBF3F,#BF7F3F,#000000,#7F7F3F,#3F3F3F,#BFBF7F,#FFFFBF,#7F3F00
213504,degas,100,100,0.99,0.2346,#7FBFBF,#7F3F3F,#BFBFBF,#3F3F00,#3F3F00,#7F7F3F,#7F3F3F,#FFBF7F,#7F7F7F,#3F0000
213584,degas,100,100,0.99,0.51295,#BF7F7F,#7F3F3F,#FFBF7F,#000000,#BF7F3F,#7F3F3F,#FFBFBF,#3F3F00,#BF3F3F,#FF7F7F
213624,degas,100,100,0.99,0.03052,#3F003F,#3F3F3F,#7F7F7F,#3F003F,#BFBFBF,#3F003F,#3F0000,#003F3F,#7F3F3F,#7F7FBF
213758,degas,100,100,0.99,0.09074,#7F7F3F,#3F0000,#BF3F00,#3F3F3F,#BFBF7F,#BF7F3F,#7F3F00,#3F3F00,#BF7F7F,#3F3F3F
213775,degas,100,100,0.99,0.05736,#3F0000,#BF7F3F,#7F3F3F,#3F3F3F,#3F0000,#BF3F3F,#BF7F7F,#7F3F3F,#3F3F3F,#3F003F
213779,degas,100,100,0.99,0.06726,#000000,#7F3F00,#7F7F3F,#3F3F3F,#7F7F7F,#3F3F00,#3F0000,#FFBF7F,#BF7F3F,#BF7F7F
213820,degas,100,100,0.99,0.08903,#3F3F3F,#BFBF7F,#FF7F00,#3F3F3F,#FFFFFF,#000000,#7F7F7F,#7F3F00,#BFBFBF,#3F3F3F
213821,degas,100,100,0.99,0.0514,#3F3F3F,#FFBF7F,#000000,#7F7F3F,#7F3F00,#3F3F3F,#3F0000,#FFFFBF,#BF7F3F,#7F7F7F
213395,degas,100,100,0.99,0.27273,#7F3F3F,#BF7F3F,#3F3F00,#7F7F3F,#FFBF3F,#3F3F3F,#BFBF3F,#3F3F00,#7F3F00,#3F3F00
213412,degas,100,100,0.99,0.18333,#FFBFBF,#7F3F3F,#003F3F,#BF7F7F,#3F3F00,#BFBF7F,#7F7F3F,#BF7F3F,#BFBFBF,#3F3F3F
213433,degas,100,100,0.99,0.26757,#BF7F3F,#7F3F3F,#3F3F3F,#BFBF7F,#3F3F3F,#7F7F3F,#00003F,#FFBF3F,#FFBF7F,#7F3F3F
213475,degas,100,100,0.99,0.12791,#7FBFBF,#3F3F3F,#BF7F7F,#000000,#FFBF7F,#BF7F3F,#7F7F7F,#7F3F3F,#7F7F3F,#BFBF7F
213629,degas,100,100,0.99,0.43043,#7F3F3F,#FF3F3F,#3F0000,#7F3F3F,#BF3F3F,#FF3F3F,#BF7F3F,#BF3F3F,#3F3F00,#FF7F3F
213766,degas,100,100,0.99,0.375,#3F3F3F,#BFBF7F,#7F7F3F,#003F00,#7F7F7F,#BF7F3F,#BFBFBF,#7F3F00,#FFBF3F,#3F3F3F
213794,degas,100,100,0.99,0.21382,#3F0000,#BF7F7F,#7F7F3F,#3F3F7F,#7F7F3F,#3F3F00,#3F3F3F,#7F3F00,#BF7F3F,#003F3F
213370,degas,100,100,0.99,0.08919,#3F0000,#FFBF00,#BF7F7F,#7F7F00,#FFFFFF,#7F3F00,#3F3F00,#FFBFBF,#3F0000,#BF7F00
213464,degas,100,100,0.99,0.09218,#BF7F7F,#3F0000,#7F7F3F,#3F3F3F,#7F3F3F,#7F3F3F,#BF7F3F,#3F0000,#3F3F3F,#FFBFBF
213572,degas,100,100,0.99,0.22654,#FFBF3F,#3F3F00,#FFFFBF,#BF7F3F,#7F7F3F,#BFBF7F,#FFBF7F,#000000,#FFFFFF,#BF7F00
213801,degas,100,100,0.99,0.23571,#3F3F00,#3F7F7F,#BF3F00,#7F3F3F,#3F3F3F,#3F3F7F,#3F0000,#7F3F3F,#003F3F,#BF7F3F
213804,degas,100,100,0.99,0.50769,#FFBF3F,#7F3F3F,#7F7F3F,#BF7F3F,#3F3F00,#FFFF7F,#BFBF3F,#7F3F3F,#00003F,#BFBF7F
213283,degas,100,100,0.99,0.6,#FF7F00,#7F3F00,#BFBFBF,#003F3F,#FFBFBF,#BF3F00,#7F7F7F,#BF7F3F,#00003F,#FF3F00
213325,degas,100,100,0.99,2.30233,#FFBF7F,#7F7F3F,#3F3F00,#BFBFFF,#BF7F7F,#BF7F3F,#7F3F3F,#3F0000,#FFFFFF,#7F3F00
213465,degas,100,100,0.99,0.45413,#7F3F00,#BF7F3F,#3F3F3F,#BF7F3F,#BF3F00,#7F0000,#3F3F00,#FF7F00,#3F0000,#7F7F00
213774,degas,100,100,0.99,0.12,#7F3F3F,#BFBFFF,#3F0000,#7F7F7F,#3F0000,#7F7FBF,#3F3F3F,#7F0000,#BF7F7F,#3F003F
213280,degas,100,100,0.99,0.42672,#BF3F3F,#3F0000,#BF7F3F,#7F3F3F,#FFBF7F,#FF7F3F,#3F3F00,#FFBF3F,#000000,#3F3F3F
213428,degas,100,100,0.99,0.38824,#3F3F00,#FFBF7F,#BF7F3F,#7F7F7F,#7F3F3F,#003F00,#BF7F7F,#7F7F00,#BFBF3F,#7F3F3F
213773,degas,100,100,0.99,6.1875,#FFBF7F,#7F7F7F,#3F3F3F,#BFBFBF,#FFFFBF,#FFBF3F,#FFFF7F,#BFBF7F,#3F7F7F,#7F7F3F
213265,degas,100,100,0.99,1.76786,#BF7F00,#BFBFBF,#3F3F00,#BF7F3F,#7F3F00,#FF7F00,#7F7F00,#BFBF7F,#BF7F7F,#3F003F
213266,degas,100,100,0.99,1.67797,#7F3F00,#BF7F3F,#BFBF7F,#FFBF3F,#7F003F,#BF3F00,#FF7F00,#3F0000,#FFBF7F,#BF7F3F
213413,degas,100,100,0.99,0.3,#003F00,#7F7F00,#7F7F3F,#7F3F00,#BF3F00,#3F3F00,#BF7F00,#3F7F3F,#7F7F7F,#3F3F3F
213424,degas,100,100,0.99,0.37786,#BF7F7F,#3F3F3F,#BF3F00,#7F3F3F,#000000,#7F7F3F,#7F7F7F,#3F3F3F,#FFBFBF,#7F3F3F
213473,degas,100,100,0.99,0.15231,#7F7F7F,#3F003F,#3F3F3F,#3F7F3F,#BFBFBF,#7F7F3F,#7F3F3F,#7F3F3F,#7FBF7F,#3F0000
213526,degas,100,100,0.99,0.11037,#BF7F00,#3F0000,#7F3F3F,#BFBFBF,#7F7F00,#7F3F00,#3F0000,#3F3F3F,#BF7F7F,#7F7F7F
213534,degas,100,100,0.99,0.30091,#BF3F3F,#7F7F3F,#3F3F3F,#BF7F3F,#7F3F3F,#3F003F,#BF7F7F,#3F3F3F,#FFBF3F,#00003F
213798,degas,100,100,0.99,0.2929,#7F3F3F,#3F3F00,#BF7F3F,#BF3F00,#3F3F3F,#7F3F3F,#3F3F3F,#BF7F7F,#000000,#BF7F00
213823,degas,100,100,0.99,0.73881,#FFFFFF,#7F3F00,#FFBF7F,#3F0000,#BFBF3F,#7F7F3F,#FF7F3F,#BFBFBF,#BF7F3F,#FFBF00
213767,degas,100,100,0.99,0.10112,#7F3F00,#3F0000,#BF7F7F,#7F3F3F,#3F3F3F,#3F3F00,#3F3F3F,#BF3F00,#7F3F7F,#BF7F00
213840,degas,100,100,0.99,0.30462,#FFBF7F,#3F3F3F,#BF7F3F,#003F00,#BF7F7F,#FFFFFF,#FFBFBF,#7F7F7F,#7F3F3F,#3F0000
213267,degas,100,100,0.99,0.11049,#BF7F3F,#3F0000,#7F7F3F,#3F0000,#7F3F3F,#FFBF3F,#3F3F3F,#FFBF7F,#BF7F7F,#BF3F3F
213279,degas,100,100,0.99,0.2346,#7F3F3F,#7F7F7F,#3F3F00,#7F3F3F,#BF7F7F,#BFBFBF,#BF7F3F,#3F3F3F,#3F3F00,#3F3F3F
213302,degas,100,100,0.99,0.10323,#3F0000,#7F3F3F,#3F3F7F,#BF7FBF,#3F0000,#7F3F00,#BF7F3F,#3F003F,#BF3F00,#3F3F3F
213474,degas,100,100,0.99,0.57895,#7F7F00,#BF7F3F,#7F7F3F,#3F3F00,#BFBFBF,#3F3F3F,#7F7F7F,#7F3F00,#BF7F00,#003F00
213797,degas,100,100,0.99,0.10432,#000000,#FFBF7F,#BFBFBF,#7F3F3F,#BF7F00,#FFBF00,#3F3F3F,#7F7F7F,#FFFFFF,#FF7F00
213865,degas,100,100,0.99,0.30091,#7F7F00,#BFFFBF,#3F3F3F,#3F7F7F,#FF7F00,#3F0000,#7F3F00,#3F3F3F,#BFBF7F,#3F0000
9223372032559882189,degas,100,100,0.99,0.07789,#BF7F7F,#3F3F3F,#7F7F3F,#3F3F00,#3F3F3F,#FFFFBF,#7F3F00,#3F0000,#BFBF7F,#BF7F3F
213551,degas,100,100,0.99,0.05644,#BF7F7F,#000000,#3F3F3F,#BFBFBF,#7F7F7F,#3F0000,#BFBF7F,#7F3F3F,#BF7F3F,#7F7F3F
213569,degas,100,100,0.99,0.06851,#3F3F3F,#BF7F3F,#3F3F00,#7F3F3F,#BFBFBF,#7F7F7F,#3F0000,#BF7F7F,#BF3F3F,#7F7F3F
213674,degas,100,100,1.0,0.18657,#BF7F7F,#FFFFFF,#3F3F3F,#3F0000,#7F7F7F,#7F3F3F,#000000,#3F003F,#BFBFBF,#7F3F7F
213677,degas,100,100,1.0,1.44928,#BF7F7F,#3F3F3F,#FFBFBF,#7F7F7F,#BFBFBF,#BFBF7F,#7F7F3F,#FFFFFF,#003F00,#7F3F3F
213789,degas,100,100,0.99,0.54396,#3F3F3F,#BF7F3F,#FFFF3F,#BFBF3F,#7F7F3F,#00003F,#003F3F,#7FBF3F,#7F3F00,#BFBF7F
213825,degas,100,100,0.99,4.5,#3F0000,#BF7F7F,#7F3F3F,#BFBF7F,#BF3F3F,#7F7F3F,#7FBF3F,#BF7F3F,#7F3F3F,#BFBFBF
213876,degas,100,100,0.99,0.29118,#000000,#BFBFBF,#7F3F00,#7F7F3F,#FFFFBF,#3F3F3F,#3F003F,#BFBF7F,#FFBFBF,#3F3F3F
