229254,warhol,100,100,0.99,0.67808,#7FBFBF,#000000,#3FBF00,#BFBFBF,#7F7FBF,#3F7F00,#3FFF00,#7F7F7F,#3F3F00,#3FBF3F
301919,warhol,100,100,1.0,1.19048,#000000,#FFFFFF,#FF7F3F,#BF3F00,#FFBFBF,#7F7F3F,#FF7FBF,#007F7F,#BF3F7F,#FFFF00
9223372032559859125,warhol,100,100,1.0,1.42857,#FFFFFF,#7F7F7F,#003F00,#BFBFBF,#000000,#FFBF00,#FFFFBF,#BF0000,#3F3F3F,#FFBFBF
306859,warhol,100,100,0.99,1.54688,#FFFFFF,#3F3F3F,#BFBF7F,#FFFFBF,#FFBF00,#7F7F7F,#BFBFFF,#7F7F3F,#BFFFFF,#3F0000
9223372032559859124,warhol,100,100,1.0,0.16393,#FFFFFF,#3F3F3F,#7FBFBF,#7F7F7F,#BF0000,#BFBFBF,#00003F,#BFFFBF,#BF3F3F,#FFFFBF
9223372032559854964,warhol,100,100,0.99,19.8,#FFFFFF,#7F7F7F,#FFFF7F,#00003F,#FFBF3F,#BFBFFF,#3F3F3F,#BFBFBF,#7FBFBF,#BFFFFF
229270,warhol,100,100,0.99,0.75573,#FFFFBF,#FF3F00,#FFFFFF,#3F3F3F,#FF7F7F,#000000,#FFBF00,#BFFFFF,#7F7F7F,#BFBFBF
229271,warhol,100,100,1.0,3.0303,#3F0000,#FFFFFF,#FF3F3F,#BF3F3F,#FFBFBF,#7F7F3F,#BF7F7F,#FF0000,#7F3F3F,#FF3F00
229278,warhol,100,100,1.0,0.36765,#FFBFBF,#3F7F3F,#FFFFFF,#003F3F,#7FFFBF,#FFFFBF,#3FBF7F,#FF3F00,#3F003F,#3F7F7F
229311,warhol,100,100,0.99,0.02267,#000000,#BFBF7F,#3F3F3F,#FFFFFF,#7F7F7F,#3F003F,#BFFFBF,#7F7F3F,#FFFFBF,#3F3F3F
229307,warhol,100,100,1.0,0.43478,#3F3F3F,#FFFFBF,#7F7F7F,#FFFFFF,#BFBFBF,#003F00,#7F7F3F,#7FBF7F,#BFBF7F,#3F7F3F
300216,warhol,100,100,1.0,0.59524,#BF7F7F,#3F3F3F,#FFFFFF,#BF0000,#7F3F3F,#BFBFBF,#7F7F7F,#000000,#7F0000,#BF3F3F
9223372032559811415,warhol,100,100,0.99,0.02536,#003F3F,#FFFFFF,#BF7F7F,#3F3F00,#3F3F3F,#FFBFBF,#7F3F3F,#FFFFBF,#7F7F7F,#BFBFBF
9223372032559811414,warhol,100,100,0.99,0.16391,#3F0000,#FFFFBF,#BF3F7F,#007FBF,#FFFF3F,#3F3F3F,#7FBFBF,#7F7F7F,#FF3F7F,#BFBFBF
9223372032559811413,warhol,100,100,0.99,0.02833,#FFFFBF,#3F3F3F,#3F003F,#7F7F7F,#BFBF7F,#3F3F3F,#7F7F3F,#003F00,#3F0000,#FFBFBF
229288,warhol,100,100,1.0,0.05107,#FFFFFF,#3F3F00,#BFBFBF,#7F7F3F,#3F3F3F,#7F7F7F,#FFFFBF,#3F3F00,#FFBFBF,#3F3F3F
229291,warhol,100,100,0.99,0.02274,#7F3F3F,#000000,#BF3F3F,#3F3F00,#7F0000,#7F003F,#7F3F00,#BF003F,#3F3F00,#BF3F00
229297,warhol,100,100,0.99,0.18436,#BFBFFF,#3F3F7F,#7F3F7F,#FF3F00,#3F003F,#3F7FBF,#003F00,#FFFFFF,#7F7F7F,#3F3F7F
229298,warhol,100,100,0.99,0.06454,#FF7F00,#3F0000,#7F3F00,#BF7F00,#3F0000,#BF3F00,#3F3F00
229296,warhol,100,100,0.99,49.5,#7F7F7F,#7FBFBF,#BFBFBF,#3F3F3F,#3F7F7F,#BFBFFF,#7F7FBF,#BFFFFF,#3F7F3F,#003F00
229299,warhol,100,100,0.99,0.0301,#7F3F00,#BF3F00,#3F3F00,#3F0000,#FF3F00,#7F3F00,#BF3F3F,#FF7F3F,#7F3F3F,#FF7F3F
229375,warhol,100,100,0.99,0.07734,#3F3F3F,#BF0000,#BF3F3F,#7F003F,#3F3F00,#BF3F3F,#BF3F7F,#7F3F3F,#BF3F00,#7F3F3F
229324,warhol,100,100,0.99,0.0203,#000000,#BF7F7F,#3F3F3F,#3F0000,#3F7FFF,#BFBFFF,#7F3F3F,#3F003F,#7F7F7F,#BF7F3F
229365,warhol,100,100,0.99,0.02458,#7F3F3F,#3F0000,#FF7F3F,#BF7F00,#FFBF3F,#3F3F00,#3F3F00,#FFBF3F,#FF7F3F,#BF3F00
9223372032559811411,warhol,100,100,0.99,0.01778,#00003F,#BFFFFF,#3F3F3F,#FFFFFF,#7F7F7F,#BFBFBF,#00003F,#7F7FBF,#003F3F,#3F3F7F
229300,warhol,100,100,0.99,0.04008,#3F3F00,#FF3F3F,#3F3F3F,#FF3F3F,#FF7F3F,#3F003F,#3F7F3F,#FF3F7F,#BF003F,#003F00
229333,warhol,100,100,0.99,0.02171,#000000,#FFBFBF,#7F7F7F,#FFFFFF,#3F3F3F,#BFFFBF,#BFBFBF,#FFBFFF,#BFBF7F,#BFFFFF
229334,warhol,100,100,0.99,0.02075,#00003F,#BFBF3F,#FFFFFF,#7FBF3F,#FFBFBF,#3F3F00,#FF3F3F,#7F7F3F,#FFFFBF,#7F7F7F
229383,warhol,100,100,0.99,0.01925,#3F0000,#BFBFBF,#FFFFFF,#3F3F3F,#7F7F7F,#3F3F00,#BFBFFF,#3F003F,#003F00,#3F3F3F
300217,warhol,100,100,1.0,0.02323,#FFFFFF,#3F3F3F,#00003F,#7F7F7F,#BFBFBF,#BFBF7F,#003F3F,#003F00,#7F7F3F,#BF7F7F
300218,warhol,100,100,1.0,0.08078,#FFFFBF,#3F3F3F,#BFBFBF,#003F3F,#7F7F7F,#FFBFBF,#FFFFFF,#BFBF7F,#7F7F3F,#003F00
229295,warhol,100,100,0.99,0.02097,#3F003F,#BF7F00,#FFFFFF,#7F0000,#BFBF00,#BF0000,#3F3F3F,#7F7F3F,#FFBF7F,#3F3F3F
229322,warhol,100,100,0.99,0.0199,#3F0000,#3F3FBF,#00003F,#3F3F7F,#3F3FFF,#3F3F7F,#00007F,#3F3FBF,#003F3F,#3F3F3F
229323,warhol,100,100,0.99,0.02924,#00003F,#7FBFFF,#3F7FBF,#000000,#BFBFBF,#3F3F3F,#3F3F3F,#7F7F3F,#FFFFFF,#003F7F
229346,warhol,100,100,0.99,0.14286,#7FBFBF,#FFBF3F,#000000,#FFBFBF,#FFFF3F,#3F3F00,#3F7FBF,#7F7F3F,#BF7FBF,#3FBFBF
300243,warhol,100,100,1.0,2.43902,#3F3F3F,#FFFFFF,#BFBF7F,#7F3F00,#7F7F7F,#BFBFBF,#3F003F,#3F3F3F,#7F3F3F,#7F7F3F
229280,warhol,100,100,0.99,0.07529,#BF3F7F,#7F7F3F,#3F0000,#3F3F3F,#7F3F3F,#00003F,#BF3F7F,#BF003F,#7F7F3F,#7F3F3F
229281,warhol,100,100,0.99,0.0839,#FF3F3F,#3F0000,#FFFF3F,#BF3F3F,#3F0000,#FFFFBF,#7F3F3F,#7F0000,#3F003F,#FFBF3F
229282,warhol,100,100,0.99,0.54696,#BF3F7F,#3F003F,#3F3FBF,#FF7FBF,#3F003F,#BF7F7F,#3F3F7F,#7F3F3F,#FFFFFF,#BF7FBF
229283,warhol,100,100,0.99,0.50769,#FFFFFF,#3F3F3F,#BF7F7F,#BFBFBF,#3F003F,#7F7F7F,#FFFFBF,#7F3F3F,#FFBFBF,#3F003F
229349,warhol,100,100,0.99,0.04282,#BF7F7F,#000000,#BF7F3F,#3F3F3F,#BFBF7F,#7F7F3F,#BFBF3F,#3F3F3F,#7F3F3F,#3F3F3F
229399,warhol,100,100,1.0,0.61728,#BF3F7F,#FFFFFF,#BF0000,#7FBFFF,#FF7F00,#7F3F3F,#BFBFBF,#FFBFBF,#000000,#BF3F3F
229398,warhol,100,100,1.0,0.12469,#3F003F,#FFFFFF,#FFFF3F,#7F7F00,#BFBFBF,#3F3F3F,#BFBF3F,#3F3F3F,#7F7F7F,#FFFFBF
300219,warhol,100,100,0.99,33.0,#FFBFBF,#FFFFFF,#BF7F7F,#FFFFBF,#BF003F,#BF3F3F,#BFBFBF,#BFBF7F,#7F3F3F,#7F7F7F
229347,warhol,100,100,0.99,49.5,#FF00BF,#007FBF,#FFFFFF,#003F3F,#FF0000,#007F7F,#FF00FF,#BFBFBF,#003F7F,#7F003F
229272,warhol,100,100,0.99,0.45833,#FF007F,#7F3F3F,#3F7FFF,#FFBF00,#000000,#BFBFBF,#FF3F7F,#007F3F,#007FBF,#FFBF3F
229277,warhol,100,100,0.99,0.18821,#FF7F00,#7F3F7F,#00007F,#FF0000,#FFFFFF,#FF007F,#000000,#FFFF00,#7FBF00,#007FFF
229363,warhol,100,100,1.0,2.04082,#FFFFBF,#FF0000,#BF7F7F,#FFFFFF,#3F0000,#BF3F00,#BF0000,#FF3F3F,#BFBFBF,#7F3F3F
229304,warhol,100,100,0.99,1.32,#000000,#3F7F3F,#FFFFFF,#FFBF00,#FF7FBF,#7FBFFF,#FF3F7F,#FF0000,#3F3F7F,#3F3F00
229301,warhol,100,100,0.99,0.04312,#3F3F3F,#FFBF3F,#003F3F,#FFFF3F,#FFFF7F,#3F003F,#BF7F3F,#3F3F3F,#7F3F00,#BFBF3F
229302,warhol,100,100,0.99,0.04764,#3F7F00,#BFFFFF,#3F3F00,#7FFFFF,#3F3F3F,#3F7F7F,#7FBFBF,#3F7F00,#003F3F,#7FBFFF
229303,warhol,100,100,0.99,0.05028,#FF3F7F,#3F3F3F,#FFFF3F,#7F7FBF,#003F3F,#3F3F3F,#3F7F3F,#003F00,#BF003F,#BFBF00
229294,warhol,100,100,1.0,20.0,#FF7FBF,#3F003F,#7FBFBF,#FFFFFF,#FFBF3F,#FF3F00,#7FBFFF,#FFBF7F,#BFBFBF,#7F7F7F
229340,warhol,100,100,0.99,0.04308,#BF7F00,#BFFFFF,#000000,#FF7F3F,#7FBFBF,#FF3F3F,#FFBF00,#3F3F00,#7F7F7F,#BFBF00
229342,warhol,100,100,0.99,0.08236,#BFFFBF,#003F7F,#7F7F7F,#000000,#3FBF7F,#BF7F7F,#3F3F3F,#3FBF3F,#00003F,#FFFFFF
229343,warhol,100,100,0.99,0.05491,#7F7F7F,#FFFFFF,#3F0000,#BF3F00,#BF3F3F,#FFBFBF,#BF3F00,#FF7F3F,#FF0000,#3F0000
229344,warhol,100,100,0.99,0.04101,#00BFBF,#003F3F,#007F3F,#003F7F,#3F003F,#FFFFBF,#003F3F,#003F3F,#007F7F,#3F0000
229339,warhol,100,100,0.99,0.05763,#FF0000,#3F007F,#FFFFBF,#003F00,#3F3F7F,#3F0000,#BFBF7F,#3F00BF,#7F7F3F,#BF0000
229341,warhol,100,100,0.99,0.04091,#3F003F,#BFFFFF,#FFFF7F,#3F3F3F,#7FBFBF,#BF7F3F,#3F3F3F,#FFFFBF,#3F0000,#BFBFFF
300234,warhol,100,100,1.0,0.04838,#000000,#BFFFBF,#7FBF7F,#FFFFFF,#BFBFBF,#7F7F7F,#BFBF7F,#3F3F3F,#FFBFBF,#BF7F7F
229338,warhol,100,100,0.99,0.08564,#7F7FBF,#7F3F00,#FF7F00,#000000,#BFBFFF,#7FBFBF,#3F3F00,#7F7F3F,#3F0000,#BFBF7F
229328,warhol,100,100,0.99,0.09008,#00007F,#7F003F,#3F0000,#00003F,#BF7F7F,#7F0000,#3F0000,#7F3F7F,#3F003F,#BF3F3F
229337,warhol,100,100,0.99,0.0335,#7F7FBF,#3F0000,#FF3F3F,#BFBF7F,#3F3F3F,#FF7F7F,#3F0000,#BF3F3F,#FF3F00,#7FBFBF
229290,warhol,100,100,0.99,0.0287,#000000,#7F7FBF,#BF7F3F,#7F3F00,#FFFF3F,#BFBFBF,#3F3F3F,#7F7F7F,#7FBFBF,#3F3F00
229352,warhol,100,100,1.0,0.01571,#3F3F00,#FFFFFF,#3F0000,#BF7F7F,#BFBFBF,#7F3F3F,#FFFFBF,#3F0000,#7F7F7F,#FFBFBF
229353,warhol,100,100,0.99,0.02401,#FFBFBF,#3F0000,#BF3F3F,#3F3F00,#7F0000,#FFFFBF,#FFFFFF,#BF7F3F,#BFBF3F,#7F003F
300229,warhol,100,100,0.99,0.02,#FF7F7F,#3F0000,#7F3F3F,#3F0000,#3F3F7F,#BF3F00,#7FBFFF,#3F3F3F,#BF7FBF,#BF3F3F
229354,warhol,100,100,1.0,0.04746,#FFBF7F,#000000,#FFFFFF,#BF7F3F,#FF7FBF,#3F3F3F,#BFBF7F,#BF7F7F,#FFFF7F,#BFBF3F
229368,warhol,100,100,0.99,0.02842,#FFBF7F,#003F00,#3F3F3F,#FFBFBF,#BF7F7F,#7F3F3F,#3F3F00,#BFBF7F,#BF7F3F,#3F3F00
229384,warhol,100,100,0.99,0.18033,#FFFFBF,#3F3F00,#BF7F3F,#FFFF00,#BFFF7F,#FFBF7F,#FFBFBF,#FFFF7F,#7F7F3F,#000000
300221,warhol,100,100,0.99,0.02275,#BFBF3F,#00003F,#FFBFBF,#3F3F3F,#7F7F3F,#3F7F7F,#FFFF3F,#BF7F7F,#7F3F3F,#3F003F
300236,warhol,100,100,1.0,6.25,#FFFFBF,#FFBF3F,#3F3F00,#FFFF3F,#FFBF00,#7F7F3F,#FFFF7F,#BFBF3F,#BF7F00,#FFFFFF
229385,warhol,100,100,1.0,0.05602,#3F0000,#FFBF00,#FFFFFF,#3F7F3F,#BF3F3F,#3F0000,#FF7F3F,#3F3F3F,#FFBFBF,#FF7F00
229274,warhol,100,100,0.99,0.25515,#BF7F7F,#3F0000,#BF7F3F,#7F3F3F,#FF7F7F,#3F3F3F,#3F0000,#FFFFFF,#FFBF7F,#7F7F3F
229275,warhol,100,100,1.0,0.09452,#FFFFFF,#3F3F3F,#BF7F7F,#000000,#BFBFBF,#7F7F7F,#FFBFBF,#00003F,#BFBF7F,#FFFFBF
300198,warhol,100,100,0.99,0.1471,#FFFFBF,#7F3F3F,#BF7F3F,#00003F,#FFBF7F,#3F3F00,#FFBFBF,#7F3F3F,#BFBF7F,#BF3F3F
300202,warhol,100,100,1.0,0.05612,#FFFFFF,#00003F,#BFBFBF,#7F7F7F,#3F3F3F,#FFBFBF,#FFFFBF,#BF7F7F,#BFBF7F,#7F3F3F
300237,warhol,100,100,0.99,0.01727,#000000,#3F7F7F,#3F3F3F,#3F7FBF,#3F003F,#3F003F,#3F3F3F,#7F003F,#3F3F7F,#3F3F00
229314,warhol,100,100,1.0,0.82645,#FFFFBF,#3F3F3F,#FFFFFF,#FF3F3F,#000000,#BFBFBF,#BF3F00,#7F7F7F,#FFBFBF,#7F3F3F
9223372032559853793,warhol,100,100,1.0,0.17699,#BFBFBF,#7F3F3F,#7FBFFF,#00003F,#FFBFBF,#FFFFFF,#BF7F7F,#BFBFFF,#BFBF7F,#3F3F00
9223372032559811412,warhol,100,100,0.99,0.01704,#3F7F7F,#003F00,#BFBFBF,#3F3F3F,#3F7FBF,#7F7F7F,#003F3F,#3F7F7F,#FFBFBF,#00003F
229376,warhol,100,100,1.0,0.08969,#FFFFFF,#3F3F3F,#3F0000,#BF7F7F,#BFBFBF,#7F7F3F,#7F7F7F,#3F003F,#7F3F3F,#FFBFBF
300193,warhol,100,100,0.99,0.04855,#BF7F7F,#000000,#FFBF3F,#FFBFBF,#7F7FBF,#3F3F3F,#FFBF7F,#BF7FBF,#FFBF3F,#BF7F00
300228,warhol,100,100,0.99,3.0,#BF7F3F,#7F3F3F,#7F7F3F,#BF3F3F,#3F3F3F,#3F3F3F,#7F7F7F,#BF7F7F,#3F0000,#3F0000
229360,warhol,100,100,0.99,0.03668,#3F0000,#FF3F3F,#3F003F,#7F3F00,#3F3F00,#FFFFFF,#3F7F3F,#BF003F,#FF003F,#003F3F
229362,warhol,100,100,0.99,0.04615,#3F3F00,#FFBF00,#7F3F3F,#000000,#7F7F3F,#7F3F3F,#FF7F3F,#FFFFFF,#3F003F,#7F003F
229257,warhol,100,100,0.99,0.03171,#3F0000,#FFBFBF,#FFFFFF,#7F7F3F,#7F3F00,#3F0000,#7F7F7F,#FFBF7F,#3F3F3F,#FFFFBF
229359,warhol,100,100,0.99,0.03445,#3F3F00,#BF3F3F,#FFBF3F,#7F3F3F,#3F003F,#3F003F,#FF3F3F,#FF7F3F,#7F7F3F,#BF7F00
300211,warhol,100,100,0.99,0.03008,#FFFFFF,#000000,#BFBF7F,#FFFFBF,#7F7F3F,#3F3F3F,#FFBFBF,#BFBFBF,#7F7F7F,#BF7F7F
300225,warhol,100,100,0.99,0.02665,#000000,#BFBFBF,#BF0000,#FFFFBF,#BF7F7F,#BFBFFF,#7F7FBF,#FF3F00,#FFBFBF,#3F3F3F
229258,warhol,100,100,1.0,0.31646,#FFFFFF,#3F3F7F,#BFBFBF,#003F3F,#7F7F7F,#7F7FBF,#3F3F3F,#FFFFBF,#FFBFBF,#7F3F3F
229378,warhol,100,100,1.0,16.66667,#BF7F7F,#FFBFBF,#3F0000,#7FBFBF,#BF3F00,#FFFFFF,#7FBFFF,#FFBF7F,#7F3F3F,#BF7F3F
229382,warhol,100,100,0.99,0.06694,#FF7F3F,#7F7F7F,#3F0000,#003FBF,#007F7F,#BF7F3F,#3F7FBF,#7F7F3F,#FFBF3F,#003F3F
300196,warhol,100,100,1.0,0.84746,#FFFFFF,#FFFFBF,#3F3F3F,#FFBF7F,#BFBFBF,#7F7F7F,#000000,#FFBFBF,#BFBF7F,#BF7F7F
300200,warhol,100,100,1.0,0.09662,#FFBFBF,#000000,#BF7F7F,#FFFFFF,#FFFFBF,#3F3F3F,#BF7F3F,#BFBF7F,#FFBF7F,#BFBFBF
300204,warhol,100,100,1.0,0.05187,#FFFFFF,#3F3F3F,#00003F,#BFBF7F,#BF003F,#FFFFBF,#7F7F7F,#7F003F,#BFBFBF,#BF3F3F
300210,warhol,100,100,1.0,1.53846,#FFFFBF,#7F7F3F,#BFBF7F,#FFFFFF,#3F003F,#BF7F7F,#FFBFBF,#7F3F3F,#BF7F3F,#003F00
300241,warhol,100,100,0.99,0.06122,#BFFFFF,#3F3F3F,#FFBFBF,#000000,#BF7F7F,#FFFFFF,#FFBF7F,#7F7F7F,#BFBFBF,#00003F
229386,warhol,100,100,0.99,0.1491,#FFFFFF,#3F0000,#BF7F7F,#FFFF00,#3F0000,#7F7F00,#BFBFBF,#3F3F3F,#BF3F00,#7F7F7F
229312,warhol,100,100,1.0,0.07502,#3F0000,#FFFFFF,#FF7F3F,#BF3F3F,#FFBF7F,#7F003F,#BF3F00,#3F0000,#7F7F3F,#FFBFBF
229315,warhol,100,100,0.99,0.0325,#3F0000,#BF7F7F,#BF0000,#003F7F,#BF7F00,#003FBF,#BF3F00,#3F0000,#FF0000,#FFBF00
229330,warhol,100,100,0.99,0.07372,#FFBFBF,#3F0000,#7FBFFF,#7F7F7F,#003F00,#3F3F7F,#3F3F3F,#7FBFBF,#FF7FBF,#7F7FBF
229286,warhol,100,100,0.99,0.14932,#3F7F7F,#7F3F3F,#003F3F,#FF3F00,#FFBF3F,#003F3F,#3FBFBF,#7F3F3F,#3F3F00,#3F7F3F
229289,warhol,100,100,1.0,0.01218,#000000,#FFFFFF,#7F3F3F,#BFBFBF,#3F0000,#7F7F7F,#7F0000,#3F3F3F,#3F003F,#FFBFBF
229356,warhol,100,100,0.99,0.01552,#000000,#FFFFFF,#3F3F3F,#7F7F7F,#FF0000,#BFBFBF,#003F3F,#3F3F7F,#3F0000,#003F3F
9223372032559849118,warhol,100,100,0.99,0.02609,#FFBF3F,#00003F,#7F7F3F,#3F3F3F,#BFBF3F,#FFBF7F,#BF7F3F,#3F3F3F,#7F3F3F,#3F0000
229310,warhol,100,100,1.0,0.14684,#FFFFFF,#3F3F3F,#7F7F7F,#BF3F00,#7F7FBF,#000000,#FFBF7F,#BFBFFF,#FFBFBF,#3F3F7F
229326,warhol,100,100,0.99,0.01976,#FFFFFF,#00003F,#3F007F,#FFFFBF,#BF7F7F,#FF0000,#3F0000,#00003F,#FFBFBF,#3F3F3F
291551,warhol,100,100,0.99,0.01554,#003F00,#FF7FBF,#BF0000,#007F7F,#FFFF00,#3F7FBF,#FF7F00,#003F7F,#3F0000,#BF3F7F
291552,warhol,100,100,0.99,0.01573,#FF7F3F,#000000,#7FBFFF,#3F3F7F,#FFBFBF,#3F7F3F,#BF3F7F,#FFFF7F,#3F3FBF,#FFFFFF
300212,warhol,100,100,1.0,3.84615,#BFBF7F,#FFBFBF,#7F7F7F,#FFFFFF,#FFFFBF,#3F3F3F,#7F7F3F,#BFBFBF,#3F003F,#BF7F7F
300213,warhol,100,100,1.0,0.09225,#3F3F00,#FFFFBF,#7F7F7F,#000000,#3F3F3F,#FFFFFF,#BFBF7F,#7F3F3F,#7F7F3F,#FFBFBF
300227,warhol,100,100,1.0,0.0995,#FFFF00,#BFBFBF,#3F0000,#FFFFFF,#FFBF00,#000000,#3F3F3F,#BF7F00,#BFBF00,#3F3F3F
300233,warhol,100,100,0.99,6.6,#3F3F00,#7FBF7F,#7F0000,#007F3F,#3F003F,#7FBFBF,#7F3F00,#7F3F3F,#BF003F,#3F7F7F
229355,warhol,100,100,0.99,0.06454,#7F3F3F,#FFFF7F,#000000,#BF7FBF,#FF3F00,#FFBF7F,#3F3F00,#BF7F7F,#FFBFBF,#FFFFBF
229306,warhol,100,100,0.99,0.02231,#00003F,#3F3F7F,#BF3F00,#BF3F00,#3FBF00,#BFBF7F,#00003F,#3F3F3F,#7F7F7F,#FFBF00
229316,warhol,100,100,0.99,0.04144,#7F7FBF,#3F3F00,#FFFFBF,#FF7F7F,#003F00,#FFFF00,#BF7F00,#7FFF7F,#3F3F00,#7FBFFF
229318,warhol,100,100,1.0,4.16667,#3F3F3F,#FFBFBF,#BFBF3F,#FFFF7F,#7F7F3F,#7F7F7F,#3F3F3F,#BFBFFF,#FFFFFF,#003F7F
229319,warhol,100,100,0.99,0.05263,#3F003F,#7FBFFF,#BF7F3F,#000000,#7F3F00,#3F3F3F,#BFBFFF,#7F7FBF,#BFBFBF,#7F7F7F
229320,warhol,100,100,0.99,4.5,#3F3F00,#3F7FBF,#BFBFBF,#BF3F3F,#3F3F7F,#3F0000,#3F003F,#7F0000,#BF7F00,#BF3F7F
229329,warhol,100,100,0.99,9.9,#3F7F7F,#BF3F3F,#FFFFFF,#FF7F7F,#007FBF,#7F0000,#FF3F3F,#7F7F7F,#BF007F,#FFBFBF
300194,warhol,100,100,0.99,0.07838,#000000,#7F7FBF,#7F7F00,#7F0000,#7FBFFF,#003F3F,#BF7F00,#3F3F00,#7F3F3F,#BF7FBF
229358,warhol,100,100,0.99,0.83898,#FFFF7F,#3F3FBF,#BF3F3F,#BF0000,#FFFFFF,#FF3F7F,#FF7F7F,#3F3FBF,#3F3F7F,#000000
229370,warhol,100,100,1.0,0.0757,#000000,#FFFFFF,#FF7F7F,#7F7F7F,#FF7FBF,#3F3F7F,#00003F,#FFBFBF,#3F3F3F,#3F7FBF
9223372032559811410,warhol,100,100,0.99,0.06408,#003F00,#7FBFBF,#7F0000,#003F00,#FFBF00,#3FBF00,#3F003F,#FFFFFF,#BF3F7F,#3F7F7F
9223372032559811409,warhol,100,100,0.99,0.61875,#FF0000,#BF003F,#7F7F3F,#3F0000,#BFBF7F,#BF003F,#00003F,#FF7F3F,#FFFFBF,#7F0000
9223372032559811407,warhol,100,100,0.99,0.11688,#BFBF7F,#3F3F3F,#7F7F3F,#FFFF00,#3F3F7F,#3F0000,#FF7F7F,#3F3F3F,#7F3F00,#7F7F3F
9223372032559811406,warhol,100,100,0.99,0.10388,#BFFFFF,#7F7F3F,#3F0000,#BF7FBF,#FF3F3F,#FF7FBF,#7F3F3F,#BFBFFF,#FF7F3F,#3F0000
9223372032559811405,warhol,100,100,1.0,0.06798,#3F7F7F,#FFFFFF,#000000,#BFBFBF,#3F3F3F,#7F7F7F,#003F7F,#7F003F,#7F7FBF,#7FBFBF
229267,warhol,100,100,1.0,0.09294,#FF3F00,#FFFFFF,#000000,#FFFF3F,#BF3F3F,#3F3F3F,#FF7F3F,#FFFFBF,#FF3F3F,#FF7F3F
229335,warhol,100,100,0.99,99.0,#BFBFBF,#7F7F7F,#FFFFFF,#7FBFBF,#3F3F3F,#7F7FBF,#FFBFFF,#7FBF7F,#BF7F7F,#BFBFFF
300231,warhol,100,100,1.0,0.02656,#00003F,#FFFFFF,#BFBF7F,#3F3F3F,#7F7F7F,#FFFFBF,#BFBFBF,#3F3F00,#7F7F3F,#003F00
229364,warhol,100,100,1.0,0.09718,#FFFFFF,#3F3F3F,#003F00,#BFBFBF,#7F7F7F,#FFBFFF,#7F3F3F,#FFBFBF,#BF7F7F,#7F3F7F
229389,warhol,100,100,0.99,0.05103,#FFFFFF,#3F003F,#BFBFBF,#00003F,#FFFF3F,#FF003F,#3F003F,#FFBFBF,#FF7F7F,#7F7F7F
229268,warhol,100,100,1.0,2.38095,#FF003F,#FFBFFF,#FFFFFF,#FFFF3F,#00003F,#BFFFBF,#BF7FFF,#7F7FFF,#7FBFFF,#BF7F7F
229401,warhol,100,100,0.99,0.08162,#3F3F3F,#7F3F3F,#7F7F3F,#3F3F00,#7F3F3F,#7F003F,#3F3F3F,#BF7F7F,#3F3F3F,#BF003F
229392,warhol,100,100,0.99,0.02598,#BFBFBF,#000000,#FFFFFF,#00003F,#BFFFBF,#3F003F,#3F3F7F,#FF7F7F,#7FBFBF,#3F3F00
229393,warhol,100,100,0.99,0.07633,#FFBF00,#000000,#BFFFBF,#3F3F3F,#FFFF7F,#FFBFBF,#FF7F7F,#FFBF3F,#7F7F7F,#FFFF3F
229394,warhol,100,100,0.99,0.23628,#FF3F00,#3F3FFF,#FFFF00,#00FF7F,#FFFFFF,#000000,#3F7FBF,#00007F,#00FFBF,#003FBF
229395,warhol,100,100,0.99,1.02062,#FF0000,#3F003F,#BF7F3F,#FF3F00,#3F0000,#3F3F7F,#7F3F3F,#7F0000,#BF0000,#FF7F00
229325,warhol,100,100,0.99,0.13306,#FF3F00,#3F003F,#BF3F00,#FF3F00,#7F7F00,#BF0000,#FF7F3F,#7F0000,#3F3F3F,#3F003F
229372,warhol,100,100,0.99,0.13655,#BF0000,#003F00,#FF3F00,#7F7FBF,#7F3F00,#003F00,#003F3F,#7FFFFF,#BF3F00,#FF3F00
9223372032559825946,warhol,100,100,0.99,0.32673,#FFBF00,#BFBFBF,#000000,#FFFFFF,#FF3F00,#7F7F7F,#FFFF00,#3F3F3F,#FFFFBF,#FFBFBF
229255,warhol,100,100,1.0,0.0392,#FFFFFF,#000000,#7F3F7F,#FFFF3F,#003F7F,#FF7F7F,#007FBF,#FF3F3F,#3F003F,#BFBFFF
229261,warhol,100,100,1.0,0.03204,#3F3F3F,#FFFFFF,#00003F,#BFBFBF,#7F7F7F,#FFBFBF,#BFBF7F,#7F7FBF,#BFBFFF,#00003F
229327,warhol,100,100,0.99,0.06962,#7F7F7F,#3F3F00,#3F3F3F,#BFBFBF,#3F0000,#7F3F3F,#BF7F7F,#BFBF7F,#3F3F00,#7F7F3F
229331,warhol,100,100,0.99,0.09366,#007FBF,#7F7F00,#FFBF7F,#FF3F00,#000000,#FFFFFF,#BFBFBF,#003F3F,#3F3F00,#7F7FBF
229379,warhol,100,100,0.99,0.01785,#3F3F3F,#FF3F3F,#7F003F,#3F0000,#BF0000,#BF3F3F,#FF003F,#7F3F00,#FF3F3F,#BF3F3F
300195,warhol,100,100,1.0,0.07305,#003F3F,#FFFFFF,#BF7F7F,#FFFFBF,#3F3F3F,#BFBFBF,#3F003F,#7F7F7F,#3F3F3F,#FFBFBF
300197,warhol,100,100,0.99,0.01342,#00003F,#BFBFBF,#7F7F7F,#3F3F3F,#FFFFFF,#7F7FBF,#00003F,#3F3F7F,#3F003F,#7F3F7F
300207,warhol,100,100,1.0,0.07348,#000000,#FFBFBF,#7F7F3F,#FFFFFF,#FFBF3F,#3F3F3F,#7F7F7F,#7FBF7F,#FFFF7F,#3F3F00
300208,warhol,100,100,0.99,0.01885,#FF3F3F,#003F00,#3F3F3F,#7F3F3F,#BF3F3F,#7F003F,#FF7F3F,#BF3F3F,#7F3F3F,#3F3F00
300214,warhol,100,100,1.0,100.0,#BFBFBF,#7F003F,#FFFFFF,#BF3F3F,#BF7F7F,#BF0000,#BF003F,#7F3F3F,#FFFFBF,#7F3F3F
300239,warhol,100,100,1.0,0.06072,#FFFFFF,#3F3F3F,#BF7FBF,#000000,#7F7F7F,#BFBFBF,#7F3F7F,#FFFFBF,#FFBFBF,#BFBF7F
310693,warhol,100,100,0.99,0.0302,#000000,#BFBF7F,#3F7F3F,#FFFFBF,#7F7F7F,#3F7F7F,#3F3F3F,#BFBFBF,#7F7F3F,#FFFFFF
229305,warhol,100,100,0.99,0.04672,#000000,#BF7F3F,#007FBF,#FFBF3F,#FF7FBF,#FFFFBF,#FF7F7F,#3F3F00,#3F7F7F,#FFBF7F
229313,warhol,100,100,0.99,0.05612,#000000,#FFFFFF,#BF7F7F,#FFFFBF,#3F3F3F,#BFBFBF,#7F7F7F,#FFBFBF,#BFFFFF,#00003F
229263,warhol,100,100,0.99,0.28367,#000000,#BFFFBF,#FF7F00,#BF3F7F,#3F7FFF,#FFFF00,#FFBFBF,#FF3F00,#FFFFFF,#3F3F3F
300203,warhol,100,100,0.99,0.45,#FFFFBF,#7F7F3F,#FFFFFF,#BFBFBF,#000000,#7F7F7F,#3F3F3F,#BFBF7F,#FFBFBF,#3F3F3F
229262,warhol,100,100,0.99,0.01768,#003FBF,#000000,#FFFF7F,#7F3F3F,#BF0000,#FFFFFF,#BFBF7F,#3F3F3F,#3F3F7F,#7F7F7F
229265,warhol,100,100,1.0,0.01237,#000000,#FFFFFF,#BF3F00,#BFBFBF,#3F3F3F,#00003F,#3F3F00,#7F7F7F,#7F0000,#3F3F3F
300201,warhol,100,100,0.99,0.10832,#FFFFFF,#3F3F3F,#BF7F7F,#BFBFBF,#003F00,#7F7F7F,#FFFFBF,#7F3F3F,#FFBFBF,#BFBF7F
229374,warhol,100,100,0.99,0.85345,#BF0000,#FFBF00,#FFFFFF,#000000,#FF0000,#7F003F,#7F0000,#FFFF00,#BF3F00,#BFBFBF
229269,warhol,100,100,0.99,0.03126,#003F00,#BF3F00,#3F3F7F,#BF7F00,#FFFFFF,#3F3F00,#3F3F3F,#FFBF00,#7F7F7F,#3F3F3F
229279,warhol,100,100,0.99,0.10903,#003F00,#FFBF00,#3F3FBF,#FF3F3F,#FFFF7F,#3F3F00,#3F7F3F,#7F3F00,#FFFF00,#FF3F7F
229285,warhol,100,100,0.99,0.03524,#3F3F00,#BFBFBF,#7F3F3F,#003F3F,#7F7F3F,#3F3F00,#3F3F3F,#BF7F3F,#3F3F3F,#FFBF3F
229348,warhol,100,100,0.99,0.01467,#7FBF7F,#000000,#3F7F3F,#3F3F3F,#7FBFBF,#3F7F7F,#3F3F3F,#7FBF3F,#7F7F7F,#7F7F3F
229366,warhol,100,100,0.99,0.132,#FFFFFF,#3F003F,#BF7F7F,#FFBFFF,#00003F,#BF007F,#BFBFFF,#7F003F,#7F3F3F,#FF7FBF
229373,warhol,100,100,0.99,0.75,#FFBFBF,#3F3F3F,#FFFFFF,#7F7F3F,#7F7F7F,#3F0000,#7F3F3F,#7FFFFF,#FF7F3F,#BF7F7F
229381,warhol,100,100,0.99,1.7069,#00003F,#3F7FBF,#7F3F00,#00007F,#003FBF,#3F7FBF,#003F7F,#BF3F3F,#3F3F00,#003F00
229388,warhol,100,100,0.99,0.06223,#3F003F,#BFFFFF,#FFBF3F,#3FFFFF,#3F3F7F,#7FFFFF,#000000,#7F7FBF,#3F3F3F,#FFFFFF
229396,warhol,100,100,1.0,0.12077,#FFFFFF,#FF0000,#000000,#BF7F7F,#7F003F,#3F3F00,#BF0000,#FFBFBF,#FF3F00,#3F3F00
229403,warhol,100,100,0.99,0.0482,#3F0000,#BF7F3F,#7F3F00,#3F3F00,#FFBF3F,#BFBF3F,#3F0000,#7F7F3F,#BFBFBF,#7F7F3F
