251124,sorolla,100,100,0.99,0.1082,#7F3F00,#BF7F3F,#FFBF7F,#3F0000,#3F3F00,#000000,#7F3F3F,#FFBF3F,#BF3F00,#BFBF3F
251108,sorolla,100,100,0.99,0.87611,#FFBFBF,#BF7F7F,#3F3F00,#BFBF7F,#BFBFBF,#7F3F00,#7F7F7F,#7F7F3F,#003F00,#BF7F3F
9223372032559865553,sorolla,100,100,0.99,0.13009,#BFBFBF,#3F3F3F,#7F7F3F,#000000,#FFFFFF,#BFBF7F,#3F3F3F,#7F7F7F,#7FBFBF,#BFBFFF
251106,sorolla,100,100,0.99,0.02,#3F3F00,#BFBF7F,#7F3F00,#FFFFBF,#BF7F3F,#3F0000,#3F3F00,#FFBF7F,#FFFFFF,#7F7F3F
251163,sorolla,100,100,0.99,0.25581,#3F3F00,#BF7F3F,#BFBFBF,#7F7F3F,#7F3F00,#FFFFFF,#3F0000,#7F7F7F,#BFBF7F,#3F3F3F
251145,sorolla,100,100,0.99,0.66,#BF7F3F,#7F3F00,#FFBF7F,#000000,#FFFFFF,#7F3F3F,#BFBF7F,#7F3F00,#BF7F7F,#BF3F3F
251207,sorolla,100,100,0.99,0.03732,#BFBF3F,#000000,#7F7F3F,#FFBF7F,#7F3F00,#BFBF7F,#BF7F3F,#3F3F00,#3F3F00,#FFFFBF
251215,sorolla,100,100,0.99,4.71429,#FFFFFF,#3F3F3F,#BF7F7F,#3F3F3F,#7F7F7F,#BFBFBF,#3F7F3F,#3F003F,#7F7F3F,#BFBF7F
251314,sorolla,100,100,0.99,0.07838,#BFBF7F,#3F3F3F,#BFBFBF,#7F7F3F,#FFFFBF,#3F3F00,#003F00,#FFFFFF,#3F3F3F,#7F7F7F
251080,sorolla,100,100,0.99,0.36531,#7F3F3F,#BF7F7F,#3F3F3F,#7F7F3F,#BF7F3F,#7F3F3F,#BFBF7F,#3F0000,#3F3F00,#FFBF7F
251090,sorolla,100,100,0.99,0.40574,#FFBFBF,#7F3F3F,#FFFFBF,#003F3F,#FFBF7F,#3F3F00,#BFBF7F,#7F7F3F,#BF7F3F,#BF7F7F
251094,sorolla,100,100,0.99,0.02955,#FFBF3F,#3F003F,#BF7F3F,#7F3F00,#3F3F00,#7F7F00,#FF7F3F,#FFBF7F,#3F3F00,#7F3F3F
251122,sorolla,100,100,0.99,0.02487,#3F003F,#FFFFBF,#7F3F3F,#BF7F3F,#3F0000,#FFBF7F,#3F3F3F,#7F3F00,#3F3F00,#7F7F3F
251185,sorolla,100,100,0.99,0.825,#7F3F3F,#FFBF7F,#3F3F3F,#BF7F3F,#3F3F00,#BF3F00,#7F3F3F,#7F7F3F,#BFBF7F,#FFFFBF
251269,sorolla,100,100,0.99,0.29032,#BFBF3F,#3F3F3F,#BF7F3F,#BFBFBF,#BFBF7F,#7F7F3F,#000000,#7F3F3F,#FFFFBF,#BF7F7F
251357,sorolla,100,100,0.99,0.08291,#7F7F3F,#FFFFFF,#3F3F00,#BFBF7F,#FFFFBF,#00003F,#7F3F00,#7F7F7F,#BF7F3F,#BFBFBF
251206,sorolla,100,100,0.99,0.0942,#3F0000,#BFBF7F,#7F7F3F,#003F00,#FFFFBF,#FFBF7F,#7F3F00,#BF7F7F,#3F3F3F,#BF7F3F
251309,sorolla,100,100,0.99,0.10498,#BFBFBF,#3F3F3F,#BF7F7F,#000000,#7F7F7F,#7F7F3F,#FFFFFF,#BFBF7F,#7F3F3F,#FFBFBF
251102,sorolla,100,100,0.99,0.0343,#BF7F3F,#3F0000,#FFBFBF,#003F00,#7F3F3F,#7F3F00,#BFBFBF,#3F3F00,#FFFFBF,#3F3F3F
251250,sorolla,100,100,0.99,0.05865,#BF7F3F,#000000,#FFBF7F,#3F3F3F,#BF7F7F,#FFFFBF,#7F3F3F,#7F7F3F,#BFBF7F,#3F3F00
251257,sorolla,100,100,0.99,0.09322,#7F7F3F,#BFBFBF,#3F3F3F,#000000,#7F7F7F,#FFFFFF,#BF7F7F,#7F3F3F,#3F3F3F,#BFBF7F
251137,sorolla,100,100,0.99,0.0362,#BF3F00,#3F0000,#7F3F00,#3F0000,#7F7F3F,#3F3F00,#FFFFBF,#7F3F3F,#BF7F3F,#3F3F3F
251183,sorolla,100,100,1.0,0.03438,#3F0000,#BFBF7F,#3F3F3F,#FFFFFF,#7F7F3F,#3F0000,#FFFFBF,#3F3F00,#BFBFBF,#7F3F00
251330,sorolla,100,100,0.99,0.04216,#3F3F3F,#BFBF7F,#7F7F3F,#3F3F3F,#FFFFFF,#7F3F3F,#3F3F3F,#7F3F3F,#3F003F,#BF7F3F
251109,sorolla,100,100,0.99,0.02275,#3F0000,#BF7F3F,#FFFFBF,#7F3F3F,#BFBF7F,#3F3F3F,#7F7F3F,#FFFF7F,#3F3F00,#7F3F3F
251114,sorolla,100,100,0.99,0.02902,#7F003F,#00003F,#FFFFBF,#3F003F,#FFBF3F,#BF3F00,#BF7F00,#7F3F00,#FF7F00,#FFBF7F
251125,sorolla,100,100,0.99,0.08992,#000000,#7F7F3F,#FFFFBF,#3F3F3F,#BFBF7F,#7F3F3F,#3F0000,#7F7F7F,#7FBFBF,#BF7F3F
251127,sorolla,100,100,0.99,0.16894,#3F3F00,#BF7F3F,#7F3F3F,#BF3F3F,#FFBF7F,#FF7F3F,#7F003F,#003F3F,#BF3F00,#3F3F00
251193,sorolla,100,100,0.99,0.3,#BFBFBF,#3F3F00,#7F7F7F,#FFFFFF,#3F3F3F,#7F7F3F,#BFBFFF,#3F0000,#7F3F3F,#7F7FBF
251277,sorolla,100,100,0.99,0.04067,#3F3F3F,#BFBF7F,#FFFFFF,#3F3F3F,#3F0000,#7F7F7F,#3F3F00,#7F3F00,#7F7F3F,#BFBFBF
251315,sorolla,100,100,0.99,0.14623,#BF7F7F,#3F3F3F,#BFBFBF,#7F7F3F,#7F7F7F,#000000,#7FBFFF,#7F7FBF,#FFFFFF,#7F3F3F
251065,sorolla,100,100,0.99,0.01908,#3F3F3F,#3F3F00,#BF7F3F,#FFFF7F,#3F3F3F,#7F3F00,#3F003F,#7F7F7F,#7F7F3F,#BFBF7F
251152,sorolla,100,100,0.99,0.07657,#FFBFBF,#3F3F3F,#7F3F3F,#BF7F3F,#3F003F,#7F3F3F,#FFBF7F,#3F3F00,#7F7F3F,#FFFFFF
251155,sorolla,100,100,0.99,0.03929,#3F3F00,#BFBF7F,#3F3F00,#7F7F3F,#BFBFFF,#7F7F7F,#3F3F3F,#FFFFFF,#7F3F3F,#3F3F00
251272,sorolla,100,100,0.99,0.05953,#7F7F7F,#3F003F,#BFFFFF,#3F3F3F,#FFFFFF,#BFBFBF,#BFBF7F,#000000,#7F7F3F,#FFBF7F
251279,sorolla,100,100,0.99,0.40244,#7F7F3F,#FFFFFF,#3F0000,#BFBF7F,#3F3F3F,#BF7F3F,#BFBFBF,#7F3F3F,#3F0000,#3F7F3F
251334,sorolla,100,100,0.99,0.0456,#3F3F00,#BFBFBF,#7F7F7F,#000000,#7F7F3F,#3F3F3F,#FFFFFF,#BFBF7F,#3F3F00,#7F3F3F
251348,sorolla,100,100,0.99,0.6,#7F7F3F,#FFBFBF,#3F3F3F,#3F3F00,#BFBFBF,#BF7F3F,#000000,#3F7F3F,#FFBF7F,#7F3F3F
251378,sorolla,100,100,0.99,0.02002,#3F003F,#BF7F7F,#3F3F3F,#3F3F00,#7F3F3F,#FFBFBF,#FF7F3F,#3F003F,#7F7F7F,#3F3F3F
251411,sorolla,100,100,0.99,0.02831,#7F3F00,#FFBF7F,#00003F,#FFFFFF,#BFBFFF,#BF7F7F,#3F0000,#BFBF7F,#3F3F00,#FFBF3F
251070,sorolla,100,100,0.99,0.90826,#BFBF7F,#FFFFFF,#BFBFBF,#000000,#FFBFBF,#FFBFFF,#BF7F7F,#BF7FBF,#FFFFBF,#7F7F7F
251153,sorolla,100,100,0.99,0.08753,#3F0000,#BFBFBF,#BF7F00,#000000,#3F3F3F,#7F7F00,#7F3F00,#FFFFFF,#7F7F7F,#BFFFFF
251306,sorolla,100,100,0.99,2.82857,#BF7F3F,#BFFFFF,#3F3F3F,#FFBF7F,#3F7F7F,#7F7F3F,#FFFFFF,#7F3F00,#3F003F,#7F7F7F
251076,sorolla,100,100,0.99,0.48768,#BFBFBF,#7F7F3F,#00003F,#3F3F3F,#FFFFFF,#BFBF7F,#7F3F00,#7F7F7F,#BF7F3F,#3F3F3F
251104,sorolla,100,100,0.99,0.85345,#BF7F00,#FFFFBF,#3F3F00,#7F7F00,#7F3F00,#BFBFBF,#003F3F,#FFBF3F,#BF3F3F,#FFFFFF
251211,sorolla,100,100,1.0,0.24213,#BF7F7F,#3F3F3F,#FFFFFF,#7F7F3F,#000000,#7F3F3F,#BFBFBF,#7F7F7F,#BFBF7F,#FFBFBF
251217,sorolla,100,100,0.99,0.10749,#BF3F3F,#3F0000,#FFFFFF,#3F0000,#FFBFBF,#FF7F3F,#7F3F3F,#BF7F7F,#BF7F3F,#7F0000
251219,sorolla,100,100,0.99,0.69718,#BFBF7F,#7F7F00,#FFBF3F,#FFBF3F,#FFFFBF,#BF7F00,#000000,#FF7F00,#FFBF7F,#BFBF00
251321,sorolla,100,100,0.99,0.02515,#3F3F3F,#BFBFBF,#7F7F7F,#FFBFFF,#3F3F00,#7F3F00,#3F003F,#FFFFFF,#BF7F7F,#FFBFBF
251353,sorolla,100,100,0.99,0.05343,#3F0000,#BF7F7F,#3F3F3F,#7F7F3F,#3F3F3F,#BFBFBF,#7F7F7F,#7F3F00,#BFBF7F,#3F3F00
251073,sorolla,100,100,0.99,0.05886,#3F3F3F,#7F7F3F,#BFBFBF,#000000,#7F3F3F,#FFFFFF,#3F3F3F,#3F3F00,#7F3F3F,#7F7F00
251083,sorolla,100,100,0.99,0.95192,#FFBF3F,#BFBFBF,#3F3F00,#FFFFBF,#7F7F3F,#BFBF7F,#003F00,#FFBF7F,#BF7F3F,#7F3F00
251117,sorolla,100,100,0.99,0.04293,#FFBF7F,#7F0000,#000000,#3F0000,#7F3F3F,#FFBFFF,#BF7F7F,#7F3F3F,#BF7F3F,#BF3F00
251140,sorolla,100,100,0.99,0.17616,#3F3F3F,#BFBFFF,#7F7F3F,#FFFFBF,#7FBFBF,#000000,#FFFFFF,#BFBF7F,#BF7F3F,#7F3F3F
251177,sorolla,100,100,0.99,0.02229,#FFFFFF,#003F3F,#BFBF7F,#7F3F3F,#BFBFBF,#3F3F3F,#3F0000,#7F7F7F,#3F003F,#FFFFBF
251247,sorolla,100,100,0.99,0.04766,#7F7F3F,#BFBFBF,#000000,#7FBFFF,#FFBF7F,#FFFFFF,#FFBF00,#3F3F00,#BF7F00,#BFBFFF
251319,sorolla,100,100,1.0,0.0744,#FFBF7F,#3F3F00,#BF7F3F,#3F0000,#BFBFBF,#FFFFFF,#BFBF7F,#7F3F00,#7F7F3F,#3F3F3F
251351,sorolla,100,100,0.99,0.05428,#000000,#BFBFBF,#7F7F7F,#00003F,#3F3F3F,#BFFFFF,#7F3F3F,#7F7F3F,#3F3F3F,#BFBFFF
251352,sorolla,100,100,0.99,0.12329,#3F3F3F,#7F7F7F,#7F7FFF,#FFBFBF,#000000,#7F7F3F,#7F7FBF,#003F3F,#7F3F3F,#3F7F3F
251121,sorolla,100,100,0.99,0.60366,#FFFFFF,#7F7F3F,#FFFFBF,#BFBF7F,#3F3F00,#BFBFBF,#000000,#FFBF7F,#BF7F3F,#FFBFBF
251166,sorolla,100,100,0.99,0.14932,#3F3F3F,#FFBF7F,#7F7F3F,#3F0000,#7F3F3F,#7F7F7F,#FFBFBF,#3F3F00,#BF7F7F,#3F0000
251282,sorolla,100,100,0.99,0.03328,#3F003F,#BF7F3F,#FFBF7F,#3F0000,#3F3F3F,#3F3F3F,#7F7F3F,#FFFFBF,#7F3F3F,#BFBF7F
251307,sorolla,100,100,0.99,0.25648,#BFBFBF,#7F3F00,#BF7F7F,#000000,#FFFFBF,#BF7F3F,#BFBF7F,#7F7F3F,#7F7F7F,#3F3F00
251385,sorolla,100,100,0.99,0.09763,#BFBFBF,#3F3F00,#BF7F3F,#FFFFFF,#003F00,#7F7F7F,#7F7F00,#FFBFBF,#BF7F3F,#7F3F00
251089,sorolla,100,100,0.99,0.01956,#3F0000,#FFBF7F,#00003F,#7F3F3F,#BF7F7F,#3F3F3F,#BF7F3F,#7F3F3F,#7F7F3F,#3F3F3F
251096,sorolla,100,100,0.99,0.65132,#000000,#FFFFBF,#BFBFBF,#FFFFFF,#FFBFBF,#FFBF7F,#BF7F3F,#7F003F,#7F3F3F,#BF7F7F
251158,sorolla,100,100,0.99,0.22148,#BF7F3F,#3F0000,#3F3F3F,#BFBFBF,#FFBF7F,#7F7F3F,#FFFFFF,#7F7F7F,#FFFFBF,#3F3F00
251182,sorolla,100,100,0.99,0.03882,#7F3F3F,#000000,#FFBF7F,#3F003F,#7F7F3F,#3F3F3F,#FFBF3F,#3F3F7F,#3F3F3F,#FF7F3F
251244,sorolla,100,100,1.0,0.20408,#7F7F3F,#BFFFBF,#000000,#FFBF7F,#3F3F3F,#7F7F7F,#FFFFFF,#BFBFBF,#BFBF7F,#FFBF3F
251262,sorolla,100,100,0.99,0.08476,#3F0000,#BFBF7F,#7F3F00,#3F3F3F,#FFFFFF,#7F7F3F,#3F0000,#3F3F00,#BFBFBF,#BF7F3F
251335,sorolla,100,100,0.99,0.37218,#3F3F3F,#BFBFFF,#7F7F7F,#000000,#FFBF7F,#3F3F00,#7F7F3F,#FFFFFF,#7F3F3F,#7F7FBF
251406,sorolla,100,100,0.99,0.30841,#BFBF7F,#7F3F00,#FFFFFF,#3F7F7F,#000000,#FFBF3F,#BF7F00,#BF3F00,#BFBFBF,#FFBFBF
251422,sorolla,100,100,1.0,0.13158,#BFBFBF,#3F3F3F,#FFFFFF,#7F7F7F,#3F0000,#BFFFFF,#3F3F3F,#FFBFBF,#7F3F3F,#BF7F7F
251181,sorolla,100,100,0.99,0.06215,#BFBFBF,#3F3F00,#7F7F3F,#7F3F3F,#BF7F7F,#003F00,#FFFFFF,#3F3F00,#7F3F3F,#BF7F3F
251205,sorolla,100,100,0.99,0.27273,#7F7F7F,#3F3F3F,#00003F,#BFBFBF,#3F3F7F,#7F3F7F,#BF7F7F,#FFFFFF,#000000,#3F7F7F
251232,sorolla,100,100,0.99,0.05323,#3F3F00,#BFBF7F,#3F3F3F,#3F3F00,#3F3F00,#BF7F3F,#7F3F3F,#7F3F00,#7F7F7F,#FFFF7F
251236,sorolla,100,100,0.99,0.04382,#3F0000,#FFBF7F,#3F3F3F,#7F7F3F,#FFFFFF,#7F7F7F,#BFBFBF,#7F3F00,#3F0000,#3F3F3F
251239,sorolla,100,100,0.99,0.07598,#3F3F3F,#FFFFBF,#000000,#BF7F3F,#7F3F3F,#3F3F00,#FFBF7F,#3F0000,#FFFFFF,#7F7F3F
251261,sorolla,100,100,0.99,0.0279,#00003F,#3F3F00,#BF7F7F,#3F3F3F,#7F3F00,#3F0000,#3F3F3F,#BF7F3F,#003F00,#FFBFBF
251128,sorolla,100,100,0.99,0.01716,#003F3F,#FF7F00,#3F3F3F,#FFBF7F,#7F3F00,#BF3F00,#FFBF3F,#BF7F3F,#FFFF7F,#3F3F00
251131,sorolla,100,100,0.99,0.05132,#3F0000,#BFBF7F,#7F7F7F,#3F0000,#BF7F3F,#3F7F7F,#7F3F00,#003F3F,#7F7F3F,#FFFFBF
251144,sorolla,100,100,0.99,0.01198,#3F3F3F,#BF7F3F,#3F3F00,#FFFF7F,#3F3F00,#7F7F3F,#FFBF3F,#7F3F00,#3F3F3F,#003F00
251164,sorolla,100,100,0.99,9.0,#7FBFBF,#BF7F7F,#003F7F,#BF7F3F,#BFBF7F,#3F0000,#7F7F7F,#7F7F3F,#00003F,#FFBF7F
251255,sorolla,100,100,0.99,0.36397,#3F7F7F,#BFBF7F,#3F3F3F,#7F7F3F,#FFFFBF,#7F7F7F,#000000,#7F3F3F,#BF7F7F,#7F7FBF
251338,sorolla,100,100,0.99,0.10366,#3F3F00,#BFBFBF,#7F7F7F,#3F3F00,#00003F,#3F3F3F,#000000,#7F7F3F,#BFBF7F,#FFFFFF
251072,sorolla,100,100,0.99,5.82353,#BF7F7F,#7F3F3F,#7F7F7F,#FFFF7F,#FFFFFF,#7F7F3F,#BFBF7F,#BF7F3F,#BFBFBF,#3F3F00
251134,sorolla,100,100,0.99,0.11913,#BFBF7F,#000000,#3F3F3F,#BFBFBF,#FFBF7F,#7F7F7F,#FFFFFF,#7F3F00,#3F003F,#7F7F3F
251142,sorolla,100,100,0.99,0.31935,#7F3F3F,#FFFFFF,#3F3F3F,#7F7F3F,#000000,#BFBFBF,#7F7F7F,#3F7F3F,#3F3F3F,#FFFFBF
251162,sorolla,100,100,0.99,0.04137,#7F7FBF,#3F003F,#00003F,#7F7F7F,#BFBFBF,#3F3F3F,#3F3F7F,#3F7F7F,#FFFFFF,#BF7FBF
251180,sorolla,100,100,0.99,0.62658,#7F7F3F,#BFBFBF,#3F3F3F,#000000,#FFFFFF,#7F7F7F,#BFBF7F,#BFBFFF,#BFFFFF,#3F3F3F
251187,sorolla,100,100,0.99,0.03992,#BFBF3F,#3F3F00,#7F7F00,#3F0000,#3F3F00,#7F7F3F,#3F7F00,#BFBF7F,#FFFFBF,#3F3F3F
251191,sorolla,100,100,0.99,1.17857,#BF7F3F,#FFFFFF,#3FBFFF,#00003F,#7F0000,#BFBFBF,#FFBF7F,#FFBFBF,#FFBFFF,#BF3F00
251208,sorolla,100,100,0.99,0.04899,#3F3F00,#BF7F00,#003F00,#7F7F3F,#003F00,#3F3F3F,#7F3F00,#7F7F3F,#3F3F3F,#FFBF7F
251251,sorolla,100,100,0.99,0.03617,#FFFFBF,#3F3F00,#003F00,#BFBFBF,#BFBF7F,#FFBF7F,#3F3F3F,#FFFFFF,#7F7F3F,#3F3F00
251254,sorolla,100,100,0.99,0.02131,#3F3F00,#BF7F7F,#000000,#7F3F3F,#FFBFBF,#3F3F3F,#3F3F00,#7F7F3F,#BF7F3F,#FFBF7F
251286,sorolla,100,100,0.99,0.16583,#003F3F,#7F7F7F,#BFFFBF,#3F7F7F,#3F3F3F,#00003F,#3F3F7F,#000000,#7F7FBF,#7FBFBF
251331,sorolla,100,100,0.99,0.08182,#BF7F3F,#3F3F3F,#000000,#7F3F3F,#7F7F3F,#BFBFBF,#3F3F00,#7F7F7F,#BF7F7F,#3F0000
251337,sorolla,100,100,0.99,0.22197,#FFFFFF,#3F3F3F,#BFBF7F,#BFBFBF,#7F7F7F,#003F00,#BFFFFF,#7F7F00,#BFBFFF,#7F3F00
251349,sorolla,100,100,0.99,0.13253,#BF7F3F,#3F3F3F,#FFBFBF,#003F3F,#FFFFFF,#7F3F3F,#FFBF7F,#7F7F3F,#3F3F3F,#BFBF7F
251398,sorolla,100,100,0.99,0.02361,#3F0000,#BF7F7F,#3F3F00,#BFBFBF,#7F3F00,#3F0000,#FFBF7F,#7F3F3F,#BF7F3F,#FFBFBF
251410,sorolla,100,100,0.99,0.18436,#FFFFBF,#7F3F00,#BF7F3F,#000000,#BF3F00,#FFBF7F,#3F3F3F,#FF7F00,#7F0000,#3F3F3F
251146,sorolla,100,100,0.99,0.07832,#BFBFBF,#3F003F,#7F7F7F,#003F3F,#3F3F3F,#FFFFFF,#3F7F7F,#7F3F3F,#7FBFBF,#3F3F7F
251156,sorolla,100,100,0.99,0.34138,#BFBF7F,#3F3F3F,#BFBFBF,#BF7F3F,#BF7F7F,#FFFFFF,#000000,#7F7F7F,#7F3F3F,#7F7F3F
251170,sorolla,100,100,0.99,2.82857,#7F7F7F,#BFBFBF,#7F7F3F,#3F0000,#FFFFFF,#7F3F3F,#BFBF7F,#BF7F3F,#BF7F7F,#FFBFBF
251189,sorolla,100,100,0.99,0.42857,#000000,#7FBFBF,#7F7F3F,#3F3F3F,#BFBFBF,#FFFFFF,#7F7FBF,#7F7F7F,#BFBFFF,#3F3F00
251233,sorolla,100,100,0.99,0.50254,#FFFFFF,#BF7F3F,#3F3F3F,#BFBFBF,#7F3F00,#7F7F7F,#000000,#7F7F00,#3F3F7F,#BF7F3F
251234,sorolla,100,100,0.99,0.77953,#3F3F3F,#BFBFBF,#7F7F7F,#FFFFBF,#7F7F3F,#7F3F3F,#3F3F7F,#000000,#BFBF7F,#BF7F7F
251287,sorolla,100,100,0.99,0.10761,#BFBFFF,#3F0000,#7F7F3F,#7F3F00,#3F3F7F,#3F3F00,#BF7F7F,#7F7FBF,#7F7F7F,#3F3F3F
251288,sorolla,100,100,0.99,12.375,#3F7F7F,#7F7F7F,#3F3F3F,#7FBFBF,#3F3F7F,#BFBFBF,#3F3F3F,#FFFFFF,#7F7FBF,#BFFFBF
251299,sorolla,100,100,0.99,1.57143,#BF7F3F,#3F3F3F,#FFFF7F,#3F7F7F,#7F7F7F,#BFFFBF,#3F0000,#7F3F00,#FFBF3F,#7F7F3F
251329,sorolla,100,100,0.99,0.23077,#7F3F3F,#FFBF7F,#BF7F3F,#3F0000,#3F0000,#FFFFFF,#BF7F7F,#BF3F3F,#7F7F7F,#3F3F3F
251346,sorolla,100,100,0.99,1.47761,#3F7FBF,#FF7F3F,#7FBFFF,#7F3F00,#BFBFBF,#FFFFFF,#7F7FBF,#000000,#7F7F7F,#BFBFFF
251414,sorolla,100,100,0.99,0.04588,#BF7F00,#3F0000,#7F3F3F,#000000,#BF7F3F,#3F3F00,#FF7F3F,#7F7F3F,#7F3F00,#BF7F7F
251100,sorolla,100,100,0.99,0.10927,#FFFFBF,#7F3F00,#000000,#FFFFFF,#FF7F00,#FFBF3F,#3F0000,#BFBF7F,#3F3F3F,#BFBFBF
251165,sorolla,100,100,0.99,0.11814,#7F3F00,#FFBF7F,#BF7F3F,#3F0000,#3F3F3F,#FFBFBF,#3F3F3F,#FF7F00,#3F3F3F,#BF7F7F
251171,sorolla,100,100,0.99,0.2004,#BF7F7F,#3F3F00,#BFBFFF,#7F3F00,#003F00,#003F7F,#7F7F3F,#7F7FBF,#BF7F3F,#7F7F7F
251184,sorolla,100,100,0.99,0.01724,#3F0000,#7F7F3F,#3F3F3F,#BF7F3F,#FFBF7F,#003F3F,#3F3F3F,#3F003F,#7F3F3F,#7F3F3F
251214,sorolla,100,100,0.99,0.07483,#FF7F00,#7F7F7F,#3F0000,#FFBFBF,#BF3F00,#000000,#3F7F7F,#7F3F3F,#7F3F00,#BF7F3F
251221,sorolla,100,100,0.99,0.15325,#FFFFFF,#3F3F3F,#BF7F3F,#BFBFBF,#003F00,#3F3F00,#003F7F,#BFBF7F,#FFBFBF,#3F7FBF
251222,sorolla,100,100,0.99,0.54696,#7F3F3F,#BF7F7F,#3F3F3F,#FFBF7F,#BFBF7F,#BF7F3F,#FFBFBF,#BFBFBF,#3F3F3F,#000000
251248,sorolla,100,100,0.99,3.0,#3F3F7F,#FFBFFF,#7F7F3F,#BF7F7F,#3F7FBF,#00003F,#3F3F3F,#FFBF7F,#7F7F7F,#7F3F3F
251266,sorolla,100,100,0.99,9.9,#3F3F3F,#7F7F3F,#BF7F3F,#FFFFFF,#7F3F3F,#7F3F3F,#FF7F3F,#003F3F,#7F7F7F,#FFBF7F
251274,sorolla,100,100,0.99,0.78571,#000000,#BFBF7F,#7F7F7F,#3F3F3F,#BF7F7F,#BFBFBF,#7F7F3F,#003F3F,#003F7F,#7F3F00
251275,sorolla,100,100,0.99,0.12857,#003F3F,#3F7F7F,#3F3F3F,#7F7F7F,#3F3F7F,#000000,#3F3F3F,#7F3F3F,#BFBFBF,#7F7F3F
251276,sorolla,100,100,0.99,0.41597,#3F3F7F,#BF7F7F,#3F3F3F,#7F7F3F,#FFBF7F,#3F3F3F,#BF7F3F,#00003F,#3F3F00,#7F3F3F
251300,sorolla,100,100,0.99,0.17069,#7F7F7F,#3F3F3F,#000000,#FFBF7F,#3F3F3F,#BF7F3F,#003F3F,#7F7F3F,#3F3F00,#BF7F7F
251327,sorolla,100,100,0.99,0.21903,#3F3F3F,#BF7F3F,#BFBF7F,#7F7F3F,#000000,#7F3F3F,#BF7F7F,#7F7F7F,#FFFFFF,#3F3F3F
251336,sorolla,100,100,0.99,0.16894,#003F3F,#BFBF7F,#FFFFFF,#3F3F3F,#00003F,#7F7F7F,#BFBFBF,#3F3F7F,#7F7F3F,#003F3F
251159,sorolla,100,100,0.99,0.35484,#3F7F7F,#FFBFBF,#000000,#BF7F7F,#FFFFFF,#BFBFFF,#7F3F3F,#7F7FBF,#3F3F3F,#7F7F7F
9223372032559849523,sorolla,100,100,0.99,0.01836,#3F3F00,#003F00,#7F7F3F,#3F3F3F,#7F3F3F,#3F003F,#7F3F3F,#BFBF7F,#BF7F3F,#7F7F7F
251079,sorolla,100,100,0.99,0.09465,#FFFFBF,#7F7F00,#003F00,#FFBF3F,#7F3F00,#3F3F00,#BF7F3F,#BFBF00,#BFBF7F,#BF7F3F
251116,sorolla,100,100,0.99,0.28286,#BFBF7F,#3F0000,#FFBFBF,#FFBF7F,#BF7F3F,#FFFFBF,#7F3F00,#FFBF3F,#000000,#BF3F00
251118,sorolla,100,100,0.99,0.10259,#7F3F3F,#BFBFBF,#3F0000,#BF7F7F,#BF7F3F,#FFBF7F,#3F0000,#3F3F3F,#BFBF7F,#FFBFBF
251154,sorolla,100,100,0.99,0.13433,#3F3F3F,#7F7F7F,#3F3F3F,#FFBF7F,#3F0000,#7F3F3F,#3F0000,#7F7F3F,#BFBFBF,#BF7F7F
251172,sorolla,100,100,0.99,0.02158,#3F3F00,#FFBF7F,#3F3F3F,#7F7F3F,#FFFFBF,#7F3F3F,#3F3F00,#BF7F7F,#3F0000,#BF7F3F
251220,sorolla,100,100,0.99,0.6,#7F0000,#BFBFBF,#FFFFFF,#BF7F3F,#000000,#3F3F00,#FFFFBF,#BFBF7F,#7F7F3F,#BFBFFF
251228,sorolla,100,100,0.99,0.43231,#BF7F3F,#BFBFBF,#3F3F00,#3F7F7F,#FFFFFF,#7FBFBF,#7F7F7F,#003F00,#7F3F00,#7F7FBF
251229,sorolla,100,100,0.99,14.14286,#7F7F7F,#3F3F3F,#BFBF7F,#3F3F3F,#7F7F3F,#BF7F7F,#BFBFBF,#00003F,#BFBF3F,#FFFFBF
251273,sorolla,100,100,0.99,1.41429,#BFBF3F,#BFBF7F,#3F3F00,#7F7F3F,#7FBFBF,#BFBFBF,#FFFFBF,#BF7F3F,#FFBF7F,#7F7F7F
251284,sorolla,100,100,0.99,0.11288,#3F3F00,#BFBFBF,#7F7F3F,#3F3F00,#FFBFBF,#3F3F3F,#7F7FFF,#BF7F7F,#3F3F00,#FFFFFF
251290,sorolla,100,100,0.99,0.26471,#7F7F00,#BFBFBF,#3F3F7F,#000000,#7F3F00,#3F3F00,#FFBF3F,#FFFFFF,#7F7FBF,#003F3F
251296,sorolla,100,100,0.99,0.78571,#BFBF7F,#BF7F3F,#FFFFFF,#000000,#7F7FBF,#7F7F3F,#BFBFBF,#FFFFBF,#FFBF3F,#3F3F3F
251303,sorolla,100,100,0.99,0.18966,#BFBFBF,#3F3F3F,#00003F,#7F7F7F,#BF3F00,#FFBF7F,#FFFFFF,#3F3F7F,#00003F,#FFBFBF
251317,sorolla,100,100,0.99,0.02777,#003F3F,#BF7F3F,#3F3F3F,#3F3F3F,#3F3F3F,#7F7F3F,#003F00,#FFBF3F,#BFBF7F,#7F3F00
251325,sorolla,100,100,0.99,0.32781,#BFBF7F,#7F7F3F,#3F3F3F,#BF7F3F,#BF7F7F,#7F3F3F,#000000,#FFBF3F,#7F7F7F,#FFBF7F
251332,sorolla,100,100,0.99,0.06587,#BF7F3F,#3F003F,#7FBFBF,#7F7F3F,#BFBF7F,#3F3F3F,#000000,#7F7F7F,#3F3F3F,#BFBFBF
251355,sorolla,100,100,0.99,0.07753,#3F3F00,#BFBFBF,#7F3F3F,#3F003F,#FFFFFF,#3F3F3F,#BF7F3F,#7F7F3F,#3F003F,#BFBFFF
251361,sorolla,100,100,0.99,1.65,#BF7F7F,#7F7F3F,#BFBF7F,#3F3F00,#FFFFBF,#7F7F7F,#FFBF7F,#BF7F3F,#7F3F3F,#BFBFBF
251364,sorolla,100,100,0.99,0.42308,#7F3F3F,#FFBF7F,#3F3F00,#FFFFFF,#3F3F3F,#7F7F7F,#BF7F7F,#3F3F00,#FFBFBF,#FF7F3F
251365,sorolla,100,100,0.99,0.04801,#3F3F3F,#BF7F3F,#7F3F00,#3F3F3F,#FFBF7F,#3F3F00,#7F7F3F,#7F3F3F,#7F0000,#FFFFBF
251373,sorolla,100,100,0.99,4.71429,#3F0000,#FFBF7F,#7F7F7F,#7F3F3F,#7FBFBF,#FF7F00,#7F3F7F,#3F3F7F,#BFFFFF,#7F3F3F
251379,sorolla,100,100,0.99,0.42489,#FFBFBF,#7F3F00,#FF7F00,#000000,#BFBFBF,#FFBF7F,#BF7F00,#FFBF3F,#FFFFFF,#BFBFFF
251383,sorolla,100,100,0.99,3.96,#BFBF7F,#7F3F00,#FFBFBF,#BF7F3F,#BF7F7F,#BFBFBF,#FFBF7F,#FFFFBF,#000000,#7F7F3F
251112,sorolla,100,100,0.99,1.125,#3F003F,#BF7F3F,#FFBF7F,#3F3F7F,#FF003F,#7F7F3F,#FFBF3F,#BFBF3F,#FF7F3F,#7F3F3F
251147,sorolla,100,100,0.99,0.13618,#7F7F7F,#3F3F3F,#BFBFBF,#7F7F3F,#000000,#FFBF7F,#7F3F3F,#BFBF3F,#3F3F00,#BF7F3F
251176,sorolla,100,100,0.99,0.02384,#BF7F3F,#3F0000,#FFBF7F,#7F3F00,#3F003F,#BF7F7F,#FFFFBF,#BFBF7F,#FF7F3F,#3F3F00
251195,sorolla,100,100,0.99,0.042,#000000,#7F3F3F,#FFBF3F,#7F7F3F,#3F3F3F,#FFBFBF,#3F3F00,#BF7F3F,#003F3F,#7F7F7F
251200,sorolla,100,100,0.99,0.03759,#003F00,#BFBF7F,#7F7F00,#3F3F00,#FFFFBF,#7F7F3F,#3F3F3F,#FFFF7F,#BF7F00,#7F3F00
251216,sorolla,100,100,0.99,0.25063,#3F7F7F,#7F3F00,#BFBF7F,#7F3F3F,#000000,#7F7F7F,#BF7F3F,#7F7F3F,#3F3F00,#BFBFBF
251226,sorolla,100,100,0.99,0.25127,#FFBFFF,#7F3F3F,#BF7F7F,#FFBF3F,#003F00,#BF7F3F,#3F3F3F,#BF7FBF,#7F7F7F,#7F7F3F
251227,sorolla,100,100,0.99,0.41772,#BF7F7F,#000000,#7F3F3F,#3F3F3F,#BFBFBF,#FFFFBF,#FF7F7F,#FFBF7F,#7F7F7F,#BF7F3F
251231,sorolla,100,100,0.99,0.11579,#BF7F3F,#3F3F00,#BFBFBF,#3F0000,#FFFFBF,#3F3F3F,#7F7F3F,#BFBF7F,#000000,#FFFFFF
251243,sorolla,100,100,0.99,0.125,#7F3F00,#BF7F7F,#000000,#BF7F3F,#FFBF7F,#7F3F3F,#3F0000,#FFBF3F,#FF7F3F,#BF3F00
251295,sorolla,100,100,0.99,1.35616,#BFBF3F,#7F7F3F,#3F3F3F,#FFBF7F,#003F00,#BFBF7F,#BF7F3F,#FFBF3F,#7F3F3F,#FFFFFF
251316,sorolla,100,100,0.99,0.14204,#3F3F3F,#FFFF7F,#FFFFFF,#003F3F,#7F3F00,#3F3F7F,#00003F,#BFBFBF,#3F3F3F,#7F7F7F
251326,sorolla,100,100,0.99,0.18367,#3F3F3F,#BFBFBF,#7F7F7F,#BF7F7F,#000000,#7F7F3F,#FFFFFF,#7F3F3F,#BFBF7F,#7F3F7F
251333,sorolla,100,100,0.99,0.05793,#7F3F3F,#FFFFFF,#3F0000,#FFBF7F,#7F7F7F,#3F3F3F,#00003F,#3F3F3F,#7F7F3F,#BFBFBF
251359,sorolla,100,100,0.99,0.15865,#3F3F3F,#7F7F3F,#FFBF7F,#003F00,#3F0000,#7F7F7F,#BF7F3F,#7F3F3F,#BFBFBF,#3F7F3F
9223372032559849524,sorolla,100,100,0.99,2.67568,#FFFFFF,#BF3F00,#FFBF7F,#FFBFBF,#BF7F3F,#7F3F3F,#BF7F7F,#7F0000,#BFBF7F,#BFBFBF
251081,sorolla,100,100,0.99,1.57143,#BF3F00,#FFFFBF,#FFBF3F,#FFBF7F,#BF7F3F,#FFFF7F,#000000,#FF7F3F,#BFBFBF,#FFFFFF
251084,sorolla,100,100,0.99,0.29641,#3F3F00,#FFBF7F,#BF7F3F,#BF3F00,#7F3F00,#FFFFBF,#003F00,#BF7F00,#BFBF7F,#FFBF3F
251085,sorolla,100,100,0.99,0.07517,#3F3F3F,#BF7F7F,#3F0000,#3F3F3F,#BFBFBF,#7F7F7F,#BF7F3F,#3F3F00,#7F3F3F,#7F7F3F
251086,sorolla,100,100,0.99,0.13113,#BF3F3F,#BFBF7F,#3F0000,#BF7F3F,#7F3F00,#FFBF7F,#FFFFFF,#3F003F,#FFBFBF,#BF3F3F
251101,sorolla,100,100,0.99,0.11885,#3F3F7F,#BF7F3F,#00003F,#FFFFFF,#7F3F3F,#BF7F7F,#7F3F3F,#FFBFBF,#00003F,#3F3F3F
251115,sorolla,100,100,0.99,0.25581,#BFBF7F,#7F3F3F,#BFBFBF,#BF7F3F,#7F7F7F,#000000,#FFFFBF,#7F3F3F,#BF7F7F,#3F3F00
251129,sorolla,100,100,0.99,0.02334,#3F3F00,#BF7F3F,#FFBF3F,#7F3F00,#3F3F00,#BF7F00,#FFFF7F,#3F3F00,#FFBF7F,#BFBF3F
251130,sorolla,100,100,0.99,2.82857,#BFBFBF,#7F7F3F,#7F3F3F,#FFBFBF,#BFBF7F,#3F3F3F,#7F7F7F,#BF7F7F,#FFFFBF,#3F0000
251161,sorolla,100,100,0.99,0.56897,#BF7F3F,#000000,#7F7F7F,#FFFFFF,#3F3F3F,#7F3F3F,#3F003F,#7F7F3F,#FFBF7F,#7F3F3F
251202,sorolla,100,100,0.99,1.19277,#FFBF7F,#7F7F3F,#FFFF3F,#FFFFFF,#3F0000,#BF7F3F,#BF7F7F,#BFBF7F,#7F3F3F,#FFFFBF
251264,sorolla,100,100,0.99,0.73333,#BF7F7F,#000000,#BF7F3F,#7F3F3F,#BFBF7F,#FF7F3F,#7F7F3F,#7F3F3F,#7F7F7F,#FFBF7F
251271,sorolla,100,100,1.0,0.54054,#000000,#7F7FBF,#BFBF7F,#7F3F3F,#FFFFFF,#7F7F3F,#7F7F7F,#3F3F3F,#BF7F3F,#FFFF7F
251280,sorolla,100,100,0.99,8.25,#7F3F3F,#BFBFBF,#3F3F3F,#7F7F3F,#7F7F7F,#FFFFFF,#3F3F7F,#BF7F3F,#7FBFFF,#7F7FBF
251283,sorolla,100,100,0.99,0.10622,#7F7F7F,#3F3F3F,#BFBFBF,#00003F,#3F7F7F,#003F3F,#FFFFFF,#7FBFBF,#FFBF7F,#00003F
251285,sorolla,100,100,0.99,0.84615,#7F7F7F,#7F3F3F,#3F3F3F,#FFBF7F,#7F7F3F,#3F3F3F,#BFBFBF,#FF7F3F,#BF7F7F,#003F00
251301,sorolla,100,100,0.99,0.05348,#FFFFFF,#3F0000,#7F7FFF,#7F3F00,#00003F,#BF7F7F,#7F7F3F,#FFBFBF,#FFFFBF,#BFBFFF
251302,sorolla,100,100,0.99,4.125,#FFFF7F,#7F7F3F,#BFBF3F,#3F3F00,#003F7F,#FFBF7F,#FFBF3F,#BFBF7F,#FFFFBF,#BF7F00
251311,sorolla,100,100,0.99,0.26757,#FFBF3F,#7F3F3F,#FFFF7F,#BF7F3F,#3F3F3F,#7F7F3F,#7F3F00,#000000,#7F7F7F,#FFFFBF
251339,sorolla,100,100,0.99,1.62295,#7F7F3F,#3F3F3F,#FFBF7F,#BF7F3F,#7F7F7F,#3F3F7F,#FFFFFF,#BF7F7F,#7F3F3F,#003F00
251341,sorolla,100,100,0.99,33.0,#BF7F7F,#7F7F7F,#3F3F3F,#FFFFBF,#BFBF7F,#7F3F3F,#BFBFBF,#7F7FBF,#7F3F7F,#7F7F3F
251347,sorolla,100,100,0.99,0.9802,#7F7FBF,#7F7F3F,#FFBFBF,#BF7F3F,#BFBFBF,#7F7F7F,#BFBF7F,#FFFFBF,#000000,#3F3F3F
251350,sorolla,100,100,0.99,2.02041,#FFBFBF,#7F7F7F,#BF7F7F,#BFBF7F,#000000,#FFFFBF,#BFBFBF,#7F3F3F,#FFBF7F,#7F7FBF
251371,sorolla,100,100,0.99,0.03028,#3F3F3F,#BFBF7F,#00003F,#7F7F3F,#3F3F3F,#7F3F3F,#BF7F3F,#FFBF7F,#3F3F3F,#7F3F3F
251393,sorolla,100,100,0.99,0.03716,#000000,#FFBF7F,#BF7F3F,#3F3F00,#7F7F3F,#3F3F3F,#3F3F3F,#7F7F7F,#7F3F00,#BFBF7F
9223372032559844468,sorolla,100,100,0.99,4.30435,#3F7F3F,#7F7F7F,#3F3F3F,#FFBF7F,#FFFFBF,#3F7F7F,#7F3F3F,#FF7F3F,#7F7FBF,#3F3F7F
251066,sorolla,100,100,0.99,3.96,#3F3F3F,#7F7F7F,#3F7F7F,#FFFFFF,#3F3F7F,#3F7FBF,#7F7FBF,#3F3F3F,#BFBFBF,#BF7F7F
251074,sorolla,100,100,0.99,1.39437,#BF7F3F,#7F3F3F,#7F7FBF,#FFFFFF,#BFBFBF,#3F3F3F,#7FBFBF,#3F7FBF,#7F7F7F,#7F7F3F
251077,sorolla,100,100,0.99,1.20732,#7F3F00,#FFFFFF,#7F7FBF,#BFBF7F,#7F7F3F,#3F3F3F,#7F7F7F,#3F3F7F,#BFBFBF,#3F003F
251113,sorolla,100,100,0.99,0.02368,#003F3F,#BF7F3F,#3F0000,#7F3F3F,#FFBF3F,#3F3F00,#3F3F3F,#7F3F00,#FFFFBF,#BF7F3F
251150,sorolla,100,100,0.99,0.23131,#7F3F00,#BF7F7F,#FFFFBF,#7F7F3F,#7F7F7F,#BFBFBF,#003F3F,#FFBF7F,#7F7FBF,#3F3F00
251157,sorolla,100,100,0.99,1.83333,#7F7F7F,#BFBF7F,#7F7F3F,#000000,#FFFFFF,#3F3F3F,#BF7F3F,#BFBFBF,#BF7F7F,#7F3F3F
251178,sorolla,100,100,0.99,0.05729,#003F00,#BF7F7F,#7F7F3F,#7F7F7F,#BFBF7F,#7F3F3F,#FFBF7F,#BF7F3F,#FFFFBF,#3F3F3F
251198,sorolla,100,100,0.99,0.19149,#BF7F7F,#003F00,#3F3F3F,#FFFFFF,#7F7F7F,#7F7F3F,#FFBFBF,#BFBF7F,#003F3F,#000000
251199,sorolla,100,100,0.99,1.65,#3F3F3F,#BFBF7F,#7F7F7F,#FFFFBF,#BF7F7F,#7F3F3F,#FFBF7F,#7F7F3F,#BF7F3F,#000000
251235,sorolla,100,100,0.99,2.35714,#7F7FBF,#FFFFBF,#BF7F3F,#FFFFFF,#000000,#FFBF7F,#7F7F3F,#7F3F3F,#BFBFFF,#3F3FBF
251242,sorolla,100,100,0.99,0.12222,#3F3F3F,#FFFFFF,#7F7F7F,#BFBFBF,#000000,#BF7F00,#3F3F00,#7F7F3F,#BF7F7F,#7F3F00
251260,sorolla,100,100,0.99,0.15254,#FFBF3F,#3F3F00,#BF7F3F,#7F3F3F,#FFBF7F,#3F3F3F,#7F3F3F,#BFBF7F,#3F3F3F,#7F7F3F
251263,sorolla,100,100,0.99,3.09375,#3F3F7F,#FFFFFF,#7F3F00,#BFBFBF,#7F7FBF,#BF7F3F,#7F3F3F,#7F7F7F,#FFBF7F,#3F0000
251289,sorolla,100,100,0.99,0.03386,#7F3F00,#3F3F3F,#FFBF7F,#3F3F3F,#FFFFFF,#3F3F00,#3F3F3F,#BFBFBF,#BF7F3F,#7F7F3F
251298,sorolla,100,100,0.99,4.125,#7F7FBF,#BFBFBF,#7F7F7F,#3F3F3F,#BF7FBF,#BF7F7F,#7FBFBF,#FFFFFF,#7F3F3F,#7F7F3F
251362,sorolla,100,100,0.99,0.88393,#7F3F3F,#7F7F7F,#FFFFFF,#3F3F3F,#7F3F3F,#BFBF7F,#7F7F3F,#BFBFBF,#3F3F3F,#003F00
251067,sorolla,100,100,0.99,0.0227,#003F3F,#3F3F3F,#BFBF7F,#7F7F3F,#7F3F3F,#7F7F7F,#BF7F7F,#3F003F,#00003F,#BFBFBF
251075,sorolla,100,100,0.99,0.58929,#3F3F3F,#BF7F7F,#7F7F3F,#7F7F7F,#FFBF7F,#7F3F3F,#3F3F00,#BF7F3F,#000000,#BFBF7F
251088,sorolla,100,100,0.99,99.0,#FFBF00,#3F3F3F,#FFBF7F,#7F0000,#FFFFFF,#BF7F00,#FFBF3F,#7F3F00,#FFFFBF,#FF7F00
251093,sorolla,100,100,0.99,0.14798,#7F7FBF,#3F3F3F,#7F7F3F,#BFBF7F,#3F3F00,#3F7FBF,#3F0000,#3F3F3F,#FFFFBF,#7F7F00
251097,sorolla,100,100,0.99,0.02236,#3F3F00,#FF7F00,#003F3F,#FFFF7F,#3F7F00,#7F7F3F,#7F3F00,#7F7F3F,#FFBF3F,#BFBF3F
251133,sorolla,100,100,0.99,0.13866,#FFBF3F,#3F0000,#7F7F3F,#BFBFBF,#FFFF7F,#7F0000,#BF3F00,#3F0000,#BF7F00,#FFBF7F
251135,sorolla,100,100,0.99,0.43043,#00003F,#FFBF7F,#7F7F7F,#BF7F7F,#7F7F3F,#3F3F3F,#FFBFBF,#7F3F3F,#BF7F3F,#BFBF7F
251148,sorolla,100,100,0.99,0.09763,#FFBF7F,#000000,#BF7F3F,#7F3F00,#FFFFFF,#FF7F3F,#3F3F00,#FFBF3F,#BFBF7F,#BF7F7F
251151,sorolla,100,100,0.99,0.46262,#FFBFBF,#7F3F3F,#BFBFBF,#BF7F3F,#BFBF7F,#3F003F,#7F7FFF,#BFBFFF,#BF7F7F,#FFFFFF
251167,sorolla,100,100,0.99,99.0,#3F3F3F,#BF7F7F,#7F7FBF,#7F7F7F,#BFBFBF,#FFBFBF,#7F3F3F,#BFBF7F,#BF7F3F,#7F7F3F
251174,sorolla,100,100,0.99,0.6875,#3F3F3F,#BFBF7F,#7F7F7F,#FFBFBF,#3F3F3F,#BFBFBF,#3F7F7F,#00003F,#FFFFFF,#7F7F3F
251175,sorolla,100,100,0.99,0.10454,#7F3F3F,#BF7F3F,#3F3F00,#FFBFBF,#FFBF7F,#003F00,#BF7F7F,#FF7F00,#3F3F00,#7F3F00
251203,sorolla,100,100,0.99,0.0544,#7F7F3F,#3F3F3F,#000000,#BFBF7F,#3F3F00,#BF7F00,#3F3F3F,#7F7F00,#3F3F00,#7F7F7F
251212,sorolla,100,100,0.99,0.20668,#7F3F3F,#BFBF7F,#3F3F3F,#FFFFFF,#BF7F7F,#000000,#FFBFBF,#BF7F3F,#7F7F7F,#7F7F3F
251218,sorolla,100,100,0.99,0.04965,#000000,#FFBF7F,#7F7F7F,#3F3F3F,#FFFFFF,#BF7F3F,#BFBF7F,#BF7F7F,#7F7F3F,#7F3F3F
251230,sorolla,100,100,0.99,0.53804,#BFBFBF,#3F3F3F,#7F7F3F,#3F3F3F,#BFBF7F,#FFFFFF,#7F7FBF,#7F7F7F,#000000,#7FBFBF
251240,sorolla,100,100,0.99,0.26685,#BF7F3F,#FFFFBF,#3F3F3F,#BFBFFF,#BF7F7F,#BFBFBF,#BFBF7F,#FFFFFF,#00003F,#7F7F7F
251245,sorolla,100,100,0.99,0.81818,#BF7F3F,#FFFFBF,#3F0000,#FFBF3F,#BFBFFF,#FFFFFF,#7F0000,#FFBF7F,#FFFF7F,#BFFFFF
251249,sorolla,100,100,0.99,0.81148,#7FBFBF,#3F3F3F,#BF7F7F,#BFBFBF,#BF7F3F,#FFFFFF,#BFBF7F,#7F7F3F,#000000,#3F3F7F
251268,sorolla,100,100,0.99,0.61111,#3F3F00,#7F7FBF,#3F3F3F,#BFBFBF,#7F7F7F,#7F7F3F,#003F3F,#3F3F7F,#00003F,#BFBF7F
251294,sorolla,100,100,0.99,0.08699,#BFBF7F,#3F3F3F,#000000,#7F7F3F,#3F3F00,#7F3F3F,#FFFFBF,#3F3F3F,#7F3F00,#BFBFBF
251328,sorolla,100,100,0.99,1.57143,#BF7F3F,#3F3F3F,#7F3F00,#3F3F3F,#7F3F3F,#7F7F3F,#3F0000,#7F7F7F,#BF7F7F,#000000
251340,sorolla,100,100,0.99,0.25581,#003F00,#7F7F7F,#FFBF7F,#7F3F00,#7F7F3F,#BF7F3F,#BF7F7F,#FFBFBF,#3F3F00,#3F3F3F
251342,sorolla,100,100,0.99,0.70714,#000000,#BFBF7F,#7F3F3F,#FFFFFF,#BF7F7F,#FFBFBF,#BFBFBF,#7F7F3F,#BF7F3F,#FFBF7F
251343,sorolla,100,100,0.99,0.07205,#BF7F7F,#3F003F,#7F3F3F,#FFFFBF,#7F7F7F,#3F003F,#7F3F3F,#FF7F3F,#3F3F3F,#7F7F3F
251369,sorolla,100,100,0.99,0.13218,#BF7F00,#3F0000,#FFBF7F,#3F3F3F,#FFBFBF,#7F7F00,#7F3F00,#3F3F00,#3F3F3F,#BF7F7F
251190,sorolla,100,100,0.99,33.0,#BF7F7F,#7F3F3F,#BFBFBF,#BF7F3F,#BFBF7F,#3F3F3F,#7F7F7F,#FFBF7F,#BF7F3F,#3F3F7F
251224,sorolla,100,100,0.99,0.65132,#BFBF00,#3F0000,#BFBFBF,#7F7F3F,#BF7F00,#FFFFFF,#7F3F3F,#FFBF00,#BFBF7F,#7F3F3F
251265,sorolla,100,100,0.99,0.02841,#3F0000,#7F7F7F,#3F3F3F,#3F003F,#FFFFBF,#003F3F,#BFBF7F,#7F7F3F,#7F3F3F,#003F3F
251318,sorolla,100,100,0.99,0.11288,#3F3F3F,#FFBFFF,#7F7F3F,#000000,#FFFFFF,#BFBF7F,#3F3F3F,#7F7F7F,#FFBF7F,#3F7F3F
251370,sorolla,100,100,0.99,0.3289,#FFFFFF,#7F3F00,#BFBF7F,#FFBF3F,#3F3F00,#FFBF7F,#BF7F3F,#003F00,#FF7F00,#7F7F7F
251210,sorolla,100,100,0.99,0.07771,#BF7F3F,#3F3F00,#FFFF7F,#BFBF7F,#7F3F00,#3F0000,#7F7F3F,#FFBF7F,#FFBFBF,#3F0000
251068,sorolla,100,100,0.99,0.03111,#3F3F3F,#BFBF7F,#003F00,#7F7F3F,#7F3F00,#3F3F3F,#FFFFFF,#3F3F00,#3F3F3F,#BF7F00
251136,sorolla,100,100,0.99,0.29204,#FFFFFF,#7F7F3F,#003F00,#FFBFBF,#3F3F3F,#BF7F7F,#BF7F3F,#3F3F3F,#FFBF7F,#7F3F00
251139,sorolla,100,100,0.99,0.12313,#7F7F7F,#3F3F3F,#FFFFBF,#003F3F,#BF7F3F,#00003F,#7F7F3F,#7F3F3F,#FFBF7F,#00003F
251173,sorolla,100,100,0.99,0.17338,#7F3F00,#FFBF7F,#7F7FBF,#BF7F00,#FFFFBF,#3F3F00,#3F0000,#FF7F00,#3F3F00,#3F3FBF
251197,sorolla,100,100,0.99,0.15891,#BF7F7F,#000000,#3F3F3F,#FFBFBF,#7F3F3F,#7F7F3F,#FFFFFF,#7F7F7F,#BFBF7F,#3F7F3F
251241,sorolla,100,100,0.99,0.03413,#7F7F7F,#000000,#7F3F3F,#BFBFBF,#7F7F3F,#3F3F3F,#FFBF7F,#BF7F7F,#BF0000,#003F3F
251252,sorolla,100,100,0.99,0.53226,#7F7F3F,#FFFFFF,#BF7F3F,#3F3F3F,#BFBFFF,#BFBF3F,#7F7F3F,#000000,#FFBF3F,#BFFFFF
251071,sorolla,100,100,0.99,1.94118,#000000,#7F7F7F,#BFBFBF,#7F3F3F,#7F7FBF,#BF7F7F,#3F3F3F,#7F7F3F,#FFFFFF,#BF7FBF
251141,sorolla,100,100,0.99,0.68276,#BFBF7F,#7F3F3F,#7F7F3F,#003F00,#3F3F3F,#BFBFBF,#BF7F7F,#BF7F3F,#3F3F00,#7F7F7F
251149,sorolla,100,100,0.99,0.49254,#7F7F7F,#BFBFBF,#003F00,#FFFFFF,#3F3F3F,#7F7FBF,#BF7F3F,#BFBF7F,#7F7F3F,#BF7FBF
251192,sorolla,100,100,1.0,0.39526,#7FBFBF,#7F7F3F,#FFFFBF,#BFBFBF,#3F3F00,#7F7F7F,#BF7F7F,#000000,#7F3F3F,#BFBF7F
251196,sorolla,100,100,0.99,0.12103,#3F3F3F,#7F7F3F,#FFFFBF,#3F3F00,#7F3F00,#BF7F3F,#7F7F3F,#3F3F3F,#3F3F00,#7F7F7F
251291,sorolla,100,100,0.99,0.59639,#7F7F3F,#3F3F3F,#FFBFBF,#7F3F3F,#7F7F7F,#000000,#BF7F7F,#003F3F,#BF7F3F,#3F3F00
251292,sorolla,100,100,0.99,0.46919,#BFBF7F,#7F0000,#7F3F3F,#FFFFFF,#000000,#FFBFBF,#BF7F7F,#BF7F3F,#7F7F3F,#7F7F7F
251310,sorolla,100,100,0.99,0.15994,#3F0000,#BF7F7F,#BFBFFF,#7F3F3F,#BF7F3F,#FFFFFF,#3F3F3F,#000000,#FFBF7F,#3F3F00
251324,sorolla,100,100,0.99,0.28863,#7F7F3F,#BFBFBF,#3F3F3F,#7F7F7F,#FFFFFF,#3F7F3F,#000000,#3F7F7F,#3F3F7F,#BFBF7F
251078,sorolla,100,100,0.99,1.83333,#BF7F7F,#FFBFBF,#FF7F3F,#000000,#BF3F00,#BFBFBF,#FFBF7F,#BF7F3F,#FF7F7F,#FFFFFF
251103,sorolla,100,100,0.99,0.61491,#BF7FBF,#7F3F3F,#FFFFBF,#BFBFBF,#FF7F3F,#000000,#BF7F7F,#FFBFBF,#FFFFFF,#BF3F00
251132,sorolla,100,100,0.99,1.06452,#7F7F3F,#BFBFBF,#3F3F3F,#7F7F7F,#BF7F7F,#7F3F3F,#FFFFFF,#3F3F7F,#003F00,#3F003F
251169,sorolla,100,100,1.0,1.66667,#7F7F7F,#7F7F3F,#7F3F3F,#BFBF7F,#3F3F3F,#BF7F3F,#BFBFBF,#FFFFBF,#003F00,#3F3F00
251186,sorolla,100,100,0.99,0.12611,#7F7F7F,#3F3F00,#BFBFBF,#3F3F3F,#3F3F00,#BFBF7F,#3F0000,#BF7F7F,#7F7F3F,#7F3F00
251213,sorolla,100,100,0.99,1.98,#7F7F7F,#3F3F3F,#BFBFBF,#7F7F3F,#7F3F3F,#3F3F7F,#7F7FBF,#7FBFFF,#FFFFFF,#BFBF7F
251237,sorolla,100,100,0.99,3.3,#BF7F7F,#7F3F3F,#BFBF7F,#FFFFBF,#BF7F3F,#BFBFBF,#7F7F3F,#7F7F7F,#7F3F00,#3F3F3F
251246,sorolla,100,100,0.99,2.60526,#7F7F7F,#FFBF7F,#7F3F3F,#BF7F7F,#BFBFBF,#7F7FBF,#00003F,#FFFFBF,#3F7FBF,#BF7F3F
251253,sorolla,100,100,0.99,0.06539,#FF7F3F,#3F3F3F,#BFBFFF,#000000,#3F7FFF,#7F3F3F,#FFFFFF,#BF7F3F,#FFBF7F,#003FBF
251281,sorolla,100,100,1.0,0.34965,#BF7F00,#FFFFFF,#7F7F3F,#3F3F00,#BF0000,#3F7F7F,#7F3F00,#3F3F00,#FFFFBF,#BFBFBF
251344,sorolla,100,100,0.99,1.07609,#7F7F3F,#BFBFBF,#3F3F3F,#7F7F7F,#7F3F3F,#BF7F00,#7FBFBF,#BF7F7F,#3F7F3F,#BF3F00
251293,sorolla,100,100,0.99,0.31034,#7F3F3F,#BFBFBF,#3F3F3F,#7F7F7F,#003F00,#3F3F7F,#BF7F3F,#3F3F3F,#FFFFFF,#7F7FBF
251304,sorolla,100,100,0.99,4.71429,#BFBFBF,#7F3F3F,#7F7F7F,#3F3F3F,#BF7F7F,#7F7F3F,#BFBF7F,#FFFFFF,#003F3F,#FFBFBF
251313,sorolla,100,100,0.99,0.13451,#3F3F3F,#FFFFBF,#7F7F3F,#7FBFBF,#000000,#BFBF7F,#7F3F3F,#BF7F3F,#7F7F7F,#BFBFFF
251354,sorolla,100,100,0.99,0.49254,#3F3F00,#7F7F3F,#BFBF7F,#7F7F7F,#FFFFFF,#7F3F3F,#7F7FBF,#BF7F3F,#3F3F3F,#000000
251087,sorolla,100,100,0.99,0.31629,#FFBFFF,#7F3F00,#BF7F3F,#000000,#7F7FBF,#BF3F00,#3F3F3F,#FF7F3F,#FF7F7F,#BF7F7F
251091,sorolla,100,100,0.99,0.74436,#BF7F3F,#7F3F3F,#FFBF7F,#BF3F3F,#000000,#BF3F00,#FF7F00,#7F3F3F,#FFBF3F,#BF7F00
251111,sorolla,100,100,0.99,0.21663,#FFFFFF,#BF7F3F,#FFFFBF,#000000,#BFBFBF,#3F3F00,#BFBF7F,#FFBFBF,#FFBF7F,#7F7F3F
251267,sorolla,100,100,0.99,0.20582,#3F3F3F,#BFBF3F,#7F7F7F,#7F7F3F,#000000,#3F3F00,#FFFFBF,#BF7F3F,#7F3F00,#BFBF7F
251278,sorolla,100,100,0.99,0.13469,#3F3F7F,#3F3F3F,#BFBFBF,#7F7F7F,#FFFFFF,#000000,#BFBFFF,#7F7FBF,#3F3F3F,#3F7F7F
251305,sorolla,100,100,0.99,0.17838,#3F3F3F,#BFFFFF,#7F7F7F,#3F0000,#FFFFFF,#BFBFBF,#3F3F00,#3F3F7F,#7F3F3F,#7F7FBF
251308,sorolla,100,100,0.99,1.59677,#BFBF3F,#FFFFFF,#7F7F7F,#3F3F3F,#7F7F3F,#BFBF7F,#3F3F7F,#FFFFBF,#7F7FBF,#BFBFBF
251105,sorolla,100,100,0.99,0.06375,#FFFFFF,#3F003F,#3F0000,#7F7F3F,#FFBFBF,#FFFFBF,#7F3F3F,#7F7F7F,#FFBFFF,#3F3F3F
251110,sorolla,100,100,0.99,0.1471,#3F7F3F,#FFBFBF,#FFFFFF,#000000,#BFBFBF,#7F7F7F,#3F3F3F,#BF7F7F,#BFBF7F,#3F3F3F
251179,sorolla,100,100,0.99,0.53514,#000000,#FFBF7F,#7F7F3F,#FFFFFF,#FFBF3F,#BFBFBF,#BF7F3F,#7F3F00,#7F7F7F,#BF7F7F
251223,sorolla,100,100,0.99,0.11928,#7F3F3F,#BF7F3F,#3F3F3F,#003F00,#FFBF7F,#3F3F3F,#3F3F00,#7F3F3F,#7F7F3F,#7F7F00
251320,sorolla,100,100,0.99,0.32353,#BFBF7F,#3F3F3F,#003F3F,#7F7F3F,#003F7F,#7F3F3F,#BF7F7F,#7F7F7F,#003F3F,#BF7F3F
251322,sorolla,100,100,0.99,0.60366,#7F3F3F,#BFBFBF,#FFFFFF,#BF7F3F,#7F7F7F,#3F3F3F,#BFBF7F,#000000,#7F7F3F,#FFFFBF
251360,sorolla,100,100,0.99,0.37358,#FFFFFF,#7F3F3F,#FFBF7F,#FF7F00,#000000,#00003F,#BF7F3F,#7F3F00,#3F3F3F,#7F7F7F
251375,sorolla,100,100,0.99,0.14306,#FFFFFF,#7F3F00,#BF7F7F,#3F0000,#FFBFBF,#3F0000,#BF3F00,#3F3F00,#7F3F3F,#FF7F00
9223372032559849522,sorolla,100,100,0.99,3.09375,#7F3F3F,#FFFFBF,#BF7F7F,#7F7F3F,#7F7F7F,#BFBF7F,#3F0000,#3F3F3F,#BF7F3F,#FFFF7F
251069,sorolla,100,100,0.99,99.0,#BFBF7F,#3F7FBF,#BFBFBF,#7F7FBF,#7F7F7F,#FFBF7F,#FFFFBF,#3F3F3F,#BF7F3F,#FFBFBF
251082,sorolla,100,100,0.99,0.22864,#BF7F7F,#3F0000,#FFFFBF,#FFBF7F,#BF7F3F,#7F3F3F,#3F0000,#7F3F00,#BFBF7F,#7F7F3F
251099,sorolla,100,100,0.99,0.0467,#7F7FBF,#3F3F3F,#000000,#FFFFBF,#7F7F7F,#BF7F7F,#BFBFBF,#7F3F3F,#3F3F7F,#FFBF7F
251107,sorolla,100,100,0.99,0.01993,#003F00,#FFFFBF,#7F3F3F,#3F0000,#FFBF7F,#3F3F00,#BF7F3F,#7F3F3F,#FFBFBF,#3F3F3F
251119,sorolla,100,100,0.99,0.02571,#7F7FBF,#003F3F,#3F3F00,#FFFFFF,#BFBFBF,#00003F,#3F3F3F,#7F7F00,#003F00,#7F7F7F
251120,sorolla,100,100,0.99,0.18786,#FFFFBF,#7F7F7F,#3F0000,#BFBF7F,#FFBFBF,#3F3F3F,#3F0000,#FFFFFF,#BF7F7F,#7F3F3F
251123,sorolla,100,100,0.99,0.31429,#BFBF7F,#3F3F00,#BF7F3F,#3F3F3F,#7F3F3F,#FFBFBF,#7F3F3F,#FFFFFF,#BF7F7F,#7F7F3F
251138,sorolla,100,100,0.99,4.30435,#7F7FBF,#3F3F3F,#BFBFBF,#BF7F7F,#7F7F7F,#FFFFBF,#7F3F3F,#3F3F7F,#FFBFBF,#7F7F3F
251143,sorolla,100,100,0.99,0.03381,#BF3F3F,#007F3F,#7FBF3F,#003F3F,#003F00,#FFFFBF,#FFBF00,#3F7F00,#FFFF3F,#3F3F00
251160,sorolla,100,100,0.99,11.0,#7F7FBF,#FFBFBF,#3F3F00,#007F7F,#BF7F3F,#7F7F7F,#3F7FBF,#FFFFFF,#BFBFBF,#7FBFBF
251188,sorolla,100,100,0.99,0.05283,#FFBF3F,#000000,#7F3F00,#BFBF7F,#FF7F3F,#003F3F,#BF7F3F,#FFFFFF,#BF3F00,#7F7F3F
251194,sorolla,100,100,1.0,0.5618,#FFFFFF,#7F3F00,#BF7F7F,#BFBFBF,#000000,#3F3F7F,#7F7F7F,#7F7F3F,#3F3F3F,#3F3F3F
251204,sorolla,100,100,0.99,1.35616,#BFBFFF,#7F7F3F,#3F3F3F,#7F7FBF,#7F7F7F,#BFBFBF,#7F3F3F,#BF7F7F,#3F7F3F,#000000
251225,sorolla,100,100,0.99,0.10891,#BFBF7F,#3F0000,#7F7F3F,#BF7F7F,#3F003F,#7F3F00,#7F7F7F,#BF7F3F,#BFBFBF,#3F3F3F
251238,sorolla,100,100,0.99,0.16124,#00003F,#BF7F00,#3F3F00,#FFBF7F,#FFFFFF,#BFBFFF,#7F7F3F,#BF7F7F,#7F7F3F,#00003F
251256,sorolla,100,100,0.99,0.25781,#7F7F7F,#7F3F3F,#3F3F3F,#BF7F3F,#003F00,#7F7F3F,#BF7F7F,#7F3F7F,#FFBF7F,#3F3F00
251259,sorolla,100,100,0.99,0.76154,#FFBF7F,#7F3F3F,#7F7F3F,#BF7F3F,#3F3F00,#FFFFBF,#003F3F,#7F3F3F,#FFFF7F,#FF7F00
251270,sorolla,100,100,0.99,0.02501,#003F00,#BF7F7F,#7F3F3F,#FFFFFF,#3F0000,#BF7F3F,#7F3F3F,#BFBFBF,#7F003F,#FFBF7F
251297,sorolla,100,100,0.99,2.15217,#BF3F3F,#FFBFBF,#BF7F3F,#FFFFFF,#FFBF7F,#7F7F3F,#FFFFBF,#BFBF7F,#3F0000,#BF7F7F
251312,sorolla,100,100,0.99,0.03194,#FFFFFF,#003F00,#7F7F3F,#003F00,#BFBFBF,#7F3F00,#BF7F3F,#3F3F3F,#3F3F00,#FFBFBF
251323,sorolla,100,100,0.99,2.0625,#7F7F3F,#BFBFBF,#3F3F3F,#FFFFFF,#BF7F7F,#7F7F7F,#3F3F3F,#7F3F3F,#BFBF7F,#FFBFBF
251358,sorolla,100,100,0.99,0.04031,#3F3F00,#7F7F7F,#BFBFBF,#3F3F3F,#000000,#FFFFFF,#3F7F7F,#7FBFBF,#3F3F3F,#7F7F3F
251363,sorolla,100,100,0.99,0.02278,#3F0000,#FFBFBF,#BFBF7F,#3F3F3F,#3F3F3F,#FFFFFF,#3F3F3F,#7F3F3F,#7F7F7F,#BFBFBF
251366,sorolla,100,100,0.99,0.02089,#003F00,#3F3F3F,#FFBFBF,#BF7F3F,#3F003F,#7F3F3F,#7F7F3F,#3F3F3F,#BFBF7F,#7F3F00
251367,sorolla,100,100,0.99,0.15254,#00003F,#FFBF7F,#7F3F3F,#3F3F00,#BF7F3F,#FFBFBF,#3F3F3F,#7F3F3F,#BF3F00,#7F7F3F
251368,sorolla,100,100,0.99,0.04049,#3F3F3F,#FFBF7F,#3F003F,#7F7F3F,#FFBF3F,#3F3F3F,#BF3F3F,#7F3F00,#BF7F3F,#3F0000
251372,sorolla,100,100,0.99,0.12516,#7F3F00,#BF7F7F,#3F3F00,#BFBFBF,#7F3F3F,#BF7F3F,#3F3F00,#000000,#7F7FBF,#FFBF3F
251374,sorolla,100,100,0.99,7.61538,#7F3F7F,#7F7F7F,#3F7F7F,#BF7F7F,#3F0000,#7FBF7F,#7F7F3F,#FFBF7F,#BFBFBF,#7F3F00
251376,sorolla,100,100,0.99,0.0988,#BF7F7F,#7F3F3F,#000000,#BF7F3F,#7F7F3F,#FFBF7F,#3F3F3F,#7F3F3F,#3F3F3F,#3F3F3F
251377,sorolla,100,100,0.99,0.03587,#3F3F00,#BF7F00,#3F3F3F,#003F00,#BFBF3F,#BF7F3F,#7F3F00,#FFBF3F,#7F7F3F,#7F7F00
251380,sorolla,100,100,0.99,0.1491,#FFFFBF,#BF3F00,#000000,#FF7F3F,#BF7F7F,#FFBF7F,#003F00,#FFBF3F,#BF7F00,#FF7F00
251381,sorolla,100,100,0.99,0.02904,#3F0000,#FFBF7F,#7F3F3F,#BFBFBF,#3F003F,#BF7F7F,#FFBFBF,#3F003F,#FFFFFF,#3F3F3F
251382,sorolla,100,100,0.99,0.08715,#003F3F,#BF7F7F,#FFFFBF,#7F3F3F,#003F00,#BF7F3F,#7F7F3F,#FFBFBF,#FFBF7F,#3F3F3F
251384,sorolla,100,100,0.99,0.03,#7F3F00,#3F0000,#FFBF00,#7F7F3F,#003F3F,#FF7F00,#BFBF7F,#3F3F3F,#3F3F00,#BF7F3F
251386,sorolla,100,100,0.99,0.27049,#FFBF7F,#3F3F00,#BFBFFF,#7F7F00,#FF7F3F,#FFFFBF,#3F0000,#7F7F7F,#3F3F3F,#BF7F7F
251387,sorolla,100,100,0.99,0.07377,#BF7F3F,#000000,#BFBFBF,#7F3F3F,#BF7F7F,#7F3F3F,#FFBFBF,#3F3F00,#3F3F00,#7F7F3F
251388,sorolla,100,100,0.99,0.01183,#003F00,#FFBF7F,#7F3F00,#3F0000,#BF7F3F,#3F3F00,#FFFF7F,#FFBF3F,#FF7F3F,#7F7F3F
251389,sorolla,100,100,0.99,0.25063,#FFBFBF,#7F7F3F,#000000,#BF7F7F,#BF7F3F,#FFBF7F,#FF7F3F,#FF7F7F,#7F7FBF,#7F3F00
251390,sorolla,100,100,0.99,0.11074,#3F3F00,#FFFFBF,#BF7F3F,#FFFFFF,#FF7F3F,#00003F,#BFBFBF,#FFBF7F,#3F003F,#7F7F00
251391,sorolla,100,100,0.99,0.19682,#3F3F3F,#BFBF7F,#BF7F3F,#3F3F7F,#00003F,#7F7F7F,#3F003F,#7F3F3F,#BF7F7F,#003F7F
251392,sorolla,100,100,0.99,0.01963,#003F3F,#FFBF7F,#FF0000,#3F3F3F,#BFBFBF,#7F7F7F,#BF7F3F,#00003F,#FFFFFF,#3F0000
251394,sorolla,100,100,0.99,0.72263,#FFFFBF,#BF7F3F,#FF7F00,#000000,#BFBFBF,#7F7F7F,#BF003F,#FFBF7F,#BF7F7F,#BFBF7F
251395,sorolla,100,100,0.99,0.78571,#FFFFFF,#BF7F3F,#FFBF7F,#3F0000,#BF7F3F,#FFFFBF,#7F3F3F,#FFBFBF,#BF7F7F,#FF7F3F
251396,sorolla,100,100,0.99,9.9,#FFFFFF,#BF7F7F,#BFBFFF,#3F003F,#FFFFBF,#BFBFBF,#7F7FBF,#7F7F7F,#FF7F00,#FFBFBF
251397,sorolla,100,100,0.99,0.1313,#FF7F00,#3F3F00,#FFFFFF,#7F7F00,#FFBF7F,#7F3F00,#003F00,#BF7F3F,#BF7F3F,#FFBF00
251399,sorolla,100,100,0.99,0.34021,#3F3F00,#BF7F3F,#7F3F00,#FFBF7F,#3F3F3F,#003F00,#7F7F3F,#FF7F00,#7F3F3F,#3F3F00
251400,sorolla,100,100,1.0,0.0396,#000000,#FFBFBF,#3F3F3F,#7F7F3F,#3F3F3F,#FFFFBF,#BFBFBF,#7F3F00,#FFFFFF,#7F7F7F
251401,sorolla,100,100,0.99,0.09528,#BFBFBF,#7F3F00,#BF7F3F,#3F3F00,#FFFFBF,#3F3F00,#BF7F3F,#FFBF7F,#7F7F3F,#3F3F00
251402,sorolla,100,100,0.99,0.21475,#7F7F3F,#FFFFBF,#FF7F3F,#3F0000,#BFBFBF,#FFFFFF,#FFBF7F,#BF7F3F,#3F7F3F,#3F3F00
251403,sorolla,100,100,0.99,0.03058,#3F3F3F,#3F3F00,#3F3F00,#7F7F00,#FFBF00,#7F3F3F,#3F3F3F,#7F3F00,#7F7F3F,#3F3F00
251404,sorolla,100,100,0.99,0.29464,#7F3F00,#BF7F3F,#3F3F00,#3F003F,#BF7F3F,#BFBF3F,#7F7F00,#00003F,#BF3F00,#FFBF3F
251405,sorolla,100,100,0.99,0.24384,#BFBF7F,#000000,#FFFFBF,#7F3F00,#7F7F3F,#FFBF7F,#7FBFBF,#BF7F3F,#FFFFFF,#FFFF7F
251407,sorolla,100,100,0.99,0.49254,#FFFFBF,#7F3F00,#BFBF7F,#FFBF7F,#000000,#FF7F3F,#BF7F3F,#FFBFBF,#FFFFFF,#BF7F7F
251408,sorolla,100,100,0.99,0.06671,#7F3F3F,#3F0000,#7F7F3F,#3F3F00,#BF7F3F,#3F003F,#7F7F3F,#7F3F3F,#BFBF7F,#3F3F3F
251409,sorolla,100,100,0.99,0.70213,#FFFF7F,#BF3F00,#3F003F,#FFBF3F,#BF7F3F,#FF7F3F,#7F3F00,#FF7F3F,#7F3F3F,#BF7F3F
251413,sorolla,100,100,0.99,0.03654,#7F3F3F,#3F003F,#BF7F7F,#FF7F00,#3F0000,#BF7F3F,#FFBF7F,#7F3F3F,#BF3F00,#7F0000
251415,sorolla,100,100,0.99,1.04211,#FFFFBF,#7F3F3F,#BFBF7F,#FFBF7F,#BF7F3F,#003F00,#BF7F7F,#FFFFFF,#7F7F3F,#7F3F00
251416,sorolla,100,100,0.99,0.08746,#7F7F3F,#3F3F00,#BFBF7F,#000000,#7F3F3F,#3F3F3F,#FFBFBF,#7F3F3F,#BF7F7F,#BF7F3F
251417,sorolla,100,100,0.99,0.10041,#3F7F00,#FFFFBF,#3F3F00,#7F7F3F,#3F3F3F,#BFBF7F,#3F3F00,#3F3F3F,#7F7F00,#7F3F00
251418,sorolla,100,100,0.99,0.21569,#BFBF7F,#000000,#BFBFBF,#BF7F3F,#7F7F7F,#3F3F3F,#7F7F3F,#FFFFBF,#3F3F3F,#FFBF7F
251419,sorolla,100,100,0.99,0.02849,#7F3F3F,#000000,#BF7F3F,#7F7F3F,#3F3F3F,#7F7F7F,#3F3F00,#BF7F7F,#7F3F00,#FFBF3F
251420,sorolla,100,100,0.99,0.02413,#003F3F,#BF7F3F,#FFBF7F,#3F3F3F,#3F3F00,#7F3F3F,#3F3F00,#BF7F7F,#FFBFBF,#FF7F7F
251421,sorolla,100,100,0.99,0.20204,#FF7F00,#7F3F3F,#BFBF7F,#000000,#BF7F7F,#3F3F3F,#BF7F3F,#FFBF7F,#7F7F7F,#7F7F3F
251423,sorolla,100,100,0.99,0.61875,#FFFFBF,#7F3F3F,#FF7F3F,#BF7F7F,#003F00,#BF7F3F,#BF3F3F,#FFBFBF,#FF7F7F,#7F3F3F
251424,sorolla,100,100,0.99,0.3289,#3F3F00,#FFBF7F,#7F7F3F,#3F3F3F,#FFBF3F,#FFFFFF,#7F7F00,#BF7F3F,#3F0000,#3F7F00
251425,sorolla,100,100,0.99,1.83333,#7F7F3F,#BFBFBF,#3F3F3F,#FFFFFF,#BF7F7F,#3F3F3F,#BFBF7F,#7F7F7F,#7F3F3F,#FFBFBF
251426,sorolla,100,100,0.99,0.24029,#7F7F00,#BFBFBF,#003F00,#FF7F00,#BFBF7F,#7F3F00,#3F3F00,#FFFFBF,#BF7F3F,#BF7F7F
251427,sorolla,100,100,0.99,0.03329,#3F3F00,#FF7F3F,#003F3F,#7F3F3F,#BF7F3F,#3F3F3F,#FF7F00,#7F7F3F,#3F0000,#7F3F3F
251428,sorolla,100,100,0.99,0.03968,#3F3F3F,#FFBF7F,#003F00,#7F3F3F,#3F3F3F,#7F7F3F,#7F7F7F,#3F3F00,#BF7F3F,#7F3F00
251429,sorolla,100,100,0.99,0.18929,#3F3F7F,#FFBF7F,#7F0000,#000000,#FFFFFF,#7F7F7F,#00003F,#003FBF,#BF7F00,#3F3F7F
