213667,degas,250,197,0.39797,3.37931,#7F7F3F,#00003F,#7F3F3F,#FFBF3F,#BF7F00,#7F3F00,#FFFF7F,#7F3F3F,#3F3F3F,#FF7F3F
213514,degas,250,384,0.39896,0.09587,#BFBF00,#003F3F,#BF7F7F,#00003F,#7F3F3F,#FFFF3F,#FF7F7F,#003F00,#3F3F3F,#3F7F7F
9223372032559837920,degas,250,277,0.39856,0.08866,#7FBFBF,#3F0000,#BFBF3F,#7F7F3F,#000000,#003F3F,#FFFFBF,#BF0000,#FF7F00,#7F7F00
213614,degas,250,206,0.39806,0.01614,#003F00,#BF3F3F,#3F3F00,#FFBF3F,#3F003F,#7F0000,#3F003F,#7F3F3F,#FF3F00,#BF3F00
213615,degas,250,197,0.39797,0.00454,#000000,#FF7F3F,#3F003F,#3F0000,#FF3F00,#FFBF7F,#7F3F3F,#3F3F00,#7F7F3F,#BF3F3F
213662,degas,250,198,0.39798,0.00864,#3F3F3F,#FFBF3F,#003F00,#7F0000,#FF7F3F,#BF3F3F,#3F3F00,#3F3F00,#7F3F00,#FFFF7F
213689,degas,250,181,0.39779,3.05085,#FFFFFF,#FFBF7F,#BFFFBF,#7F3F3F,#FFFFFF,#BF7F7F,#000000,#FFBFFF,#FFFFFF,#FFFFFF
213690,degas,250,162,0.4,3.44681,#BF7FBF,#FFFFFF,#BFBFFF,#7F3F7F,#BF7F7F,#3F003F,#FFFFBF,#FFBFBF,#FFFFFF,#003F00
213446,degas,250,195,0.39795,0.01399,#7F0000,#3F3F00,#BF3F00,#FFBF3F,#3F3F00,#7F3F3F,#3F3F00,#7F3F00,#FF3F3F,#003F00
213478,degas,250,164,0.39756,0.15392,#3F0000,#FFBFFF,#7F7F7F,#FFFFFF,#3F3F3F,#FFBFBF,#000000,#FFFFBF,#FFBF7F,#7F3F7F
213597,degas,250,174,0.4,0.04289,#FFFFFF,#000000,#7F3F3F,#FFBFBF,#003F00,#7F7F7F,#FFFFBF,#7F7F3F,#FFBF7F,#7F003F
9223372032559810721,degas,250,209,0.39809,0.00902,#003F00,#3F7F3F,#FFBF7F,#3F003F,#3F0000,#BF7F3F,#7F0000,#BF7F3F,#3F3F00,#7F3F00
213258,degas,250,182,0.3978,0.06152,#FFFF7F,#3F0000,#7F7F00,#3F3F3F,#FF3F00,#BF003F,#BFBF3F,#3F3F3F,#000000,#7F3F00
213262,degas,250,195,0.39795,0.00889,#000000,#3F0000,#BF3F00,#BF3F00,#7F0000,#BF3F00,#FFFF7F,#3F3F00,#003F00,#FFBF00
213616,degas,250,188,0.39787,0.00802,#BF0000,#3F003F,#FFBFBF,#3F0000,#FF7F3F,#3F003F,#000000,#BF7F3F,#3F3F3F,#FFFFFF
213859,degas,250,193,0.39793,0.01719,#003F00,#FF3F3F,#3F0000,#BF0000,#00003F,#7F7F3F,#FFBF7F,#3F3F3F,#3F3F7F,#3F3F00
213442,degas,250,170,0.39765,0.00915,#7F0000,#3F0000,#00003F,#3F003F,#003F00,#FF3F00,#3F0000,#7F3F00,#3F7F3F,#3F3F00
213664,degas,250,180,0.39778,0.0124,#3F3F00,#BFBF7F,#00003F,#000000,#BF3F3F,#7F3F00,#3F3F3F,#FFFFFF,#00003F,#000000
213596,degas,250,175,0.39771,0.01819,#3F3F00,#FFBF3F,#3F0000,#FFFFFF,#3F3F00,#BF3F3F,#BF3F00,#FFBF7F,#7F3F00,#3F3F3F
213599,degas,250,195,0.39795,0.00687,#003F00,#BF3F00,#FF7F7F,#3F0000,#3F3F3F,#7FBF3F,#7F7F7F,#3F0000,#BFBF7F,#FFFF7F
213600,degas,250,164,0.39756,0.26678,#7F3F3F,#FFBF7F,#7F0000,#BFBF7F,#000000,#BF7F00,#3F3F7F,#FFBF3F,#FFBF3F,#3F3F3F
213613,degas,250,174,0.3977,0.06588,#3F0000,#FFBF3F,#3F3F00,#3F7F3F,#FFFF3F,#7F7F00,#BF7F3F,#3F0000,#7FBF3F,#3F003F
213619,degas,250,355,0.39887,0.09089,#7F7F3F,#3F0000,#FFFFBF,#FF7F00,#7F3F00,#FFFF7F,#FF7F3F,#3F3F00,#7F3F00,#BF7FBF
213678,degas,250,355,0.39887,1.15309,#FFBFFF,#3F7F3F,#BF7F3F,#000000,#BF3F00,#FFBF7F,#7FBFBF,#FFFFFF,#7F0000,#FFFF7F
213681,degas,250,195,0.39795,0.3738,#BF7F7F,#00003F,#7F7FBF,#7F3F00,#3FBF7F,#FFBF7F,#00003F,#7FBFBF,#3F7F7F,#7F3F7F
213691,degas,250,308,0.3987,0.11572,#003F00,#FF3F00,#7F3F3F,#BF7F7F,#3F3F00,#7F3F3F,#7F7F3F,#7F7F00,#FFBF3F,#000000
213719,degas,250,385,0.39896,0.0493,#FFBF3F,#3F0000,#7F7F3F,#FFBFBF,#3F3F3F,#BF3F00,#7F3F3F,#00003F,#7F7F7F,#3F003F
213720,degas,250,195,0.39795,1.25974,#7F7F00,#FFFFBF,#000000,#FFFF3F,#BFBF00,#FF3F00,#7F0000,#7F3F3F,#FF7F7F,#BF0000
213811,degas,250,429,0.4,0.41813,#FFBFBF,#FF7F3F,#FFFFFF,#3F0000,#FFFFFF,#FFBFBF,#003F00,#FF7F3F,#BF3F00,#7F3F3F
213884,degas,250,334,0.3988,0.13449,#7F7F00,#7F7F3F,#003F00,#3F3F3F,#BFBFBF,#BF3F00,#FFBF3F,#7F7FBF,#7F0000,#003F00
213286,degas,250,189,0.39788,0.04177,#FFBFBF,#7F3F3F,#3F3F00,#BF3F00,#7F7F3F,#7F3F00,#003F3F,#FF7F3F,#3F003F,#00003F
213287,degas,250,333,0.3988,0.01788,#3F3F3F,#3F0000,#FF7F00,#003F00,#BF3F00,#FFBF7F,#3F3F00,#7F7F3F,#7F3F3F,#7FBF7F
213288,degas,250,333,0.3988,0.03716,#3F7F3F,#3F3F00,#FF7F3F,#BF7F7F,#BF3F00,#BF7F3F,#3F0000,#3F3F00,#BF7F00,#FFBF7F
213289,degas,250,333,0.3988,0.03267,#FFBF00,#003F00,#FF3F00,#7F7F3F,#3F0000,#000000,#BFBF7F,#7F3F00,#7F0000,#3F7F7F
213290,degas,250,333,0.3988,0.01893,#7F7F00,#3F003F,#BF0000,#FF7F3F,#3F3F00,#3F0000,#FF7F3F,#FFBF00,#FF3F00,#003F00
213308,degas,250,198,0.39798,0.03953,#BF0000,#3F3F00,#FFBF3F,#BF7F00,#3F3F00,#003F00,#FFFFBF,#7F7F3F,#BF3F3F,#3F0000
213668,degas,250,398,0.39899,0.03523,#FFFF3F,#000000,#BF7F3F,#BFBFBF,#3F0000,#FFFFBF,#FFFFBF,#7F0000,#3F7F3F,#BF7F3F
213669,degas,250,431,0.39907,0.01681,#3F0000,#BF3F00,#00003F,#3F0000,#FFBF3F,#BF0000,#7F7F00,#FFFFBF,#FFBF3F,#3F3F00
213685,degas,250,314,0.39873,0.42936,#FFFFFF,#BF7F7F,#3F003F,#FFBFBF,#FFFFBF,#FFFFBF,#7F7F7F,#7F3F7F,#003F00,#FFBF7F
213710,degas,250,337,0.39881,0.11966,#7F0000,#7F7FBF,#BF3F3F,#000000,#3F3F7F,#BFBFBF,#FF3F3F,#BF003F,#3F003F,#BFBF7F
213805,degas,250,180,0.39778,0.03971,#FFFFFF,#3F3F00,#BFBFBF,#BFFFFF,#000000,#7F3F00,#BF7F3F,#FFFFFF,#FFBF7F,#3F7F7F
213307,degas,250,365,0.3989,0.02889,#3F3F00,#7F7F7F,#7F3F00,#FFBFBF,#3F3F3F,#3F3F00,#BFBF7F,#BF7F00,#3F7F00,#003F3F
213470,degas,250,322,0.39876,0.03464,#7F0000,#BFBF7F,#7F7F3F,#00003F,#000000,#003F3F,#FFFF7F,#BF7F3F,#3F3F3F,#FFFFFF
213505,degas,250,194,0.39794,0.00995,#3F003F,#7F7F3F,#3F3F00,#3F3F00,#BF3F00,#FFBF3F,#FFBFBF,#BF7F7F,#7F3F3F,#003F00
213530,degas,250,192,0.39792,0.0127,#000000,#BF0000,#003F00,#FFBF7F,#3F3F00,#BF7F00,#7F3F3F,#BF7F3F,#BF003F,#3F0000
213576,degas,250,362,0.3989,0.01817,#007F3F,#000000,#BFBFBF,#00003F,#3F0000,#3F7F3F,#7F7F3F,#7F3F00,#3F7F7F,#3F3F00
213702,degas,250,316,0.39873,0.0108,#000000,#BFBFBF,#000000,#7F3F00,#FFFFFF,#FFBFBF,#BFBF3F,#003F3F,#BF3F3F,#3F7F7F
213443,degas,250,198,0.39798,0.06763,#3F0000,#7FBF7F,#000000,#BF3F00,#BF7F7F,#FFBFBF,#3F7F00,#3F7F7F,#FFBF3F,#003F00
213527,degas,250,161,0.39752,0.03648,#FFFFBF,#7F0000,#BF7F3F,#000000,#7FBF7F,#3F7F3F,#3F0000,#FFBF3F,#003F00,#BF7F7F
213663,degas,250,170,0.39765,0.03555,#3F0000,#FF7F00,#7F7F3F,#FFBF00,#7F3F3F,#000000,#7F003F,#7F3F00,#FFFF3F,#3F003F
213760,degas,250,176,0.39773,0.02169,#000000,#3FBF3F,#FFBF7F,#7F3F00,#FFFFBF,#BFBF7F,#003F00,#BF7F00,#3F3F3F,#3F0000
213548,degas,250,189,0.39788,0.01653,#000000,#FFBFBF,#3F3F3F,#BF3F00,#7F0000,#3F0000,#FF7F3F,#FFBF3F,#FFFFBF,#00003F
213260,degas,250,312,0.39872,0.06389,#BF7F7F,#7F3F00,#BF7F3F,#FFFFFF,#BF7F3F,#000000,#3F0000,#FFBF00,#3F7F3F,#FFBF7F
213444,degas,250,196,0.39796,0.01247,#3F0000,#3F3F00,#BFBF00,#3F3F00,#3F0000,#3F7F00,#BF7F00,#BFBF3F,#7F3F00,#7F0000
213459,degas,250,192,0.39792,0.0144,#BFBFBF,#003F00,#3F3F3F,#BF7F3F,#7F3F3F,#003F00,#FFFFFF,#FFBF7F,#7F3F3F,#7F7F7F
213589,degas,250,196,0.39796,0.04224,#3F0000,#FFBF7F,#BF3F3F,#3F3F00,#3F003F,#FF7F3F,#7FBF3F,#BF3F3F,#3F7F3F,#BF7F00
213595,degas,250,189,0.39788,0.0551,#FFBF3F,#3F0000,#FF7F3F,#7F3F00,#BFBF7F,#7F3F3F,#003F3F,#7F7F3F,#7F0000,#3F003F
213607,degas,250,181,0.39779,0.04021,#000000,#FFBF7F,#7F003F,#000000,#BF3F00,#3F3F3F,#FFFFBF,#3F3F00,#7F3F00,#FFBF3F
213648,degas,250,447,0.39911,0.18219,#FFFFFF,#00003F,#BF3F00,#7F7F7F,#3F003F,#7F003F,#BFBF3F,#003F00,#3F7F00,#BFBFBF
213666,degas,250,186,0.39785,0.00783,#3F3F00,#FF7F7F,#BF3F3F,#3F003F,#FFBF7F,#3F003F,#7F3F00,#FFBFBF,#BF7F3F,#7F7F7F
213687,degas,250,208,0.39808,0.16325,#FFFFFF,#003F00,#7F7F7F,#FFBFBF,#7F3F3F,#3F003F,#FFFFBF,#FFFFFF,#FFBF7F,#7F3F3F
213688,degas,250,149,0.4,0.20355,#FFFFFF,#3F003F,#BFBFBF,#7F7F7F,#003F00,#7F7F7F,#FFFFBF,#FFFFBF,#7F3F7F,#FFBFBF
213750,degas,250,315,0.39873,0.04779,#3F3F00,#FFBF7F,#3F003F,#BF7F3F,#FFBF3F,#3F3F00,#3F3F3F,#7F3F00,#7F7F3F,#BF3F00
213451,degas,250,189,0.39788,0.01395,#BF3F00,#000000,#BF7FBF,#000000,#7F3F00,#7F3F7F,#3F0000,#FFFFBF,#FFBF3F,#BF7F7F
213453,degas,250,189,0.39788,0.0264,#7F0000,#000000,#FF7F3F,#7F3F3F,#000000,#003F3F,#FFFFBF,#FF0000,#7F7F00,#3F0000
213461,degas,250,396,0.39899,0.82636,#3F3F3F,#BFFF7F,#FFBF3F,#BF7F3F,#FFBF00,#FFFFBF,#BF7F7F,#000000,#7F003F,#FFBFBF
213471,degas,250,196,0.39796,0.01005,#000000,#3F3F3F,#7F7F7F,#003F00,#FF7F7F,#7F0000,#BF3F00,#7F3F00,#FFFFBF,#3F003F
213590,degas,250,189,0.39788,0.01689,#7F3F7F,#3F0000,#BF7FBF,#7F0000,#000000,#BF3F00,#FFBFBF,#FFFFFF,#FF7F3F,#3F3F3F
213647,degas,250,207,0.39807,0.1496,#BF7F3F,#3F0000,#3F3F00,#BF3F00,#BFBF7F,#7F0000,#BF3F00,#003F00,#7F3F3F,#3F0000
213665,degas,250,193,0.39793,0.01251,#BF7F3F,#000000,#7F3F00,#3F3F00,#BFBFBF,#3F7F7F,#7F3F3F,#FFFFBF,#3F3F3F,#3F3F00
213810,degas,250,199,0.39799,0.01433,#FFFF3F,#3F0000,#BF0000,#3F3F3F,#BF7F3F,#7F003F,#3F3F00,#3F3F00,#FFFFBF,#BF7F3F
213472,degas,250,196,0.39796,0.15918,#FF7F3F,#000000,#7F3F3F,#7F3F3F,#FFBF7F,#003F3F,#BF3F7F,#FFFFBF,#BF3F3F,#000000
213479,degas,250,186,0.39785,0.07263,#BF7F3F,#000000,#FFBF3F,#3F3F3F,#BF7F7F,#00003F,#7F3F3F,#003F00,#7F3F00,#FF7F00
213605,degas,250,189,0.39788,0.02915,#3F7F7F,#3F0000,#FFBFBF,#BF7F3F,#BF7FBF,#3F3F3F,#003F00,#FFBF3F,#7F3F00,#BFFFFF
213509,degas,250,187,0.39786,0.00882,#7F0000,#3F3F00,#BF3F3F,#FFBF7F,#FF7F3F,#000000,#7F3F00,#BF7F7F,#BF3F00,#3F3F3F
9223372032559837904,degas,250,334,0.3988,0.25537,#BFFF7F,#BF3F3F,#FFFFFF,#BF7F3F,#000000,#FFBFBF,#3F3F00,#BFFFFF,#3F3F3F,#BF7FBF
213450,degas,250,209,0.39809,0.00841,#7F0000,#003F00,#7F7F00,#3F0000,#BFBF7F,#3F3F00,#BF0000,#FF3F00,#000000,#BF7F3F
213454,degas,250,154,0.3974,0.03258,#FFFFFF,#000000,#BFBF3F,#FFFFBF,#7F3F00,#7F7F3F,#FFBFBF,#BFBFBF,#3F3F00,#3F3F00
213476,degas,250,133,0.39699,0.00534,#00003F,#00003F,#FFBFFF,#7F7F3F,#BF7F7F,#003F00,#FFFFFF,#7F003F,#003F00,#7F3F00
213542,degas,250,187,0.39786,0.2844,#000000,#7FBF3F,#3FBFBF,#FFFFBF,#007F3F,#BF7F00,#BFBFBF,#3F7F00,#FFBF00,#7F0000
213545,degas,250,308,0.3987,0.02547,#BF3F3F,#3F0000,#FFFF7F,#3F3F3F,#003F3F,#3F3F00,#7F7F3F,#7F3F00,#BF7F3F,#7F3F00
213554,degas,250,281,0.39858,0.06455,#BF3F3F,#003F00,#FFFFFF,#FFBF3F,#3F7F3F,#000000,#BFBFBF,#7F3F00,#7FBF3F,#BFBFFF
213604,degas,250,183,0.39781,0.0143,#003F00,#7F3F3F,#000000,#3F3F00,#BF3F00,#FFBF3F,#BF7F00,#BF3F3F,#3F0000,#3F0000
213638,degas,250,321,0.39875,0.15656,#7F0000,#7FBF7F,#FFBFBF,#7F3F00,#FFBF7F,#3F3F3F,#000000,#BF7F00,#3F3F3F,#7F7F7F
213661,degas,250,201,0.39801,0.01153,#3F003F,#7F003F,#BF3F00,#003F00,#BF7F3F,#3F3F00,#3F3F3F,#FFFFBF,#3F3F3F,#7F3F3F
213679,degas,250,157,0.39745,0.029,#BF3F3F,#3F3F00,#FFBFBF,#7F3F3F,#3F0000,#7F7F7F,#7F3F00,#BF7F7F,#3F0000,#003F3F
213738,degas,250,314,0.39873,0.00764,#3F3F00,#BF7F3F,#3F0000,#3F3F3F,#7F3F3F,#3F3F00,#7F7FBF,#FFBFBF,#FF7F3F,#BFBF7F
213329,degas,250,375,0.39893,0.28947,#FFBF3F,#7F3F3F,#7FBF7F,#000000,#7F7F00,#FFFFBF,#BFBF7F,#7FBF7F,#FFBF00,#BF3F00
213458,degas,250,220,0.39818,0.01352,#BF3F3F,#003F00,#3F3F7F,#FFBF7F,#3F3F00,#3F3F3F,#BF3F7F,#7F3F00,#FFBFBF,#3F3F3F
213490,degas,250,370,0.39892,0.48617,#BF3F00,#003F7F,#000000,#3F7F3F,#3F3F7F,#007FBF,#7F0000,#3F3F7F,#BF7F7F,#7F7FBF
213493,degas,250,401,0.399,0.03222,#00003F,#BFBFBF,#FFFF7F,#000000,#3F7F3F,#FFFFFF,#7F003F,#BF3F3F,#3F3F00,#BFBF3F
213533,degas,250,274,0.39854,0.04515,#BF0000,#3F003F,#BF7F00,#3F003F,#BFBF7F,#7F3F3F,#3F0000,#3F0000,#3F3F3F,#FF7F3F
213538,degas,250,305,0.39869,0.06659,#FFFFBF,#7F3F00,#003F00,#FFBF00,#FFFF7F,#000000,#BF7F3F,#7F3F3F,#3F3F00,#FFFFBF
213556,degas,250,157,0.39745,0.03247,#3F0000,#FFBF3F,#7F7F3F,#FF7F3F,#FFFFBF,#7F0000,#BF7F3F,#3F3F3F,#003F3F,#BFBF7F
213608,degas,250,157,0.39745,0.0303,#000000,#BF7F7F,#BF0000,#3F0000,#FFBF3F,#7F3F7F,#FFFFFF,#3F0000,#BF7F3F,#FFBFBF
213649,degas,250,381,0.39895,380.0,#3F007F,#7F3F7F,#7F3F3F,#000000,#7F3F00,#7F3F00,#3F7F7F,#7FBFBF,#3F7F3F,#3F7F7F
213693,degas,250,337,0.39881,0.31256,#BF3F00,#3F003F,#FFBF7F,#7F7F00,#003F3F,#BF7F7F,#7F003F,#7F3F7F,#FFFFBF,#3F0000
213853,degas,250,194,0.39794,0.18469,#FFFF7F,#3F3F00,#7F7F7F,#FFFFBF,#FFBF7F,#003F3F,#FFFFFF,#BF3F00,#BFBFBF,#3F0000
213579,degas,250,204,0.39804,0.00707,#000000,#BF7F00,#FFBF3F,#3F0000,#3F3F00,#3F3F3F,#FFFF7F,#3F7F3F,#7F3F3F,#7FBF7F
213291,degas,250,156,0.4,0.43944,#FFFFFF,#7F3F3F,#BFBF7F,#3F003F,#FFBFFF,#000000,#BF7F7F,#FFBFBF,#FFFFBF,#BF3F7F
213445,degas,250,199,0.39799,0.00936,#7F7F00,#3F3F00,#FFFFFF,#3F0000,#BFBF3F,#7F0000,#FFBF7F,#7F3F00,#BF0000,#BF7F00
213535,degas,250,326,0.39877,0.04678,#BF3F00,#000000,#7F3F3F,#FF7F7F,#000000,#7F7F3F,#FFFF7F,#BF7F7F,#FF7F00,#BF3F3F
213547,degas,250,181,0.4,1.67593,#FFFFFF,#3F3F3F,#BFFFBF,#FFBF7F,#3F0000,#7F7F7F,#FFFFFF,#FFFFBF,#003F00,#BF7F3F
213557,degas,250,311,0.39871,0.04735,#7F0000,#BFBFBF,#3F3F00,#BF3F00,#3F0000,#000000,#7F003F,#7F7F7F,#7F7F3F,#BFBF3F
213602,degas,250,335,0.39881,1.34677,#7F003F,#BFBFBF,#BF7F3F,#FFBF7F,#7F7F3F,#000000,#3F7F7F,#00003F,#FFFFFF,#FF7F3F
213724,degas,250,327,0.39878,0.08368,#7F0000,#FFBFBF,#7F3F3F,#000000,#FFFFFF,#BF3F3F,#3F003F,#3F3F00,#BFBF3F,#003F00
213352,degas,250,301,0.39867,0.375,#FFBFBF,#7F7F00,#000000,#7F7F3F,#7F0000,#7FBFBF,#003F3F,#3F3F7F,#BF7F7F,#FFFFBF
213488,degas,250,351,0.39886,0.17413,#FF7F3F,#3F3F00,#FFFFFF,#7F3F3F,#7F3F00,#BF7F3F,#FFFFBF,#000000,#FFBF3F,#7F7F7F
213356,degas,250,342,0.39883,0.14244,#BF7F7F,#000000,#FFFFBF,#FFBF3F,#000000,#3F3F7F,#7F0000,#BFBFBF,#3F7F00,#BF7F00
213469,degas,250,356,0.39888,0.03057,#BFBF7F,#3F003F,#BF3F00,#BF7F3F,#7F3F3F,#003F00,#FFFF7F,#7F3F7F,#3F003F,#00003F
213487,degas,250,314,0.39873,0.05382,#FFFFBF,#7F003F,#003F00,#3F3F00,#7F0000,#BF7F7F,#003F00,#FFBFBF,#BF7F3F,#003F3F
213495,degas,250,301,0.39867,0.01194,#3F3F00,#3F7F3F,#FFFFBF,#FFBF7F,#3F0000,#BF7F3F,#003F00,#7F3F3F,#7F003F,#FF7F3F
213778,degas,250,309,0.39871,0.04095,#BF0000,#7F7FBF,#000000,#3F0000,#BFBF7F,#7F3F00,#7FBFFF,#3F3F7F,#BF7F3F,#3F3F3F
213803,degas,250,194,0.39794,0.10337,#7F3F00,#FFBF7F,#7F7F3F,#BF7F3F,#003F3F,#FFBFBF,#003F3F,#003F3F,#BFBF7F,#FFFFBF
213323,degas,250,203,0.39803,0.00582,#3F003F,#003F00,#BF7F00,#00003F,#000000,#3F7F00,#BFBF3F,#3F3F00,#FFBF7F,#3F3F3F
213606,degas,250,183,0.39781,0.01251,#BF7F3F,#3F0000,#00003F,#BF7F7F,#3F3F3F,#7F3F3F,#BF0000,#FFFFBF,#3F003F,#7F3F00
213256,degas,250,391,0.39898,0.04721,#7F7F00,#FFFF7F,#3F3F00,#BF7F3F,#BFFF7F,#FFFFFF,#3F0000,#3F3F00,#FFBF3F,#BFFFFF
213261,degas,250,156,0.39744,0.33477,#BF3F3F,#BF0000,#3F3F3F,#BF3F3F,#BF3F3F,#00003F,#3F3F00,#BF7F3F,#3F3F00,#FFBF00
213304,degas,250,194,0.39794,0.02681,#7F3F3F,#FF7F7F,#3F3F00,#7F003F,#003F00,#FFBFFF,#3F003F,#FFBF7F,#7F7F7F,#3F3F3F
213322,degas,250,266,0.3985,0.00672,#7F3F00,#3F0000,#BFBF3F,#BF3F00,#3F003F,#BFBF00,#3F3F00,#FFFF7F,#FFFF7F,#3F7F3F
213335,degas,250,336,0.39881,0.05267,#FFFFBF,#3F003F,#3F3F00,#7FBFBF,#BFBF7F,#FFFFFF,#00003F,#BFBFFF,#7F7F3F,#BFFFFF
213348,degas,250,309,0.39871,0.93051,#BF3F3F,#7F3F00,#FFBF7F,#7F3F00,#7F7F3F,#3F3F00,#00003F,#BFBF3F,#BF3F3F,#BF3F00
213357,degas,250,350,0.39886,0.21113,#BF7F3F,#FFBF7F,#3F3F00,#BF7F3F,#003F00,#FFBF3F,#FFFFFF,#7F7FBF,#3F003F,#7F7F3F
213386,degas,250,188,0.39787,0.08829,#BF7FBF,#3F003F,#FFBFBF,#BF7F3F,#3F3F3F,#3F003F,#FF7F7F,#BF7F3F,#3F7FBF,#3F0000
213388,degas,250,190,0.39789,0.9403,#FFBF7F,#3F3F00,#FFBFBF,#BF7F3F,#FFFF7F,#FFFFFF,#7F7F3F,#000000,#BF7F7F,#BFFFBF
213416,degas,250,183,0.39781,0.06594,#003F00,#BFFF7F,#7F7F3F,#FFFFBF,#000000,#7F7F7F,#FF7F7F,#7FBF7F,#7F7F3F,#3F7F3F
213483,degas,250,287,0.39861,0.00858,#000000,#3F3F3F,#BFBFBF,#7F3F00,#BF7F3F,#003F00,#FFBF3F,#3F003F,#7F7F3F,#3F3F3F
213541,degas,250,198,0.39798,0.007,#3F0000,#FFBFBF,#3F0000,#FF7F3F,#FFFFFF,#BF3F00,#3F0000,#FFFFBF,#7F3F00,#FFBF3F
213558,degas,250,186,0.39785,0.00741,#00003F,#3F7F3F,#003F00,#3F3F00,#BF7F7F,#3F003F,#3F3F00,#FFBF7F,#BF3F00,#BF7F00
213626,degas,250,330,0.39879,0.61959,#3F3F00,#FFFFFF,#FFBF3F,#BF7F3F,#000000,#3F3F00,#FFFFBF,#FFFF3F,#BF3F00,#BFBF7F
213814,degas,250,305,0.39869,0.02583,#00003F,#7F7F7F,#003F00,#FFFFBF,#7F003F,#FF7F7F,#7F7F3F,#3F0000,#FFBF7F,#7F0000
213817,degas,250,181,0.39779,0.01662,#3F3F3F,#FFBF7F,#BF0000,#7F3F00,#3F0000,#FFFFBF,#BF7F3F,#7F3F3F,#3F3F3F,#BF0000
213861,degas,250,305,0.39869,0.03897,#7F3F00,#7F3F7F,#3F0000,#FFBF3F,#BF3F00,#3F0000,#BF7F7F,#7F0000,#003F3F,#3F0000
213863,degas,250,205,0.39805,0.01355,#7F3F3F,#000000,#7F7F3F,#003F3F,#FFFF3F,#7F3F3F,#003F3F,#FFBF3F,#007F3F,#BF3F00
213886,degas,250,187,0.39786,0.03513,#3F0000,#FF3F00,#BFBFBF,#7F0000,#3F0000,#FFBF3F,#BF7F7F,#3F3F3F,#7F3F7F,#7F7F00
213358,degas,250,383,0.39896,0.08342,#BFBF3F,#003F00,#FFFFFF,#7F7FBF,#FFBF7F,#BF3F3F,#7F3F00,#3F3F3F,#003F00,#7FFFFF
9223372032559843654,degas,250,340,0.39882,169.5,#3F3F7F,#FFBFBF,#000000,#FFFFFF,#7F7FBF,#7F0000,#BFBF3F,#BF3F3F,#FF7FBF,#3F7F00
213324,degas,250,329,0.39878,3.31313,#BF3F00,#FFBF7F,#3F0000,#BF7F3F,#3F7F00,#3F0000,#7FFFBF,#3F7F7F,#7F7FBF,#FFFFFF
213354,degas,250,306,0.39869,0.17011,#7F3F00,#FFFF7F,#7F7F7F,#7F7F00,#FFFFFF,#003F00,#FF7FBF,#FFBF3F,#BFFFFF,#3F3F00
213540,degas,250,316,0.39873,0.12402,#FFBF7F,#7F3F00,#BF3F3F,#000000,#FFFFBF,#7F7F7F,#000000,#BFBF7F,#7F7F00,#3F3F3F
213592,degas,250,159,0.39748,0.05546,#3F7F3F,#3F003F,#FFBF7F,#7F3F00,#3F3F3F,#FFFFBF,#BF7F3F,#000000,#3F3F00,#BFBF3F
213612,degas,250,349,0.39885,0.01692,#3F7F00,#000000,#BFBF3F,#3F3F00,#BF3F3F,#003F00,#BF7F00,#7F3F00,#BF0000,#003F00
213621,degas,250,287,0.39861,0.20952,#7FBF3F,#FFFFFF,#7F3F00,#000000,#BFBFFF,#7FBFBF,#FFFFBF,#003F3F,#FFBF3F,#3F3F7F
213654,degas,250,318,0.39874,0.11026,#3F3F7F,#003F7F,#BFBFBF,#003F00,#3F3F3F,#7FBF7F,#000000,#3F0000,#FFFFFF,#7F3F3F
213709,degas,250,316,0.39873,0.01631,#3F0000,#BFBF3F,#FFFFFF,#3F3F3F,#7F3F3F,#BF7F00,#FFBF7F,#000000,#7F3F3F,#3F3F00
213713,degas,250,327,0.39878,0.03868,#3F0000,#7F3F3F,#FF7F3F,#3F0000,#7F003F,#3F0000,#BF7F7F,#7F0000,#BF7F00,#FFBFBF
213727,degas,250,185,0.39784,0.00828,#FFFF7F,#3F3F00,#7F7F00,#3F0000,#FFFFFF,#BFBF7F,#BFBFFF,#3F0000,#FF7F7F,#7F3F7F
213735,degas,250,188,0.39787,0.05237,#BF0000,#3F0000,#BFBF7F,#BF7F3F,#BF7F3F,#3F0000,#7F3F3F,#00003F,#FFBF00,#3F7F3F
213736,degas,250,183,0.39781,0.17722,#003F00,#FFFFFF,#BFBF00,#3F7F00,#FFFF7F,#BF3F00,#003F3F,#7F003F,#BFBF7F,#3F0000
213741,degas,250,196,0.39796,0.16049,#FF7F3F,#7F7F00,#FFBF3F,#00003F,#BF7F00,#FFFFBF,#FFBF00,#3F0000,#BF0000,#7F7F3F
213854,degas,250,182,0.3978,0.04774,#BFBF7F,#3F003F,#7F7F7F,#FFFFBF,#7F3F00,#7FBF7F,#3F3F00,#FFFFFF,#3F003F,#003F3F
213873,degas,250,182,0.3978,0.05182,#BF7F7F,#3F3F3F,#FF7F3F,#003F3F,#FFFFBF,#7F3F3F,#BFBF3F,#3F0000,#FFBFBF,#FF3F00
9223372032559848622,degas,250,307,0.3987,0.06856,#7F3F00,#FFFFFF,#FFBF7F,#7F7F3F,#3F003F,#3F3F00,#BFBF3F,#FFFFBF,#00003F,#7F003F
213360,degas,250,201,0.39801,0.1548,#7F7F00,#FFFF7F,#000000,#FFBF3F,#FFBF00,#3F3F00,#FFFF3F,#7F7F7F,#BF7F7F,#FFFFBF
213455,degas,250,194,0.39794,0.01711,#3F0000,#FFFF7F,#000000,#7F3F3F,#FFFFBF,#FF7F3F,#3F7F3F,#7FBF3F,#FF3F00,#BF0000
213460,degas,250,309,0.39871,0.02476,#FF7F3F,#000000,#3F7F00,#000000,#FFBF7F,#BF3F00,#003F00,#3F3F00,#7F003F,#7FBF3F
213552,degas,250,326,0.39877,0.00865,#3F0000,#BF7F00,#000000,#7F7F7F,#BF0000,#FFBF7F,#3F003F,#7F0000,#3F3F00,#3F7F3F
213622,degas,250,307,0.3987,0.06803,#3F7F00,#FFFFFF,#3F0000,#FFBF7F,#003F00,#BF7F00,#7F0000,#7F003F,#000000,#FFFFBF
213697,degas,250,312,0.39872,0.35062,#7F0000,#FFBF3F,#FFFFFF,#FF7F00,#003F3F,#FFFFBF,#BF3F00,#BF7F7F,#FFBFBF,#3F0000
213714,degas,250,231,0.39827,0.03278,#7F7F7F,#003F00,#3F7F3F,#7F0000,#003F00,#FFFFBF,#BF7F00,#3F0000,#FFBF7F,#BF0000
213717,degas,250,217,0.39816,0.1295,#3F3F00,#BFBF3F,#000000,#7F7F7F,#FFFFBF,#BF7F3F,#00003F,#7F7FBF,#7F3F00,#BFBF7F
213744,degas,250,348,0.39885,0.02135,#7F0000,#BF7F3F,#FFFFBF,#000000,#7F3F3F,#BF7F00,#3F0000,#7F3F7F,#BFBFBF,#7F3F00
213317,degas,250,316,0.39873,0.01245,#BF7F7F,#3F0000,#3F7F00,#3F0000,#BF7F3F,#3F003F,#7F0000,#3F7F3F,#BF7F3F,#FFFF7F
213485,degas,250,191,0.39791,0.00879,#3F0000,#FFBF7F,#3F3F3F,#000000,#3F3F00,#3F3F00,#7FBF7F,#BF7F3F,#7F0000,#BFFFFF
213536,degas,250,204,0.39804,0.01229,#7F3F3F,#FFFFBF,#3F003F,#FFBF7F,#7F3F3F,#003F3F,#000000,#7F7F7F,#00003F,#000000
213539,degas,250,285,0.3986,0.00868,#00003F,#BFBF00,#BF3F00,#BFFFBF,#3F003F,#7F3F00,#FFFF3F,#3F7F00,#003F00,#BFBF7F
213582,degas,250,311,0.39871,0.11067,#3F003F,#FFBF7F,#003F3F,#FFFFBF,#BF3F00,#3F3F3F,#3F0000,#BF7F7F,#7FBF7F,#7F003F
213586,degas,250,378,0.39894,0.03362,#BFBF3F,#3F3F00,#BF7F3F,#3F3F3F,#FFBF3F,#7F003F,#3F003F,#003F00,#BF3F3F,#3F7F3F
213598,degas,250,177,0.39774,0.09105,#7F003F,#7F7F7F,#000000,#BFBFBF,#00003F,#3F3F3F,#7F7F7F,#BFBF3F,#BF3F00,#3F0000
213625,degas,250,320,0.39875,0.03122,#BF7F3F,#3F0000,#FFFFFF,#7F0000,#3F7F00,#FFBF3F,#000000,#BF3F00,#003F3F,#003F3F
213795,degas,250,171,0.39766,0.06111,#7F3F00,#FFFFBF,#BF7F3F,#3F0000,#000000,#7F3F7F,#FFFFFF,#3F003F,#BF7F00,#BFBFBF
213858,degas,250,217,0.39816,0.03926,#FFBF7F,#3F003F,#BF7F00,#00003F,#BFBF7F,#3F0000,#7F3F00,#BF7F7F,#3F3F00,#3F3F7F
213382,degas,250,346,0.39884,0.07442,#BF0000,#3F0000,#FFBFBF,#7F3F3F,#3F0000,#BF7F00,#FF7F3F,#3F3F00,#000000,#7F7F7F
213482,degas,250,301,0.39867,0.00843,#BF3F00,#003F00,#BF7FBF,#7F0000,#BF7F3F,#000000,#3F3F00,#BF3F7F,#FFFF7F,#7F3F3F
213496,degas,250,205,0.39805,0.00525,#3F0000,#BF3F00,#FFBF3F,#3F0000,#3F3F3F,#7F7F3F,#000000,#BF3F00,#7F3F00,#7F0000
213694,degas,250,182,0.3978,0.02168,#003F3F,#BF7F7F,#7F3F3F,#FFBF7F,#000000,#3F3F00,#FFFFBF,#3F3F00,#7F7F3F,#BFBF3F
213721,degas,250,369,0.39892,0.00683,#003F00,#3F0000,#3F7F7F,#BFBF7F,#3F3F00,#3F003F,#3F3F3F,#BF7F7F,#BF3F3F,#3F3F3F
213745,degas,250,608,0.4,0.07563,#000000,#BF7F3F,#3FBF3F,#FFFFBF,#7F3F00,#000000,#3F3F3F,#3FBF7F,#BFFF7F,#3F7F7F
213875,degas,250,198,0.39798,0.07031,#3F3F3F,#000000,#FF7F3F,#7F0000,#3F7F00,#BF7F7F,#3F3F00,#000000,#7FBF3F,#BF3F3F
213397,degas,250,138,0.3971,0.02285,#000000,#7F3F00,#3F3F00,#BF7F00,#3F3F00,#7F003F,#7F003F,#BF7F3F,#003F3F,#7F7F7F
213707,degas,250,298,0.39866,0.05905,#BF7F3F,#003F00,#FFBFBF,#7F0000,#3F3F7F,#000000,#FF3F00,#FFBF3F,#7F3F3F,#7FBF7F
9223372032559838153,degas,250,331,0.39879,0.07988,#BFFF7F,#007F3F,#000000,#7F7F3F,#00003F,#7F7F7F,#3F003F,#BFFFFF,#BF7F3F,#7F0000
213273,degas,250,183,0.39781,0.06049,#7F3F00,#BFBF7F,#FFFFBF,#000000,#BFBF3F,#7F7F3F,#003F3F,#003F3F,#BF7F00,#3F003F
213295,degas,250,207,0.39807,0.03492,#3F0000,#FFBF7F,#3F3F00,#FFFF7F,#FF7F3F,#7F7F7F,#FFFFFF,#3F3F3F,#FFBFFF,#BF3F00
213305,degas,250,328,0.39878,0.02101,#3F3F7F,#00003F,#BFBFBF,#003F00,#BF3F3F,#7F3F00,#BF7F7F,#3F0000,#00003F,#FFFFBF
213312,degas,250,183,0.39781,1.10303,#3F3F00,#BFBF00,#7F7F7F,#FFBF3F,#00003F,#3F7F00,#BFBF7F,#BF3F00,#00003F,#000000
213328,degas,250,445,0.3991,0.0482,#FFBFBF,#3F0000,#FFFF00,#BF7F3F,#FFFF3F,#FFFFBF,#FFFFFF,#7F3F3F,#000000,#FF7F3F
213344,degas,250,186,0.39785,0.02277,#000000,#FFBF7F,#BF7F7F,#000000,#BF3F00,#FFFFFF,#3F3F7F,#3F3F00,#00007F,#7F7FBF
213347,degas,250,129,0.3969,0.01784,#FFFF7F,#000000,#BF7F00,#3F0000,#FF7F3F,#FFBF3F,#3F7F3F,#BFBF00,#3F3F00,#BF7F7F
213363,degas,250,318,0.39874,1.585,#FFBF7F,#7F3F00,#FFFF7F,#3F3F00,#BF7F7F,#FFFFFF,#BF7F3F,#7F3F7F,#BFBFBF,#000000
213390,degas,250,245,0.39837,0.13548,#BF7F3F,#BFBFBF,#000000,#3F3F7F,#BFBFFF,#3F3F00,#FFBF7F,#BFBF3F,#7F7F00,#3FBF7F
213414,degas,250,333,0.3988,0.28945,#7FBF00,#3F3F00,#7F7F7F,#00003F,#3F7F3F,#3FBF00,#003F00,#BFBF7F,#7F7F00,#7F3F3F
213415,degas,250,186,0.39785,0.07616,#3F7F00,#BF7FBF,#FFFFFF,#00003F,#3F3F7F,#000000,#BF3F00,#7F0000,#FFBFBF,#BF7F3F
213436,degas,250,270,0.39852,1.50279,#000000,#BF7F00,#FFFFBF,#7F3F00,#7F3F00,#3F3F00,#BFBF7F,#FFFF3F,#7F003F,#FFFFFF
213532,degas,250,161,0.39752,0.03123,#FFBFBF,#000000,#7F7F00,#3F0000,#FFFFFF,#FFBF3F,#7F7F7F,#7F003F,#7F7F7F,#3F003F
213543,degas,250,201,0.39801,0.09229,#3F3F3F,#FFBF7F,#3F3F00,#3F003F,#7F3F3F,#FFFFBF,#003F00,#3F0000,#7F7F7F,#3F3F3F
213544,degas,250,196,0.39796,0.08924,#FFFFFF,#3F0000,#BF7F7F,#FFBFFF,#7F3F00,#BF7F3F,#FFBF7F,#00003F,#FF7F3F,#3F0000
213631,degas,250,221,0.39819,0.11405,#7F003F,#FFFF7F,#BFBF3F,#003F00,#7F3F00,#003F00,#7F3F3F,#BFBF7F,#FF3F00,#3F0000
213672,degas,250,330,0.4,0.36872,#7F7F3F,#FFFFFF,#000000,#FFBF7F,#BF7F00,#7FBFBF,#BF7F3F,#FFFFFF,#FFFFBF,#7F0000
213705,degas,250,479,0.39916,0.01954,#7F3F3F,#3F0000,#FFBF3F,#003F00,#BFBFBF,#BF7F3F,#3F3F00,#3F3F00,#BF003F,#FF3F00
213706,degas,250,200,0.398,2.72603,#FFFFFF,#3F3F7F,#BFBF7F,#7F3F00,#007F3F,#3F7FBF,#7F7F3F,#BFBFBF,#3FBFBF,#000000
213725,degas,250,274,0.39854,3.21176,#FFFFBF,#003F00,#BFBF3F,#FFBF7F,#7F7F7F,#FFFF3F,#FFFFFF,#BFBFFF,#3F7F3F,#7F3F00
213742,degas,250,364,0.3989,0.10109,#7F003F,#FF7F00,#003F00,#FFFF7F,#7F3F00,#BF0000,#3F3F3F,#7F7F3F,#FFBF3F,#003F00
213783,degas,250,183,0.39781,0.01562,#3F003F,#FFFF7F,#003F00,#BF7F3F,#BFBF3F,#3F003F,#FFFFFF,#3F7F3F,#7F0000,#3F003F
213799,degas,250,183,0.39781,0.49727,#3F0000,#FFBF3F,#7F3F3F,#FFFFFF,#003F00,#FFBF7F,#BF0000,#FF7F00,#7F7F00,#000000
213822,degas,250,344,0.39884,1.43515,#FFFFFF,#3F3FBF,#00003F,#FF7F7F,#BFBFBF,#7FBFBF,#7F3F3F,#3F7F7F,#BF7F3F,#3F7F3F
213833,degas,250,170,0.39765,0.02823,#3F3F00,#BF7F7F,#3F0000,#BFBFBF,#3F7F3F,#3F3F00,#3F3F3F,#BF3F00,#FFFFBF,#FFBF3F
213847,degas,250,340,0.39882,0.12626,#BFBFBF,#7F0000,#7F7F7F,#FFFFBF,#000000,#3F3F3F,#BF3F00,#FFBF3F,#FF7F3F,#BF0000
213855,degas,250,334,0.3988,0.11404,#FFFFFF,#7F0000,#BFBFBF,#3F003F,#FFBF3F,#00003F,#7F3F3F,#FFFFBF,#000000,#7F7F3F
213860,degas,250,181,0.39779,0.04985,#00003F,#BF7F7F,#7F3F3F,#BF7F3F,#FFBF3F,#7F003F,#FF7F00,#3F3F3F,#7F3F00,#FFBF3F
213878,degas,250,350,0.39886,0.87688,#FFFFBF,#FF7F00,#3F003F,#FFFF3F,#BF3F00,#FFFFFF,#3F3F00,#7F7F3F,#BF7F3F,#FF7F3F
213880,degas,250,362,0.3989,0.22733,#FFBF3F,#3F3F3F,#FFFFBF,#7F7F00,#7FBF7F,#3F3F3F,#BF7F00,#BFFFBF,#003F00,#FFFFFF
213881,degas,250,363,0.3989,0.0301,#00003F,#FFBF7F,#7F3F7F,#FFFFFF,#3F003F,#7F7FBF,#003F3F,#BFBFFF,#7F3F00,#3F0000
9223372032559848620,degas,250,503,0.3992,0.03314,#FFFFFF,#7F3F7F,#003F00,#000000,#7F3F00,#FF7F7F,#FFFFBF,#7F3F00,#3F3F00,#7FBF7F
213338,degas,250,568,0.3993,0.11837,#7FBF7F,#000000,#7FBFBF,#7F7F00,#FFFFBF,#3F0000,#BFFFBF,#3F3F3F,#FFFF7F,#FFBF3F
213346,degas,250,237,0.39831,0.04455,#3F3F00,#BF7F7F,#3F3F7F,#FFFFFF,#003F00,#7F0000,#FFBF7F,#003F00,#BF3F3F,#00007F
213364,degas,250,143,0.3972,0.04876,#7F3F3F,#FFBFFF,#3F003F,#7F7F7F,#3F3F3F,#BF7F7F,#7FBFFF,#7F3F00,#3F0000,#3F3F00
213383,degas,250,182,0.3978,0.03982,#3F0000,#BF7F7F,#7F3F00,#00003F,#FFFFBF,#003F3F,#3F7F7F,#7F7F00,#BF7F00,#3F0000
213387,degas,250,326,0.39877,0.11188,#3FBF7F,#007F3F,#7FFF7F,#000000,#BF7F3F,#000000,#3F3F3F,#7F3F00,#BFBF7F,#FFFFBF
213391,degas,250,307,0.3987,9.5625,#FFBF7F,#3F0000,#FFFFFF,#7F3F7F,#FFFFFF,#7FBFBF,#BFBFFF,#7F3F00,#7FBF3F,#7F3F00
213407,degas,250,183,0.39781,0.29545,#3F3F3F,#FFBF7F,#BF3F3F,#7F3F00,#FFFFFF,#000000,#7F7F7F,#BFBF3F,#FFFFFF,#7FBFBF
213421,degas,250,184,0.39783,0.02073,#003F00,#BFFFFF,#003FBF,#FFFFFF,#3F3F3F,#BF7FBF,#7F7FBF,#3FBFFF,#BF3F3F,#3F0000
213427,degas,250,130,0.39692,1.92537,#BF3F7F,#BFBFBF,#3F3F00,#FFFFFF,#FFFFBF,#3F0000,#BF7F00,#BFBF3F,#7F3F3F,#3F7F7F
213520,degas,250,315,0.39873,0.08936,#FF7F3F,#000000,#FFFFBF,#7F3F3F,#BF7F3F,#3F3F3F,#7F7F3F,#FFFF3F,#3F003F,#7F003F
213521,degas,250,340,0.39882,0.11992,#BFBF3F,#000000,#FFFFBF,#FFFF3F,#3F3F3F,#BF3F3F,#FFBF3F,#7F003F,#FFFFFF,#003F00
213528,degas,250,298,0.39866,0.12268,#3F3F3F,#3F7FBF,#3F3F3F,#7F7F00,#FFFFFF,#3F003F,#3F7F3F,#BFBF7F,#3F7F00,#3F003F
213671,degas,250,193,0.39793,0.46602,#003F3F,#FFFFBF,#BFBF3F,#7F7F3F,#3F3F00,#BFBFBF,#FFFFFF,#3F3F3F,#FFBF3F,#FFBFBF
213716,degas,250,159,0.39748,0.77833,#7F7FBF,#7F3F3F,#FFFFFF,#BFBF7F,#00003F,#7F3F7F,#BFFFBF,#FF7FBF,#BF7F3F,#3F0000
213743,degas,250,340,0.39882,169.5,#3F7F00,#FFFFBF,#3F3F7F,#7F7FBF,#FFFFFF,#000000,#BFBF3F,#FF7FBF,#7F0000,#BF3F3F
213748,degas,250,338,0.39882,67.4,#3F3F3F,#FFBF3F,#FF7F3F,#3F7FBF,#000000,#BFFFBF,#7F7F3F,#7F7F3F,#7F003F,#FFFFBF
213791,degas,250,219,0.39817,0.12601,#7F7F7F,#003F3F,#FFFFFF,#BF3F00,#BF7F7F,#000000,#7F7F00,#7F0000,#FFBF7F,#7F003F
213309,degas,250,200,0.398,0.02565,#003F00,#7F7F3F,#FFBF7F,#000000,#3F3F00,#7F0000,#FFFFBF,#7FBF7F,#7F7F3F,#00003F
213318,degas,250,521,0.39923,9.62963,#FFFFBF,#BF3F00,#BF7F3F,#3F0000,#7F7F7F,#BFBFBF,#3F7F00,#FFBF7F,#FFFFFF,#3F0000
213345,degas,250,183,0.39781,0.16993,#FFFFBF,#3F003F,#FFBF3F,#FF7FBF,#3F3F7F,#7F7FBF,#000000,#FFFF7F,#BF7F3F,#BFFFFF
213376,degas,250,101,0.39604,0.09901,#3F3F3F,#BFBFFF,#3F3F3F,#000000,#3F3FBF,#FFFFFF,#7F7FFF,#BF3F3F,#BFBF7F,#3F0000
213379,degas,250,146,0.39726,0.04383,#3F3F7F,#000000,#BFBF7F,#003F3F,#7F3F00,#007F7F,#003F00,#BF3F3F,#3F7F7F,#3F0000
213393,degas,250,166,0.39759,0.67623,#3F3F00,#BFFF7F,#FFFFFF,#7F7FBF,#BF7F3F,#00003F,#FFFFBF,#7F7F3F,#BFFFFF,#FF7F7F
213438,degas,250,290,0.39862,0.76658,#BF7F3F,#3F0000,#FFBF7F,#7F7F3F,#BF0000,#3F3F00,#BFFF7F,#FFFFFF,#BF7FBF,#FF3F00
213447,degas,250,402,0.399,0.01877,#BF7F7F,#3F0000,#BF3F3F,#003F3F,#3F3F7F,#000000,#FFFFBF,#7F0000,#00003F,#3F7F00
213448,degas,250,222,0.3982,0.241,#7F7F7F,#3F3F00,#FFFFFF,#FFBF7F,#7F3F00,#BF3F00,#000000,#3F3F7F,#FFFFFF,#FFBF3F
213449,degas,250,362,0.3989,0.04579,#BF7F00,#000000,#FFFF7F,#3F3F00,#BF3F00,#3F0000,#7F7F7F,#BF0000,#3F3F00,#FF7F3F
213452,degas,250,244,0.39836,0.01924,#7F3F00,#FFBF7F,#3F0000,#003F3F,#FFBF3F,#003F00,#3F7F3F,#3F0000,#7F7F7F,#BF7F00
213457,degas,250,212,0.39811,0.10826,#3F3F00,#FFFFFF,#BFBFFF,#00003F,#3F7F3F,#FFBFFF,#7F7F3F,#BFBFBF,#000000,#BF7F7F
213468,degas,250,169,0.39763,0.03226,#FFFFFF,#000000,#7F7F7F,#3F0000,#FFBFBF,#7F3F3F,#7F0000,#7F7F7F,#3F3F00,#BF7F3F
213506,degas,250,170,0.39765,4.44737,#FFBF7F,#7F3F00,#FFFFBF,#7F7F3F,#BFBF3F,#BFFFBF,#FFFF7F,#FF7F00,#3F0000,#FFFFFF
213537,degas,250,189,0.39788,0.43218,#FFFF7F,#3F3F3F,#FF7F00,#FFFFFF,#003F00,#BF7F7F,#FFFFBF,#7F7F3F,#BF3F00,#3F0000
213553,degas,250,164,0.39756,9.05556,#FF3F3F,#3F3F3F,#7F7F7F,#BF3F00,#000000,#7F3F00,#FFBFBF,#BFBF00,#FFBF3F,#7F3F00
213588,degas,250,215,0.39814,0.13709,#BFBFBF,#003F3F,#7FBF7F,#3F003F,#FFFFFF,#BF3F00,#00003F,#BF7F00,#3F7F00,#FFBF3F
213601,degas,250,168,0.39762,0.13275,#FFBFBF,#003F00,#BF7F00,#FFBF7F,#3F3F3F,#000000,#7F3F00,#FFFF3F,#FF7F00,#FFFFFF
213618,degas,250,331,0.39879,0.05077,#7F7F7F,#000000,#7F003F,#BFBFBF,#3F3F7F,#3F003F,#BF3F3F,#FFFFFF,#BF7F7F,#3F3F00
213630,degas,250,331,0.39879,0.03974,#FFBFBF,#3F0000,#7F7F7F,#7F3F00,#FFFFBF,#7FBF7F,#FFBF3F,#BF7F00,#FFFFFF,#3F0000
213684,degas,250,195,0.39795,0.39113,#FF7F7F,#7F3F00,#BF7F7F,#FF7F00,#FFBFBF,#3F3F7F,#00003F,#BF3F00,#000000,#BF3F00
213715,degas,250,219,0.39817,0.02629,#000000,#BF7F3F,#3F3F00,#FFFFBF,#BF7F00,#BF7FBF,#BF0000,#3F0000,#FFFFBF,#7F3F7F
213726,degas,250,138,0.3971,0.33496,#3F7F7F,#3F3F00,#FFBF3F,#BF3F3F,#3F3F3F,#BFBFBF,#3F7F00,#003F00,#BFBF7F,#BF3F00
213751,degas,250,276,0.4,0.02059,#003F3F,#BFBF7F,#BF7F3F,#00003F,#3F0000,#003F00,#003F3F,#3F3F3F,#7F0000,#FFFFBF
213761,degas,250,185,0.39784,0.15972,#BFBFBF,#7F7F7F,#003F00,#7FBF7F,#000000,#FFFFFF,#7F7F00,#FF7F7F,#FFFFFF,#7F0000
213777,degas,250,337,0.4,337.0,#FFFFBF,#7F7F7F,#FFBF7F,#3F0000,#7F7F00,#FF7F3F,#FFFFBF,#FFFFBF,#FFFFFF,#FFBF7F
213784,degas,250,356,0.39888,0.54531,#BF3F3F,#3F003F,#FFFFBF,#FFBF3F,#7F7F00,#7FBF3F,#000000,#7F003F,#3F3F7F,#BFBFBF
213867,degas,250,177,0.39774,0.12653,#003F00,#BF7F3F,#BFBF3F,#003F00,#7F3F3F,#3F3F7F,#7FBFBF,#3F7F3F,#BFFFBF,#7F003F
213313,degas,250,239,0.39833,0.03254,#000000,#BFBF7F,#7F3F3F,#FFBF7F,#3F003F,#FF7F00,#FFFFFF,#3F3F3F,#FFFF3F,#FFBF00
213371,degas,250,166,0.39759,0.21654,#FFFFBF,#7F0000,#FFFF3F,#000000,#FF7F3F,#000000,#FFFFFF,#FFFFBF,#7F7F3F,#7FBF7F
213377,degas,250,161,0.39752,0.04215,#3F3F00,#7F7F7F,#3F0000,#BFBFBF,#3F7F3F,#000000,#BF3F00,#003F3F,#7F3F3F,#FF7F3F
213378,degas,250,180,0.39778,0.39168,#FF7F3F,#BF0000,#3F0000,#7F7F00,#FFBF7F,#7F0000,#7F7F00,#FF3F3F,#FFBF00,#3F3F00
213380,degas,250,189,0.39788,0.13239,#7F0000,#7FBF7F,#3F7F3F,#FFBFBF,#BFBFBF,#BF7F00,#00003F,#BF3F7F,#003F00,#FFBF3F
213385,degas,250,181,0.39779,0.03865,#7F7F3F,#FFFFFF,#000000,#FFBF3F,#7FBFBF,#3F003F,#FFFF7F,#BF7F3F,#BFBF7F,#FF7FBF
213394,degas,250,172,0.39767,0.25409,#FF7F7F,#00003F,#7F3F3F,#BFBF7F,#7F7F00,#3F0000,#7F0000,#BFFF7F,#3F3F3F,#7F3F7F
213434,degas,250,182,0.3978,0.23506,#7F3F7F,#BFBFBF,#000000,#7FBF3F,#BF7F7F,#003F00,#FFFFBF,#7F3F00,#7FBFBF,#007F7F
213550,degas,250,190,0.39789,0.06738,#BF3F00,#003F00,#FFFF7F,#BF7F7F,#BFBF00,#003F00,#3F3F3F,#003F3F,#3F3F00,#7F3F00
213578,degas,250,169,0.39763,0.10832,#3F0000,#BF7F7F,#7F003F,#FFBFBF,#7F3F00,#7F7F7F,#FFFFBF,#00003F,#BF7F00,#3F7F3F
213591,degas,250,185,0.39784,0.14319,#7F0000,#7F7F7F,#003F00,#FFBF3F,#BF3F3F,#BFBFBF,#3F3F3F,#3F0000,#BF0000,#BF7F7F
213652,degas,250,187,0.39786,0.06324,#003F3F,#FFBF7F,#3F3F00,#BF7F7F,#3F7F7F,#000000,#FFBF00,#FFFFFF,#3F3F00,#BF7F00
213692,degas,250,328,0.39878,0.04235,#7F3F00,#FFFF3F,#3F3F00,#BF7F00,#FF7F00,#3F003F,#7FBF3F,#7F0000,#000000,#7F7F3F
213696,degas,250,330,0.39879,0.0116,#3F3F00,#FFFFBF,#7F3F00,#FF7F3F,#3F3F00,#003F00,#3F003F,#FFBF3F,#BF7F3F,#3F7F3F
213704,degas,250,206,0.39806,0.07282,#BF7F3F,#FFBFFF,#000000,#7F7F7F,#BFBFBF,#3F3F00,#FFFFFF,#FF7F3F,#FFFF3F,#FFFFBF
213712,degas,250,283,0.39859,0.09295,#000000,#BF7F7F,#FFBFBF,#3F0000,#FF7F7F,#7FBFBF,#FFBF3F,#BF0000,#BF7F00,#3F7F7F
213718,degas,250,185,0.39784,0.18218,#FFFF3F,#BF7F3F,#FFFFFF,#00003F,#FF7F3F,#FFBF00,#FFFFBF,#FFBF3F,#3F3F3F,#7F3F3F
213740,degas,250,318,0.39874,0.13359,#7FBF3F,#3F003F,#FFFFBF,#000000,#FFFF3F,#00003F,#3F3F00,#FF7F00,#7F003F,#BF3F00
213759,degas,250,203,0.39803,0.03774,#BF3F7F,#3F3F00,#7F3F3F,#3F3F7F,#003F00,#7F3F00,#003F3F,#BFBF7F,#003F00,#7F3F00
213768,degas,250,187,0.39786,0.15258,#7F3F3F,#3F3F00,#00003F,#7F007F,#BF7F7F,#7F0000,#00003F,#3F3F7F,#BFBF7F,#BF3F3F
213785,degas,250,183,0.39781,0.10254,#FFFFBF,#7F3F3F,#003F00,#BFBF7F,#7F3F3F,#3F0000,#3F3F3F,#FF7F3F,#3F7F7F,#3F0000
213796,degas,250,329,0.39878,1.2567,#BF7F7F,#3F3F3F,#FF7F7F,#7F003F,#000000,#BF003F,#3F3F7F,#FFFFBF,#BF7F00,#7F7FBF
213815,degas,250,179,0.39777,0.06482,#00003F,#7F7F00,#FF7F00,#3F3F00,#FFFFBF,#3F0000,#7F3F00,#7F7F7F,#FFFF3F,#FFBF7F
213653,degas,250,162,0.39753,0.54027,#FFFFBF,#7F7F3F,#3F0000,#FF7F7F,#BFBFBF,#FFFFFF,#7F7F3F,#FFBFFF,#BF7F7F,#000000
213770,degas,250,202,0.39802,10.05,#FFFFFF,#3F3F3F,#7F7F3F,#000000,#7F7FBF,#FFBF7F,#FF7FBF,#7F3F00,#BF3F3F,#BF7F7F
213294,degas,250,213,0.39812,0.02041,#FFBF7F,#003F00,#000000,#7F7F3F,#FFFFFF,#7F0000,#7FBFBF,#FFFF7F,#3F3F00,#BFBF3F
213355,degas,250,339,0.39882,0.19248,#BF7FBF,#3F0000,#FF7F3F,#FFFFFF,#7F3F3F,#000000,#FF3F00,#FF7F7F,#BF0000,#FFBF7F
213429,degas,250,305,0.39869,0.12557,#FF7F7F,#7F3F3F,#003F3F,#BF3F7F,#BFBFBF,#3F003F,#3F3F3F,#3F7F7F,#BF3F00,#BF0000
213467,degas,250,149,0.4,2.22388,#FFFFFF,#3F3F3F,#BF7F00,#FFBF3F,#BF7F7F,#000000,#FFFFBF,#7F7F7F,#BFBFBF,#BF3F00
213529,degas,250,123,0.39675,0.00624,#3F0000,#7FBFBF,#7F3F3F,#BFFFBF,#7F3F3F,#FFFFFF,#000000,#7F7F3F,#003F3F,#BFBF7F
213575,degas,250,191,0.39791,0.29008,#7F3F00,#BF7FBF,#3F7F7F,#00003F,#FFFFBF,#003F3F,#7F7F00,#BF3F00,#BFBFBF,#BFBF3F
213682,degas,250,375,0.39893,0.05931,#7F003F,#BF7F7F,#003F00,#7F003F,#3F3F00,#7F3F7F,#3F3F3F,#3F3F3F,#3F3F00,#BF3F00
213686,degas,250,293,0.39863,9.41935,#7F7F00,#FFFFFF,#FFBF7F,#BF7F3F,#000000,#FFFF7F,#FFFFFF,#BFBFBF,#7F0000,#FFBF3F
213747,degas,250,208,0.39808,0.26504,#7F003F,#FFBF7F,#00003F,#BFFFFF,#7F3F3F,#3F7F7F,#000000,#BF7F3F,#7FBFBF,#FFFFBF
213300,degas,250,249,0.39839,0.03274,#BF7F3F,#3F0000,#FFFFFF,#3F0000,#7F0000,#BFBF7F,#3F7F3F,#3F0000,#FFBF7F,#3F3F3F
213298,degas,250,284,0.39859,0.03192,#3F0000,#BFBF00,#7F3F3F,#3F0000,#BFBF7F,#003F00,#BF3F00,#00003F,#7F3F00,#FFBF3F
213301,degas,250,248,0.39839,0.0118,#3F003F,#BFBF3F,#3F003F,#3F0000,#BF3F3F,#003F00,#3F7F3F,#BF7F3F,#FFFFBF,#7F3F3F
213336,degas,250,328,0.39878,0.05219,#3F003F,#BF7F3F,#3F0000,#BFBF7F,#3F3F3F,#7F0000,#000000,#BF0000,#3F7F3F,#BF7F3F
213401,degas,250,166,0.39759,0.17442,#3F003F,#BF7F7F,#BF3F00,#BF3F00,#FFBF7F,#3F0000,#3F3F00,#000000,#7FBF7F,#3F3F7F
213498,degas,250,162,0.4,0.44022,#00003F,#FFFFFF,#BF7F7F,#BFBFBF,#3F3F3F,#3F0000,#FFBFFF,#FF7FBF,#BF3F3F,#FFFFFF
213581,degas,250,322,0.39876,0.03343,#7F3F00,#BF7FBF,#003F3F,#BF7F3F,#003F3F,#FFFFFF,#FFFF7F,#003F3F,#3F3F7F,#000000
213609,degas,250,161,0.39752,0.0981,#00003F,#FFBF7F,#7F3F7F,#000000,#FF7F3F,#7F0000,#BF7F00,#3F3F00,#7FBF7F,#00003F
213722,degas,250,329,0.39878,0.11533,#000000,#3F7F7F,#3F3F3F,#FFFFBF,#7F003F,#BF7F3F,#BFBFFF,#000000,#7FBFBF,#FFBF7F
213730,degas,250,367,0.39891,0.02949,#FFBFFF,#000000,#BF7F3F,#3F3F00,#000000,#7F7F3F,#FFFFFF,#7FBFBF,#FFBF7F,#7F3F00
213732,degas,250,333,0.3988,0.01939,#7F3F00,#FFBF7F,#3F0000,#BF7F00,#3F3F7F,#003F00,#7FBFBF,#7F7F3F,#3F0000,#3F7F00
213864,degas,250,271,0.39852,0.15499,#BF3F3F,#000000,#FFBF00,#7F003F,#3F7F3F,#000000,#BF3F00,#7FBF3F,#3F003F,#7F7F3F
213870,degas,250,156,0.39744,0.01319,#3F3F3F,#BFBFBF,#000000,#7F7F7F,#7F7F7F,#BF7F7F,#FFBF7F,#7F3F3F,#3F3F00,#FFFFBF
213887,degas,250,337,0.39881,0.06677,#3F3F3F,#BF7F7F,#BF3F3F,#000000,#3F3FBF,#3F3F00,#7F7FBF,#FFFFBF,#3F3F3F,#7F7F00
213274,degas,250,150,0.39733,0.10813,#BFBF7F,#003F00,#BF7F3F,#FFFFBF,#FFBF3F,#7F0000,#3F7F3F,#003F00,#BF7F3F,#FFBF7F
213299,degas,250,286,0.3986,0.02156,#FFFFFF,#3F003F,#003F00,#FF3F00,#FFBF7F,#3F0000,#3F3F3F,#7F7F3F,#FF7F00,#BF3F00
213330,degas,250,289,0.39862,0.10623,#BF7F00,#000000,#7FBF7F,#FF7F00,#7F7F3F,#003F3F,#3F3F00,#7F0000,#FFBF3F,#3F3F00
213389,degas,250,185,0.39784,0.28616,#3F7F3F,#7F7F7F,#3F0000,#FFFF7F,#FFFF3F,#FF7F3F,#000000,#BF3F00,#7FFF7F,#BFBF00
213417,degas,250,333,0.3988,0.03765,#000000,#3F3F3F,#FFBF7F,#003F00,#BF3F00,#7FBF7F,#3FBF00,#3F7F00,#BFBF00,#7F3F00
213418,degas,250,333,0.3988,0.0178,#3F3F3F,#7FBF00,#000000,#3F3F3F,#003F00,#FFBF7F,#7F7F7F,#3F7F3F,#BF3F00,#FFBF3F
213439,degas,250,683,0.39941,0.36785,#FFBF7F,#3F3F3F,#FFFFBF,#7F7F7F,#BFBFBF,#7F7F3F,#3F0000,#FFFFFF,#BF7F00,#FFBF00
213555,degas,250,165,0.4,0.98214,#FFFFFF,#7F7F3F,#BFBF7F,#3F0000,#BF7FBF,#BFBFBF,#003F00,#7F3F3F,#FFFFBF,#FFFFFF
213635,degas,250,285,0.3986,0.01826,#3F0000,#BF7F3F,#FFBF7F,#3F3F3F,#7F3F00,#000000,#3F7F3F,#003F00,#FFFFBF,#BF3F3F
213699,degas,250,162,0.39753,0.38609,#3F0000,#BFBFFF,#BF7FBF,#FFFFFF,#FFBF7F,#7F3F3F,#FFFFFF,#FFFFBF,#BFBF3F,#7F7FFF
213711,degas,250,180,0.39778,0.1191,#BFBFBF,#000000,#BF7F7F,#000000,#7F3F00,#7F7FBF,#3F7F7F,#FFFF7F,#FFFFFF,#BF7F00
213734,degas,250,163,0.39755,0.15774,#7FBFBF,#3F3F00,#000000,#FF7F7F,#7F7F7F,#FFFFFF,#3F3F3F,#7F7FBF,#FFFF7F,#BFBF3F
213868,degas,250,192,0.39792,0.09725,#FF7F3F,#000000,#FFBFBF,#3F3F00,#BFBF3F,#BFFFBF,#BF7FBF,#FFBF3F,#BF3F3F,#FFFFFF
213651,degas,250,190,0.39789,0.45,#7F003F,#FFFFBF,#7F7FBF,#7F3F7F,#FFFFBF,#000000,#BFFFBF,#BF7F3F,#FF7FBF,#7F7F3F
213272,degas,250,237,0.39831,0.1743,#7F3F00,#FFBFBF,#BF7F3F,#7FBFBF,#003F00,#FFFFFF,#000000,#3F7F7F,#FFBF7F,#BFBF3F
213292,degas,250,188,0.39787,0.09253,#000000,#FFBF7F,#7F3F00,#FFFFFF,#BF7F3F,#BFBFBF,#3F0000,#7F3F7F,#FF7F00,#7F0000
213337,degas,250,333,0.3988,0.09584,#FF7F3F,#3F3F00,#FFBF7F,#BF0000,#FF7F00,#FFBF7F,#7F3F3F,#7F7F3F,#000000,#3F3F00
213422,degas,250,366,0.39891,0.05141,#FFFFBF,#3F3F3F,#7F7F7F,#FF3F3F,#7F3F00,#000000,#003F3F,#3F0000,#BF7F00,#BFBF7F
213423,degas,250,459,0.39913,0.46782,#BF7F7F,#3F7F00,#7FBFBF,#BF3F00,#7F0000,#FFBF7F,#000000,#3F3F7F,#FF7F00,#3F7FBF
213491,degas,250,183,0.39781,0.90099,#BF7FBF,#3F3F00,#FFFFFF,#BF7F3F,#3F0000,#7F3F7F,#003F7F,#FFBFFF,#FFBF00,#BF3F00
213516,degas,250,390,0.39897,0.02638,#3F0000,#FFBF7F,#7F7F7F,#7F0000,#BFBF7F,#BF7F3F,#3F0000,#003F3F,#7F7F00,#BF7F00
213522,degas,250,257,0.39844,0.03649,#003F00,#FFBF3F,#BF7F00,#BFBFBF,#003F3F,#3F3F00,#7F7F7F,#7F3F3F,#7F3F00,#BF7F00
213523,degas,250,228,0.39825,0.22498,#FFFFFF,#7F0000,#BF7F3F,#7F3F3F,#BF7FBF,#003F00,#BF3F00,#FFBF7F,#BFBF7F,#003F00
213571,degas,250,344,0.39884,0.09673,#BF3F00,#FFBF7F,#000000,#FF7F00,#FFFFBF,#3F0000,#FF3F00,#BF7F7F,#7F7F3F,#3F3F3F
213594,degas,250,155,0.39742,0.06314,#BF7F3F,#003F3F,#3F7F00,#3F3F3F,#7FBF7F,#3F3F7F,#7F3F00,#7F3F3F,#003F3F,#003F00
213611,degas,250,196,0.39796,0.36178,#FFBF7F,#3F0000,#BF7F3F,#7F3F3F,#003F3F,#3F0000,#FFFFFF,#3F7F7F,#BFBFFF,#BF7F7F
213623,degas,250,311,0.39871,0.12726,#7F003F,#7F7F7F,#BF7F00,#BF3F00,#3F0000,#FFBF7F,#FF7F3F,#3F003F,#3F3F3F,#000000
213733,degas,250,277,0.39856,0.05614,#3F0000,#FFBF3F,#7F3F00,#BFBFBF,#FF7F00,#FFFFBF,#7F7F3F,#FF003F,#7F3F3F,#000000
213737,degas,250,297,0.39865,0.94268,#BF3F00,#FF7F3F,#000000,#BF003F,#FF7F7F,#FFFFBF,#7F7F3F,#7F3F00,#FFFF3F,#FF3F7F
213834,degas,250,301,0.39867,0.28037,#BFFFBF,#3F0000,#BF7F3F,#BF7F3F,#3F7F7F,#000000,#FFFFFF,#3F3F00,#FFBFBF,#BFBFBF
213845,degas,250,526,0.39924,0.05083,#3F3F3F,#3F0000,#FFBF7F,#7F0000,#7F7FBF,#BF7F00,#003F00,#7F7F3F,#003F3F,#FFFFBF
213849,degas,250,303,0.39868,0.06256,#BFBF7F,#3F0000,#7F003F,#3F0000,#3F3F7F,#FFBFBF,#7F3F00,#BF3F7F,#7F7FBF,#3F3F3F
213869,degas,250,302,0.39868,0.01295,#000000,#FFFF7F,#000000,#7F0000,#7F3F3F,#BF7F7F,#BF3F00,#FFFFFF,#000000,#3F0000
213255,degas,250,186,0.39785,0.027,#BF7F7F,#00003F,#7F7F7F,#003F00,#7FBFBF,#7F3F3F,#7F7F00,#7F003F,#FFFFBF,#000000
213275,degas,250,454,0.39912,0.28295,#BF7F3F,#BFBFBF,#000000,#BF7F00,#7F3F00,#FFBF3F,#7F0000,#7F7F7F,#FFFFBF,#3F3F3F
213296,degas,250,277,0.39856,0.03512,#00003F,#FFBFBF,#7F7F7F,#3F0000,#3F3F7F,#FFBF3F,#BF3F00,#7F0000,#3F003F,#3F7F00
213297,degas,250,221,0.39819,0.18739,#3F003F,#BF7F7F,#7F3F3F,#3FBF7F,#FFBF7F,#3F003F,#3FBF00,#003F3F,#00003F,#000000
213310,degas,250,190,0.39789,0.12936,#BF3F3F,#3F003F,#7F3F00,#003F3F,#3F7F7F,#BFBFBF,#FF7F3F,#3F3F00,#3F3F3F,#3F3F7F
213319,degas,250,169,0.39763,0.16092,#FF7F3F,#3F7F00,#BFBF7F,#00003F,#FFBFBF,#7F0000,#BF3F7F,#3F7F7F,#BF7F00,#00003F
213340,degas,250,159,0.39748,0.42246,#FFBF7F,#3F3F3F,#7F7F7F,#BFBFFF,#FF7FBF,#7F3F7F,#000000,#BFBFBF,#FFFFFF,#FF7F3F
213343,degas,250,237,0.39831,0.06172,#000000,#7F7F7F,#3F0000,#00003F,#BF3F3F,#FFBFBF,#3F3F3F,#BF7F7F,#BF7F3F,#7F3F00
213367,degas,250,230,0.39826,0.06092,#000000,#BF3F3F,#BFBF7F,#3F003F,#3F0000,#3F7F7F,#00003F,#3F7F00,#FFBFBF,#BF7F7F
213374,degas,250,176,0.39773,0.01679,#00003F,#BF3F3F,#3F003F,#7F3F3F,#FFFF7F,#FFBF3F,#7F003F,#3F3F00,#3F3F3F,#7FBF3F
213419,degas,250,327,0.39878,0.91061,#FF7F7F,#3F3F3F,#BF7F00,#7F7F3F,#FF3F3F,#BF0000,#3F0000,#FFBF7F,#3F3F00,#FFBF00
213430,degas,250,298,0.39866,0.07124,#003F00,#FF7F00,#7F7F3F,#FFBF7F,#3F0000,#FF7F7F,#003F00,#3F7F3F,#7F0000,#FF3F00
213432,degas,250,206,0.39806,0.08361,#000000,#BF7F00,#000000,#FFBFBF,#7F0000,#FFBF3F,#7F7F3F,#BF7F7F,#BF0000,#007F3F
213437,degas,250,241,0.39834,0.16315,#BF7F00,#7F3F3F,#BFBFBF,#000000,#3F7F00,#00003F,#7F0000,#BFBF3F,#3F7F7F,#BF7F7F
213524,degas,250,194,0.39794,0.28424,#FF7F7F,#3F0000,#BF7F00,#3F7F3F,#FFBFBF,#7FBF7F,#000000,#7F3F00,#FFBF00,#7F3F3F
213525,degas,250,133,0.39699,0.12828,#FFBF3F,#7F3F00,#3F0000,#000000,#3F7F7F,#FFFFBF,#7F7F3F,#7FBFBF,#BF3F3F,#003F3F
213570,degas,250,175,0.39771,0.13541,#00003F,#BFBF00,#7F3F3F,#7F7F7F,#003F00,#FFFFBF,#3F3F3F,#7F003F,#BF3F00,#FFBF7F
213573,degas,250,153,0.39739,0.26343,#BFFFFF,#7F7F3F,#3F3F3F,#BF7F7F,#FFFFFF,#BFBF7F,#000000,#3F3F7F,#7F7FBF,#BFBF00
213628,degas,250,320,0.39875,0.12139,#3F3F3F,#FF7F3F,#000000,#BF3F00,#FFFF7F,#3F0000,#FF3F00,#BF7F3F,#FFBF7F,#BF003F
213675,degas,250,156,0.39744,0.67391,#BF7F3F,#3F3F00,#FFBFBF,#000000,#7F7F7F,#003F7F,#BFBFFF,#7F3F00,#BFBFBF,#3F7FBF
213695,degas,250,342,0.39883,0.05325,#003F00,#7F3F3F,#BFBFBF,#BF7F00,#7F7F3F,#7F0000,#3F0000,#3F0000,#7F0000,#BF7F3F
213739,degas,250,304,0.39868,0.08086,#FFFFFF,#7F7F3F,#BFBF7F,#000000,#BF7F3F,#7F0000,#003F3F,#FFFFBF,#FFFF3F,#003F00
213769,degas,250,303,0.39868,0.04015,#3F7F3F,#3F3F00,#7F0000,#FFBF7F,#3F0000,#BFBF7F,#003F3F,#BF7F00,#000000,#BF3F7F
213781,degas,250,245,0.39837,0.03995,#7F7F3F,#3F3F00,#3F3F3F,#003F00,#BFBF7F,#000000,#FF7F00,#BF7F00,#3F3F3F,#7F0000
213862,degas,250,295,0.39864,0.06944,#FFBF7F,#7F0000,#7F7F3F,#BF3F00,#3F7F3F,#000000,#3F0000,#FF7F3F,#003F3F,#BF3F00
213259,degas,250,231,0.39827,0.03439,#7F3F00,#000000,#BF7F7F,#003F00,#FFFFBF,#7F003F,#7F7F3F,#FFBF3F,#FF7F00,#003F00
213829,degas,250,236,0.39831,0.30323,#7FBFBF,#FFBF7F,#3F0000,#BF7F3F,#FFFFBF,#000000,#BF7F00,#7F3F00,#BFFFFF,#3F7F7F
213268,degas,250,213,0.39812,2.71795,#BFBF3F,#003F00,#FFFFBF,#BFBF7F,#7F3F3F,#FFFFFF,#3F7F7F,#BFBFBF,#3FBFBF,#7F0000
213281,degas,250,231,0.39827,4.69388,#FF7F3F,#3F0000,#BFBFBF,#7F7F7F,#7F0000,#FFFFFF,#BF7F00,#BFBF3F,#003F3F,#3F3F3F
213303,degas,250,329,0.39878,2.48485,#3F3F3F,#FFBF7F,#7F0000,#BF7F3F,#3F0000,#7F3F3F,#FFFFFF,#BFBFFF,#3F7F3F,#7F7F7F
213480,degas,250,172,0.39767,0.30212,#7FBFFF,#3F3F3F,#BFFFFF,#7FBF7F,#000000,#FFFF3F,#7F3F3F,#3F3FBF,#FFFF7F,#7F7F00
213481,degas,250,183,0.39781,0.16338,#FFFF7F,#3F3F00,#7F7F3F,#FFFFFF,#3F3F3F,#BFBF3F,#BF3F00,#003F00,#FF7F00,#3F3F3F
213507,degas,250,351,0.39886,38.88889,#BFBFFF,#BFBF00,#FFFFFF,#3F3F00,#BFBF7F,#FFBF7F,#7FFF7F,#BF3F00,#3F7F3F,#3F7F7F
213617,degas,250,248,0.39839,0.04184,#000000,#BFFFFF,#BFBF3F,#FFFFBF,#003F00,#7F3F00,#7F7F7F,#BFBFBF,#BFBFBF,#7F0000
213753,degas,250,218,0.39817,0.05095,#000000,#BF7FBF,#7F3F00,#FFFFFF,#3F3F7F,#FFBFFF,#00003F,#BF7F3F,#3F003F,#BF3F00
213771,degas,250,133,0.39699,0.01488,#3F0000,#BFBF3F,#3F7F3F,#BF7F3F,#3F3F00,#7F0000,#3F003F,#FFFF7F,#7F3F00,#3F3F00
213802,degas,250,180,0.39778,0.03247,#7F3F00,#FFFFFF,#3F3F7F,#000000,#FFBF00,#BF3F00,#000000,#003F3F,#FFBF7F,#7F7F7F
213837,degas,250,281,0.39858,2.82828,#7F3F00,#FF7F7F,#7F3F00,#FFBFBF,#3F7F7F,#BF7F7F,#3F0000,#BFBF00,#FFFF3F,#BF3F00
213848,degas,250,163,0.39755,0.29455,#FFBFBF,#003F00,#BF7F3F,#FFFF7F,#3F7F7F,#BFBFBF,#FFFFFF,#00003F,#7F3F00,#7FBFBF
213850,degas,250,189,0.39788,0.03947,#000000,#FFFF7F,#BF3F3F,#00003F,#7F3F00,#FFBF7F,#BF7F3F,#003F00,#3F7F3F,#7F3F00
213851,degas,250,169,0.39763,0.14106,#7FBFFF,#000000,#7F7F3F,#7FBF7F,#FFFFBF,#3F007F,#3F3F00,#7F7FBF,#BF7FFF,#BF7F7F
213728,degas,250,171,0.39766,0.06257,#3F0000,#7F3F7F,#003F3F,#7F3F00,#7FBF7F,#FF7F00,#7F3F00,#3F3F00,#3F0000,#FFBF7F
213399,degas,250,157,0.39745,0.08705,#BF7F7F,#FFFFFF,#7F003F,#000000,#FFBF7F,#BFBFFF,#003F3F,#3F3F7F,#00003F,#7F7FBF
213729,degas,250,382,0.39895,0.26774,#FF7F00,#3F003F,#FFBF7F,#000000,#BF3F00,#7F3F00,#BFBF7F,#BF7F7F,#FFFFFF,#3F7F3F
213808,degas,250,172,0.39767,1.1875,#000000,#3F7F7F,#000000,#7F7F3F,#7F003F,#BF7F7F,#7F3F00,#7FBFBF,#7F3F00,#3F3F7F
213852,degas,250,193,0.39793,0.07314,#3F3F3F,#FFBF7F,#BF7F3F,#7FBFBF,#3F3F7F,#FFFFFF,#3F7F3F,#00003F,#FFBFFF,#000000
213372,degas,250,136,0.39706,0.05255,#7F0000,#FFBFBF,#7F7F7F,#000000,#BF3F00,#000000,#FF7F3F,#3F3F00,#3F3F3F,#3F0000
213466,degas,250,571,0.3993,0.20548,#7F3F00,#00003F,#BF7F3F,#BF003F,#7F7F3F,#FF7F3F,#FF3F00,#7F7F7F,#3F3F00,#7F003F
213510,degas,250,314,0.39873,0.17989,#BF3F00,#FFFFFF,#BF7F7F,#3F3F3F,#FFBFBF,#000000,#FFBF7F,#7F3F3F,#FF7F3F,#7F0000
213620,degas,250,318,0.39874,0.24033,#FFBF3F,#BF3F00,#FFFF7F,#000000,#7F3F3F,#7FBF3F,#3F0000,#FF3F00,#3F7F00,#FFBF3F
213842,degas,250,197,0.39797,0.4206,#BF7F7F,#7F0000,#FF7F00,#BFFFBF,#000000,#7F7F3F,#FFFF3F,#BF3F00,#7FBFBF,#FFFFBF
213857,degas,250,345,0.39884,0.10497,#BF3F00,#FFFFFF,#3F3F00,#7F7F7F,#3F003F,#000000,#FF7F3F,#3F7F3F,#BFBFBF,#BF7F00
213373,degas,250,174,0.3977,0.21175,#003F3F,#BF7F7F,#7F3F00,#3F3F7F,#3F7FBF,#000000,#7F3F00,#BFBFFF,#BF7F3F,#BFBFBF
213435,degas,250,193,0.39793,0.25296,#7F3F00,#7F0000,#FF7F00,#003F00,#3F3F00,#FF7F3F,#BF3F00,#003F00,#7F7F3F,#7F3F3F
213499,degas,250,193,0.39793,0.34973,#FFFFBF,#7F7F00,#3F3F3F,#BFBF7F,#3F0000,#BF7F3F,#FF7F00,#7F0000,#BF0000,#BF7FBF
213708,degas,250,280,0.39857,0.07277,#3F7F00,#003F00,#BFBF3F,#7F7F7F,#FFFFBF,#7F0000,#003F3F,#003F00,#BF7F00,#3F7F00
213731,degas,250,136,0.39706,0.09388,#BF3F00,#FFBF7F,#000000,#FF7F7F,#BF3F3F,#BFFFBF,#7F7F7F,#3F0000,#FFFFFF,#FF3F00
213826,degas,250,294,0.39864,0.39541,#BF0000,#BF7F7F,#3F0000,#FFFFFF,#7F7F00,#3F3F7F,#000000,#3F3F3F,#FF7F00,#3F7FFF
213827,degas,250,268,0.39851,33.375,#FFBF7F,#FF7F3F,#BFBF7F,#FFFFFF,#3F3F00,#FFFF7F,#BF7F3F,#FFBFFF,#FFBF3F,#BFBFBF
9223372032559848621,degas,250,322,0.39876,0.24226,#BFBF3F,#003F00,#3F7F7F,#BF3F00,#3F0000,#7FBFBF,#3F7F00,#BF3F7F,#000000,#BFBFBF
213257,degas,250,213,0.39812,3.02857,#3F7F3F,#7FBF3F,#FFFFBF,#FF7F7F,#BF3F3F,#3F3F00,#7F3F7F,#FFFFFF,#3F0000,#BF7F00
213326,degas,250,247,0.39838,246.0,#BFBFBF,#3F3F3F,#FFFFFF,#7F7F7F,#FFBF7F,#FFBFFF,#3F0000,#7F7F3F,#BF3F3F,#FFBF3F
213365,degas,250,319,0.39875,0.19937,#7F7F3F,#BFBF7F,#3F3F00,#BF7F3F,#FFFFFF,#000000,#7F7FBF,#FF7FBF,#BF7F3F,#FFFF7F
213381,degas,250,177,0.39774,0.05437,#3F3F3F,#3F7F3F,#3F3F3F,#BFBF7F,#BF7F00,#000000,#7F3F00,#3FBF7F,#3F003F,#7FBFFF
213420,degas,250,581,0.39931,5.85859,#3F003F,#7F7F3F,#FFFFBF,#FF7F3F,#BF0000,#FF7F00,#BFBF7F,#3F3F00,#3F7F00,#7F7F3F
213426,degas,250,321,0.39875,1.11498,#7F7F3F,#7F0000,#BFFFBF,#BF7F7F,#7F3F7F,#3F3F00,#BF7F3F,#7FBFBF,#000000,#3F3F7F
213440,degas,250,215,0.39814,0.28307,#3F7F3F,#FFBF3F,#FF7F00,#7F3F00,#000000,#FFFFBF,#7FBFBF,#BF7F3F,#7FBF3F,#3F3F3F
213486,degas,250,324,0.39877,0.08394,#7F3F00,#000000,#3F3F00,#FFBF00,#FFBF7F,#FF3F00,#3F3F3F,#7F0000,#3F0000,#BF3F3F
213517,degas,250,324,0.39877,2.88393,#BFBF3F,#FFFF7F,#3F3F3F,#3F7F7F,#7FBFBF,#FFFFFF,#BF7FBF,#7F3F00,#3F003F,#BF7F7F
213587,degas,250,334,0.3988,0.03088,#BF7F7F,#003F00,#00003F,#7F3F3F,#3F3F3F,#3F3F00,#003F00,#3F3F7F,#BFBFFF,#7F3F00
213655,degas,250,185,0.39784,0.32451,#7F3F00,#7F003F,#BFBF3F,#3F003F,#BF3F7F,#FFBFBF,#BF0000,#000000,#7F3F7F,#FF7F3F
213657,degas,250,233,0.39828,0.05912,#7F7F7F,#3F3F00,#FFBF7F,#BF7F3F,#7F0000,#3F0000,#003F00,#FF3F00,#7F7F00,#BF7F00
213658,degas,250,170,0.39765,0.01912,#3F3F3F,#BFBFBF,#3F0000,#7F3F00,#7F0000,#BF7F3F,#000000,#7F7F7F,#FFFFBF,#3F0000
213660,degas,250,269,0.39851,0.18432,#3F7F3F,#FFBFBF,#003F00,#BF7F3F,#000000,#FFFF3F,#7F0000,#BF7F3F,#7F003F,#FFFFBF
213698,degas,250,362,0.3989,0.87198,#7F7F3F,#FFBF7F,#FF3F00,#000000,#FFFFBF,#BF3F00,#FFBF00,#FF7F3F,#7F3F00,#FFFFFF
213754,degas,250,201,0.39801,1.96078,#FFBF7F,#FFFFFF,#3F3F7F,#FFFFFF,#7FBFFF,#BF3F3F,#7F7F7F,#3F0000,#BFFFFF,#FFBFBF
213828,degas,250,183,0.39781,0.175,#7FBF3F,#003F00,#BFBFBF,#FFBF3F,#7F3F00,#3F3F3F,#FF7F00,#BF3F00,#FFBF3F,#003F00
213846,degas,250,106,0.39623,0.45455,#7F7FBF,#3F003F,#BF0000,#FFFF7F,#BF7F00,#7F7F7F,#00003F,#003F00,#3F003F,#3F7F3F
213879,degas,250,371,0.39892,0.06136,#00003F,#7F7F3F,#7F3F00,#003F00,#7F3F3F,#BF3F00,#3F003F,#003F00,#BF7F7F,#003F00
213508,degas,250,576,0.39931,0.10905,#3F3F00,#BF7F3F,#000000,#7F7F7F,#003F3F,#BF3F00,#FFFFBF,#007F7F,#7F3F00,#BFBFBF
213673,degas,250,172,0.4,0.06046,#FFFFFF,#3F0000,#BF7F7F,#3F3F3F,#7F3F7F,#BF7FBF,#000000,#3F003F,#7F3F00,#FFBFBF
213316,degas,250,593,0.39933,197.33333,#FFBFBF,#3F3F00,#7FBF7F,#3F003F,#BF7F00,#7F3F00,#BF7F7F,#3F7F7F,#00003F,#FFBF3F
213400,degas,250,187,0.39786,0.01968,#3F0000,#3F3F7F,#000000,#BFBF3F,#3F3F3F,#00003F,#7F7FBF,#FFBFBF,#BF3F3F,#003F7F
213264,degas,250,306,0.39869,1.91824,#FFBF7F,#BF7F3F,#BFBFFF,#3F0000,#BF7FBF,#7F3F00,#FFBF3F,#3F7F3F,#FFFFBF,#7FBF3F
213285,degas,250,235,0.3983,0.14225,#BF3F00,#FFFFBF,#3F3F00,#BFBFBF,#FFBF3F,#3F3F3F,#BFFFFF,#7F7F7F,#FF3F00,#000000
213306,degas,250,571,0.3993,0.0856,#3F7F00,#3F3F00,#7FBF7F,#BFBF7F,#007F3F,#BF7F3F,#7F0000,#00003F,#000000,#3F3F7F
213331,degas,250,573,0.3993,0.09891,#BFBF7F,#7F0000,#000000,#7F7F3F,#003F00,#7F7F00,#3F0000,#BF7F00,#7F7F7F,#007F3F
213332,degas,250,333,0.3988,0.02454,#003F3F,#003F3F,#7F3F3F,#3F0000,#3F7F00,#3F3F00,#3F0000,#7F3F00,#3F3F3F,#BF7F3F
213333,degas,250,162,0.39753,0.94152,#7F3F00,#BFFFBF,#BFBF3F,#003F3F,#000000,#7F7F7F,#3FBF7F,#FFBF3F,#7FBFBF,#FFFFFF
213462,degas,250,334,0.3988,0.23303,#BF7F7F,#7F3F00,#FFBF7F,#3F3F3F,#BF7F00,#FF7F3F,#000000,#3F7F3F,#FFFF7F,#3F7F7F
213494,degas,250,356,0.39888,0.09269,#3F3F00,#BF7F7F,#BF7F3F,#7F3F3F,#FFBF7F,#003F00,#3F7F3F,#000000,#7F3F3F,#BF3F00
213512,degas,250,250,0.3984,0.15931,#7F3F00,#FFFFBF,#FFBF7F,#000000,#7FBF00,#3F3F3F,#7FBFBF,#BF7F3F,#7FBF7F,#FFBF00
213639,degas,250,272,0.39853,0.0267,#3F3F00,#7FBF3F,#7F3F3F,#7F3F00,#BFBF7F,#3F0000,#7F0000,#FF7F00,#003F00,#BF3F00
213659,degas,250,168,0.39762,0.02076,#00003F,#BFBF7F,#7F003F,#3F003F,#7F7F3F,#7F3F3F,#003F3F,#3F003F,#FFBFBF,#3F003F
213703,degas,250,312,0.39872,0.05696,#3F003F,#BFBF3F,#FF3F00,#7F003F,#FFFFBF,#003F00,#BF7F3F,#3F003F,#3F3F3F,#3F7F3F
213824,degas,250,192,0.39792,0.12905,#3F3F3F,#BFBF7F,#003F00,#BF7F7F,#BFFFFF,#3F7FBF,#000000,#FF7F00,#7F3F3F,#7F3F3F
213866,degas,250,232,0.39828,0.1219,#00003F,#BFBF3F,#FFBFFF,#000000,#7F3F00,#BF7F7F,#7F3F00,#FFFF7F,#7F3F7F,#FFFFFF
213872,degas,250,379,0.4,0.13618,#FFFFBF,#FF7F00,#000000,#FFBF3F,#BF7F7F,#FFBFBF,#3F3F3F,#BFFFBF,#7F7FBF,#7F3F3F
213276,degas,250,198,0.39798,0.29894,#FF3F7F,#7F003F,#3F3F3F,#BFBFBF,#7F7F7F,#7F7F00,#000000,#FFBF3F,#FF3F00,#7F003F
213320,degas,250,210,0.3981,0.06193,#3F0000,#7F0000,#BF7F7F,#BF7F00,#003F3F,#FF7F7F,#BF0000,#000000,#7F7F00,#3F7F7F
213511,degas,250,350,0.39886,0.79318,#7F003F,#7F7F3F,#3F7F3F,#FFBFBF,#BF3F00,#000000,#BF3F7F,#FFBF3F,#7F7F7F,#7F3F3F
213513,degas,250,342,0.39883,1.82353,#7FBF3F,#7F0000,#BF3F00,#BFBF7F,#BF3F3F,#003F00,#7F3F00,#000000,#FF7F3F,#3F7F00
213518,degas,250,341,0.39883,0.17895,#FFBFBF,#3F3F00,#BF7F00,#FFBF7F,#FF7F00,#000000,#3F3F3F,#7F7FBF,#FF7F00,#7F7F3F
213519,degas,250,350,0.39886,0.08025,#3F7F00,#FF7F3F,#FFFFBF,#000000,#BF3F3F,#7F003F,#3F003F,#7F7F7F,#BFBF00,#FFBF7F
213574,degas,250,338,0.39882,0.18365,#003F00,#3F7F00,#FFBF3F,#7F003F,#003F00,#BF3F00,#3F003F,#BF7F7F,#3F7F7F,#FF7F00
213632,degas,250,330,0.39879,0.24298,#BFBFFF,#3F3F3F,#7F7F3F,#3F3F7F,#000000,#BFBFFF,#FFFFFF,#7F7FBF,#BFBF7F,#7F0000
213633,degas,250,309,0.39871,0.32871,#3F7F7F,#FFBFBF,#7F3F3F,#BF7F7F,#FFBF3F,#00003F,#7FBF3F,#7FBFBF,#3F3F00,#7F7F00
213764,degas,250,155,0.39742,0.65254,#3F3F3F,#FF7FBF,#3F3F00,#FFBF3F,#FFFFBF,#BF3F00,#000000,#7F7F3F,#BF3F7F,#7FBFBF
213816,degas,250,336,0.39881,0.15647,#3F3F3F,#FF7F00,#3F3F3F,#003F00,#BF3F3F,#FFFF7F,#BF7F3F,#7F3F00,#FFBF7F,#BF3F00
213871,degas,250,284,0.39859,0.04996,#7F7F3F,#000000,#FFBFBF,#7F3F00,#BF7FBF,#3F0000,#BF7F00,#FF7F7F,#3F7F7F,#003F3F
213263,degas,250,285,0.3986,0.02031,#3F0000,#FF3F00,#7F3F7F,#7F0000,#3F0000,#FF7F3F,#BF003F,#7F7F00,#BF7FBF,#3F3F3F
213342,degas,250,163,0.39755,0.04704,#7F3F00,#FFBF7F,#3F0000,#00003F,#BF3F3F,#3F3F7F,#00003F,#003F3F,#7F7F7F,#00003F
213441,degas,250,171,0.39766,0.05684,#BF7F00,#3F3F3F,#BFBFBF,#7F7F7F,#FFBFBF,#3F7F3F,#000000,#3F0000,#FFFFFF,#FFBF3F
213627,degas,250,324,0.39877,9.22857,#3F3F3F,#7FBF3F,#FFFFBF,#000000,#7F3F00,#BF3F3F,#3F7F7F,#7F7FBF,#3F3F3F,#FF7FBF
213700,degas,250,199,0.39799,0.94286,#7F7FBF,#FFFFFF,#3F3F3F,#BFBFBF,#00007F,#FFFFFF,#3F0000,#BF7F3F,#3F3FBF,#FFBFBF
213755,degas,250,605,0.39934,0.04513,#003F00,#3F003F,#BFBFBF,#3F7F00,#7F003F,#7F7F3F,#003F3F,#7F7FBF,#BF3F00,#3F3F7F
213830,degas,250,308,0.3987,1.535,#FFBFBF,#FF7F00,#3F0000,#FFBF3F,#7F7F3F,#FF7F00,#FFFF7F,#BF7F7F,#7F7F3F,#BF3F00
213831,degas,250,182,0.3978,0.03637,#7F003F,#7F7F7F,#3F0000,#3F3F00,#7F7F00,#BFBF7F,#3F3F00,#003F3F,#7F3F3F,#3F003F
213832,degas,250,240,0.39833,0.14018,#000000,#BF7F7F,#7F3F3F,#FF3F00,#BF7F00,#FFBF7F,#FFBFBF,#7F0000,#003F3F,#7F7F7F
213882,degas,250,183,0.39781,0.62759,#3F003F,#BFBFFF,#FFBF7F,#7F7F7F,#7F7FBF,#000000,#7FBF7F,#7F3F00,#BF7F3F,#FFFFFF
9223372032559833980,degas,250,326,0.39877,5.80357,#FFFFBF,#7F7F3F,#FFBF7F,#3F3F00,#7FBF7F,#BF7F3F,#FFFFFF,#7FFFBF,#FFBF7F,#7F3F00
213277,degas,250,194,0.39794,0.33333,#000000,#BF7F7F,#7F0000,#BFBFBF,#7F7F00,#7F0000,#3F007F,#FFBF3F,#7F7FBF,#FF3F00
213284,degas,250,263,0.39848,0.03868,#3F0000,#FF7F00,#FFBF7F,#7F3F3F,#FFFFBF,#FF7F7F,#7F3F00,#BF3F00,#7F7F3F,#000000
213350,degas,250,168,0.39762,0.41439,#FF7F00,#7F003F,#7F0000,#BF7F7F,#FFBF7F,#000000,#BF3F00,#FF3F00,#7F0000,#7F7F3F
213353,degas,250,312,0.39872,0.01569,#3F0000,#7F7F3F,#3F3F3F,#3F003F,#FFBF3F,#BF3F00,#3F3F00,#7FBF7F,#3F0000,#BF7F3F
213359,degas,250,270,0.39852,0.69689,#7F003F,#BF7F3F,#BF3F00,#BFBF7F,#000000,#FFFFFF,#3F3F3F,#003F3F,#7F7F3F,#7F7FBF
213398,degas,250,205,0.39805,0.06684,#000000,#7F7FBF,#BF7F3F,#7F003F,#BFBFFF,#003F3F,#FFBF7F,#7F7F00,#3F003F,#3F7F7F
213402,degas,250,195,0.39795,0.95567,#FF7F7F,#3F3F3F,#7F3F7F,#7FBFBF,#7F7F3F,#7F0000,#FFFF7F,#BF3F00,#FFBFFF,#000000
213431,degas,250,344,0.39884,0.37041,#7F3F7F,#BFBFBF,#7F7F7F,#000000,#FF7F3F,#7F3F00,#FFFF7F,#BF3F00,#FFFFFF,#FFBF3F
213501,degas,250,339,0.39882,0.0517,#BF3F00,#000000,#BFBF7F,#3F3F3F,#7F7F3F,#003F3F,#3F3F00,#7F3F3F,#7F3F00,#3F7F00
213502,degas,250,297,0.39865,0.03078,#BF3F00,#3F0000,#7F7F3F,#3F0000,#FFBF3F,#3F3F00,#BF3F00,#BFBFBF,#000000,#3F3F00
213580,degas,250,260,0.39846,0.0166,#3F3F3F,#3F3F3F,#BF7F00,#BFBF7F,#3F3F3F,#BF3F00,#3F0000,#7F7F7F,#FF7F3F,#FF3F00
213641,degas,250,159,0.39748,0.10161,#FF7F3F,#BF7FBF,#7F3F3F,#003F00,#00003F,#7F7F7F,#BF7F3F,#FFBFFF,#3F7FBF,#3F003F
213656,degas,250,202,0.39802,2.75342,#BF3F00,#FFBF7F,#3F3F00,#FFFF7F,#FF7F00,#7F7F3F,#FFBF00,#3F3F00,#FFFFBF,#FFFF00
213701,degas,250,321,0.39875,0.08794,#000000,#BF7F3F,#3F003F,#FFFFFF,#7F3F7F,#7F0000,#FFFF7F,#7F7FBF,#BF3F00,#FFBFBF
213780,degas,250,263,0.39848,15.41176,#BFBF3F,#FFBFBF,#7F3F00,#3F0000,#FF3F3F,#FFFFBF,#FFBF3F,#FF3F00,#BF003F,#FFFF3F
213806,degas,250,157,0.39745,0.04097,#FFFFFF,#BF3F00,#3F0000,#FFFF7F,#3F3F00,#FF7FBF,#FF7F3F,#000000,#7F7F7F,#FFBFFF
213843,degas,250,202,0.39802,67.0,#FFBF3F,#3F0000,#FFFFBF,#FF7F3F,#BF7F7F,#FFFFBF,#BF7F00,#7F3F00,#FFFFFF,#3F7F3F
213844,degas,250,250,0.3984,0.2075,#BFBF7F,#3F3F00,#BFBFBF,#FFBF3F,#7F7FBF,#7F3F00,#BF7F7F,#000000,#7F7F7F,#BF7F00
213271,degas,250,204,0.39804,0.43376,#FF7F00,#FFFFFF,#000000,#BFBFBF,#7F7F7F,#7F3F00,#FFFFFF,#FFBF7F,#3F0000,#FFFF7F
213269,degas,250,325,0.39877,0.12099,#FF3F3F,#3F3F00,#FFBF7F,#003F00,#7F0000,#FF3F00,#7F3F3F,#FFBF7F,#FF7F3F,#3F3F00
213270,degas,250,207,0.39807,0.08505,#BF7FBF,#3F0000,#3F7FBF,#3F3F00,#BFFFFF,#BF7F3F,#7F3F00,#3F3F00,#BFBF7F,#3F3F7F
213361,degas,250,166,0.39759,0.05438,#BFBFBF,#3F003F,#FFFFBF,#7F7F7F,#3F0000,#3F0000,#FFFFFF,#3F7F3F,#FFBF3F,#BF3F00
213366,degas,250,168,0.39762,0.32617,#BF7F7F,#3F3F00,#FF3F3F,#FFFFBF,#3F0000,#FFBF7F,#7F3F3F,#BF0000,#FFBF00,#FF7F00
213384,degas,250,200,0.398,0.14194,#7F7F7F,#FFBF3F,#3F3F00,#BFBF7F,#BFBFBF,#3F3F00,#FFFFBF,#000000,#BF7F00,#BF7F3F
213583,degas,250,177,0.39774,0.08244,#7F3F00,#BFBF7F,#BF3F7F,#00003F,#3F003F,#3F7F7F,#FFBFFF,#3F3F00,#3F3F7F,#BFBF3F
213776,degas,250,227,0.39824,0.0837,#3F3F3F,#BF7F7F,#000000,#BF3F3F,#7F7F7F,#7F0000,#BF3F00,#FFBF00,#3F0000,#7F3F3F
213800,degas,250,343,0.39883,0.37053,#FFBF3F,#000000,#FFFF7F,#7F3F00,#BFBF7F,#7F3F00,#FF7F7F,#BF7F7F,#FF3F00,#7F7F7F
213369,degas,250,314,0.39873,0.01257,#00003F,#7F0000,#3F003F,#BFBF7F,#3F003F,#3F003F,#BF3F3F,#3F3F3F,#3F3F00,#003F3F
213492,degas,250,334,0.3988,0.09547,#7F0000,#7F3F7F,#000000,#FFFFBF,#FF7F00,#7F7F00,#000000,#7F7F7F,#FF7F7F,#3F3F3F
213787,degas,250,205,0.39805,0.07751,#FFFFBF,#3F0000,#BFFF7F,#000000,#7F7F3F,#FF7F7F,#BF3F00,#3F7F3F,#3F0000,#FFBF7F
213278,degas,250,283,0.39859,0.05742,#BF3F3F,#00003F,#7F7F7F,#000000,#FFFFFF,#FF7F00,#3F7F3F,#3F0000,#FFBF7F,#7F003F
213293,degas,250,307,0.3987,0.07135,#3F0000,#BF7F7F,#7F3F3F,#3F003F,#7F3F00,#3F007F,#000000,#BFBFBF,#7F7FBF,#3F0000
213321,degas,250,365,0.3989,0.08123,#7F3F00,#000000,#BFBFBF,#000000,#FF7F00,#3F7F00,#3F003F,#3F7F7F,#FF7F7F,#7F7F7F
213341,degas,250,218,0.39817,0.20549,#FFBF7F,#3F3F3F,#BF3F3F,#FFBFBF,#3F003F,#BF3F3F,#000000,#FFBF00,#7F7F7F,#BFBF00
213403,degas,250,201,0.39801,0.03384,#3F0000,#7FBF7F,#3F7F00,#000000,#7F0000,#BFBF7F,#BF7F3F,#3F3F7F,#003F3F,#003F00
213484,degas,250,195,0.39795,0.00994,#003F00,#3F0000,#BF7F00,#000000,#003F00,#3F003F,#BF7F7F,#BF3F00,#7F7F3F,#BF3F00
213489,degas,250,199,0.39799,0.0387,#7F7F00,#3F0000,#BFBFBF,#7F0000,#7FBF3F,#7F3F7F,#000000,#FFBF3F,#000000,#3F3F3F
213515,degas,250,303,0.39868,0.15222,#FFBFBF,#7F0000,#7F7F3F,#000000,#3F0000,#BF7F3F,#BF3F00,#7F3F00,#BF3F00,#3F3F00
213585,degas,250,166,0.39759,1.1,#FFBFBF,#BF0000,#FFBF7F,#7F7F00,#3F0000,#3F003F,#7F7F7F,#FF7F00,#FF3F7F,#7F3F00
213636,degas,250,313,0.39872,0.07122,#3F3F3F,#BF7F3F,#003F00,#FFBF3F,#BF3F00,#7F0000,#3F003F,#7F3F00,#3F3F3F,#3F7F3F
213640,degas,250,339,0.39882,0.02896,#3F3F00,#BF7F3F,#BF7F3F,#003F3F,#7F3F00,#003F3F,#3F0000,#3F7F3F,#7F3F00,#BFBFBF
213723,degas,250,206,0.39806,0.02075,#3F3F00,#FFFFFF,#3F3F00,#7F3F7F,#3F003F,#7F7F00,#BF7FBF,#BFFFBF,#FFFFFF,#7F3F00
213765,degas,250,150,0.39733,0.08933,#BFBF7F,#000000,#FFFFBF,#003F7F,#FFBF00,#3F0000,#3F7FBF,#BF3F00,#7FBFFF,#3F7F3F
213772,degas,250,165,0.39758,0.33884,#BFBFBF,#7F7F3F,#3F3F3F,#003F7F,#00003F,#3F7F7F,#BF7F7F,#3F0000,#00003F,#BF7F00
213786,degas,250,188,0.39787,0.39203,#7F7F7F,#000000,#BF7F00,#BF0000,#3F003F,#FF7F3F,#3F3F3F,#FF3F00,#FFBF7F,#3F0000
213812,degas,250,303,0.39868,0.069,#003F00,#7F7F7F,#3F3F3F,#7F003F,#BFBF7F,#7F3F00,#7F3F3F,#3F0000,#3F003F,#7F3F00
213813,degas,250,214,0.39813,0.07476,#FFFFFF,#7F3F00,#7F7F7F,#000000,#FFBF7F,#3F3F00,#3F3F3F,#000000,#FF7F3F,#BF7F00
213818,degas,250,314,0.39873,0.04059,#BF7F00,#3F7F00,#000000,#7F0000,#BFBF7F,#BF3F00,#7F3F7F,#3F0000,#BF3F3F,#3F3F3F
213835,degas,250,331,0.39879,12.22222,#FFBF7F,#7F3F3F,#FFFFBF,#FF7F3F,#3F0000,#BF7F00,#BFBF7F,#FFBFBF,#7F7F7F,#003F3F
213838,degas,250,197,0.39797,1.225,#7F3F00,#7F7F7F,#7F3F00,#FF7F3F,#3F003F,#3F3F00,#FF3F00,#BFBFBF,#BF3F00,#000000
213839,degas,250,241,0.39834,0.06723,#BFBFBF,#3F3F3F,#FF3F00,#3F0000,#BF7F3F,#3F0000,#7F3F7F,#BF3F00,#7F3F00,#FFBF7F
213856,degas,250,208,0.39808,0.29699,#7F7F7F,#FFFF3F,#3F0000,#7F7FBF,#FFFFBF,#FF7F3F,#3F7F3F,#BF7F00,#000000,#BFBFBF
213874,degas,250,197,0.39797,0.06357,#000000,#3F7F7F,#BFFFBF,#3F3F00,#7F7FBF,#BF3F00,#7FBF3F,#FFBF3F,#7F7F00,#7F7F00
213311,degas,250,234,0.39829,0.07101,#7F7F3F,#003F00,#BF7F3F,#BF0000,#BF7F3F,#7F003F,#3F3F00,#3F003F,#3F7F3F,#3F3F00
213404,degas,250,267,0.3985,0.67342,#BF7F7F,#FFFFBF,#000000,#BFBFBF,#FF7F00,#7F3F00,#FFBF3F,#3F0000,#FFFFFF,#3F3F7F
213405,degas,250,248,0.39839,0.48911,#FF7F3F,#BFBFBF,#7F003F,#FFFFFF,#7F7F7F,#3F3F00,#FFBF7F,#FFBF3F,#BF7F00,#000000
213408,degas,250,183,0.39781,0.04443,#003F00,#3F7F3F,#BF3F00,#003F00,#BF7F7F,#BF7F7F,#7F0000,#00003F,#7F003F,#3F003F
213642,degas,250,187,0.39786,0.05229,#FFBF3F,#003F00,#7F7F3F,#BFBFBF,#000000,#7F3F00,#3F3F7F,#BF7F00,#FFFF7F,#7F7FBF
213644,degas,250,374,0.39893,1.51012,#FFFFFF,#BFBF7F,#7F3F3F,#FFBFFF,#7F7F3F,#FFBF3F,#FFBFBF,#7F7FBF,#FF7F3F,#00003F
213645,degas,250,259,0.39846,0.11765,#FFBF3F,#00007F,#000000,#7F7FBF,#FFBFBF,#003F00,#7F7F00,#7F0000,#BF7F7F,#3F3F7F
213646,degas,250,323,0.39876,0.17128,#7F003F,#BFBF00,#FFFFBF,#3F3F00,#7F7F7F,#7F3F7F,#3F7F00,#BF3F00,#BFBF7F,#000000
213650,degas,250,249,0.39839,0.09018,#BF3F00,#FFFFFF,#003F00,#FFBF3F,#3F3F00,#FF7F3F,#000000,#7F7F7F,#FF0000,#FFFF7F
213762,degas,250,201,0.39801,0.1084,#BF7F7F,#003F00,#7F7F00,#00003F,#BFBFBF,#3F3F00,#FFFF7F,#FF7F00,#7F3F00,#FFBF7F
213782,degas,250,199,0.39799,1.45588,#FFBF3F,#7F7F00,#BFBFFF,#BF7F7F,#000000,#7F7F3F,#7F0000,#FFFFBF,#BFFF3F,#FF7F00
213792,degas,250,282,0.39858,0.09414,#3F0000,#003FBF,#003F3F,#7F7F7F,#7F3F3F,#003F7F,#007F7F,#000000,#BFBFBF,#3F7F00
213793,degas,250,139,0.39712,0.05547,#7F7F3F,#000000,#BFBF3F,#7F0000,#BF3F00,#FF3F00,#003F3F,#7F003F,#3F7FBF,#FFBF7F
213819,degas,250,287,0.39861,0.715,#7F0000,#7F7F7F,#FFBFFF,#BF7F00,#000000,#7F3F3F,#7F7F00,#FF7F7F,#BFBFBF,#003F7F
213339,degas,250,241,0.39834,0.10336,#BFFF7F,#3F3F00,#003FBF,#7F7F3F,#3FBFFF,#3FBFBF,#7FBF3F,#3F003F,#003F3F,#000000
213643,degas,250,201,0.39801,0.6689,#BF7F3F,#3F0000,#FFFFFF,#BF7F00,#FF7F00,#BFBF7F,#7F7FBF,#BFBFFF,#3F7F3F,#000000
213763,degas,250,242,0.39835,0.25638,#FFBF7F,#FF7F7F,#BF3F3F,#000000,#BFBFBF,#3F3F7F,#FFFFFF,#3F7FFF,#7F7F7F,#3F0000
213282,degas,250,210,0.3981,0.21748,#FF7F3F,#7F3F00,#7F3F7F,#BFBFBF,#FF7F00,#3F0000,#FFFFBF,#7F7F00,#3F3F3F,#7F7F3F
213314,degas,250,250,0.3984,0.06079,#3F7F7F,#3F3F00,#BF7F7F,#7F0000,#00003F,#000000,#FFBFBF,#BF7F3F,#3F3F00,#3F3F00
213315,degas,250,219,0.39817,1.81667,#3F0000,#BFFFFF,#BF7F3F,#3F7FBF,#7FBF7F,#3F7F3F,#FF7FBF,#FFFFFF,#FFFF7F,#7FBFFF
213351,degas,250,262,0.39847,0.27855,#FF7F00,#3F0000,#FFBFBF,#7F0000,#3F3F3F,#7F7F3F,#FFFFBF,#7F7FBF,#FF7F7F,#7F7F00
213396,degas,250,181,0.39779,1.875,#FFFF7F,#7F3F3F,#FFBF3F,#FFBF00,#3F0000,#FFBFBF,#000000,#BF7F7F,#FF7F7F,#FF3F00
213409,degas,250,191,0.39791,0.09095,#BF7F00,#003F00,#FFBFBF,#7F0000,#3F3F3F,#FF7F00,#7F7F7F,#000000,#FFBF7F,#00003F
213410,degas,250,175,0.39771,0.3,#7F7FBF,#BF3F00,#3F003F,#FFBF00,#FFBF7F,#3F0000,#000000,#FF3F00,#BF7F7F,#3F7F3F
213411,degas,250,199,0.39799,0.15878,#3F7F7F,#7F0000,#BFBFBF,#7F003F,#BF3F00,#000000,#BF7F3F,#003F3F,#7F7F00,#3F7FBF
213463,degas,250,297,0.39865,0.06918,#7F0000,#FFBF3F,#003F3F,#FFFFBF,#7F7F7F,#7F7F00,#000000,#BFBF7F,#00003F,#BF7F00
213504,degas,250,318,0.39874,0.13741,#7FBF7F,#003F00,#7F0000,#FFBF7F,#3F7F3F,#003F00,#FFFFFF,#7FBFFF,#BF3F00,#BF7F3F
213584,degas,250,169,0.39763,0.23366,#FFFFBF,#7F3F00,#BF7F7F,#BF7F00,#000000,#FF7F7F,#7F3F7F,#FFBF3F,#FFBFBF,#FF7F00
213624,degas,250,296,0.39865,0.01737,#BFBFBF,#003F3F,#3F003F,#7F7F7F,#3F3F3F,#7F3F00,#3F3F3F,#BF3F3F,#3F0000,#3F3F3F
213758,degas,250,354,0.39887,0.06404,#7F7F7F,#000000,#FF7F00,#7F0000,#FFBF3F,#7F7F3F,#003F3F,#BF003F,#FFBFBF,#FF3F3F
213775,degas,250,197,0.39797,0.03056,#3F0000,#7F7F00,#3F003F,#BF7F7F,#FF7F00,#3F0000,#003F3F,#FFBF7F,#BF003F,#3F3F7F
213779,degas,250,329,0.39878,0.04047,#3F3F00,#FFBF7F,#3F7F00,#3F0000,#00003F,#3F7F7F,#BF3F3F,#7F0000,#7FBF7F,#3F0000
213820,degas,250,327,0.39878,0.04394,#000000,#BFBF7F,#FFBF3F,#7F0000,#7F7F00,#7F7F3F,#FFFFFF,#FF3F00,#000000,#FFBFBF
213821,degas,250,235,0.3983,0.03035,#000000,#BFBF3F,#3F3F00,#003F3F,#FFFFBF,#3F0000,#3F003F,#7F7F7F,#BF7F00,#FFBF7F
213395,degas,250,218,0.39817,0.14574,#00003F,#7FBF3F,#BF3F3F,#BFFF3F,#003F3F,#FF7F7F,#FFFF3F,#7F0000,#FFBF00,#3F7F3F
213412,degas,250,299,0.39866,0.10493,#FFBF7F,#3F7F3F,#7FBF7F,#000000,#3F0000,#FF7F3F,#7F0000,#BF7F00,#FFFFFF,#7F3F7F
213433,degas,250,330,0.39879,0.0628,#3F3F3F,#FF7F3F,#7FBF00,#BF3F3F,#7FBF7F,#000000,#FFBF7F,#3F7F3F,#3F003F,#BFFF7F
213475,degas,250,146,0.39726,0.05677,#BF7F7F,#000000,#BFBF7F,#7F3F3F,#00003F,#7FBFBF,#3F7F7F,#FFBF7F,#FFBF3F,#BF7F00
213629,degas,250,185,0.39784,0.1036,#003F00,#7F3F3F,#FF7F00,#7F0000,#3F7F3F,#FF3F00,#FF7F7F,#3F003F,#FF7F00,#003F00
213766,degas,250,235,0.3983,0.23307,#7F7F7F,#FFBFBF,#000000,#7F7F00,#BF7F3F,#003F3F,#FFBF00,#7FBFBF,#7F0000,#3F3F7F
213794,degas,250,196,0.39796,0.1221,#007F3F,#BF7F7F,#7F7F7F,#000000,#7F0000,#3F7F00,#00007F,#BFBF00,#000000,#BF3F00
213370,degas,250,189,0.39788,0.04312,#FFBFBF,#7F3F00,#FFFF00,#000000,#7F3F3F,#FFFFFF,#7F7F00,#FF7F7F,#003F00,#FF7F00
213464,degas,250,164,0.39756,0.0634,#FFBF3F,#7F0000,#BF7F3F,#003F00,#3F7F3F,#003F3F,#7FBF7F,#3F7F3F,#FFBFBF,#003F00
213572,degas,250,133,0.39699,0.1997,#7F3F00,#FFBF3F,#FF7F00,#FFFFBF,#000000,#7F7F3F,#FFBF3F,#7F7F00,#FFBFBF,#BFBFBF
213801,degas,250,205,0.39805,0.20669,#7F7F3F,#000000,#7F3F00,#3F7FBF,#7F003F,#BF7F7F,#003F7F,#BF3F00,#3F3F3F,#000000
213804,degas,250,314,0.39873,0.25997,#FFBF3F,#3F7F3F,#BF7F3F,#3F0000,#BF3F00,#BFBF7F,#FFFF7F,#3F0000,#000000,#FF3F00
213283,degas,250,213,0.39812,0.25759,#7F3F00,#FFBFBF,#BF3F3F,#BFBF7F,#FF7F00,#000000,#BF3F00,#FFBF3F,#3F7F7F,#003F3F
213325,degas,250,219,0.39817,0.91983,#BF7F00,#3F3F3F,#FFFFBF,#FFFFFF,#3F3F00,#7F7F7F,#3F0000,#BF3F00,#FFBF7F,#BF7F7F
213465,degas,250,210,0.3981,0.27573,#FF3F00,#003F00,#7F003F,#BF0000,#7F7F3F,#3F3F00,#003F00,#FFBF3F,#7F7F3F,#FFBF3F
213774,degas,250,216,0.39815,0.06048,#BFBFFF,#7F3F3F,#000000,#3F7F7F,#BFBF7F,#000000,#BF7F00,#3F3F00,#7F003F,#BF3F7F
213280,degas,250,275,0.39855,0.16646,#003F00,#7F3F3F,#BF7F7F,#FF3F00,#3F0000,#FF7F3F,#3F0000,#FFFF3F,#BF0000,#BF7F00
213428,degas,250,177,0.39774,0.19577,#7F7F7F,#7F3F3F,#FFBF7F,#000000,#7F3F00,#7F7FBF,#BF3F00,#3F7F3F,#003F3F,#BFBF00
213773,degas,250,188,0.39787,8.13043,#00003F,#BF7F3F,#BFFF7F,#3F7F7F,#BFBFBF,#BFBFFF,#FFFFBF,#FFFF3F,#3F7FBF,#FFFFFF
213265,degas,250,208,0.39808,0.99519,#FF7F00,#7F0000,#BFBFBF,#3F3F00,#7F7F3F,#7F7F7F,#BF7F00,#000000,#FF3F00,#FFBF7F
213266,degas,250,225,0.39822,1.00901,#3F3F00,#BF7F00,#FFFF7F,#7F3F00,#FFBF7F,#BF0000,#3F3F00,#FF3F00,#BF7F7F,#FFBF00
213413,degas,250,187,0.39786,0.16533,#3F7F3F,#BF7F00,#003F00,#BF0000,#7FBF7F,#000000,#FF0000,#7F0000,#3F7F00,#BFBF00
213424,degas,250,553,0.39928,0.1114,#000000,#BF7F7F,#3F7F00,#7F0000,#FFBFBF,#000000,#3F3F3F,#BF7F00,#3F3F7F,#BFBF7F
213473,degas,250,334,0.3988,0.08752,#7F7FBF,#7F7F00,#000000,#BFFFBF,#BFBFBF,#000000,#7F7F3F,#007F3F,#7F0000,#7F3F7F
213526,degas,250,246,0.39837,0.05502,#3F7F00,#BFBFBF,#000000,#7F7F7F,#BF7F3F,#3F0000,#BF3F00,#FF7F3F,#7F3F3F,#7F003F
213534,degas,250,218,0.39817,0.16194,#7F3F7F,#3F3F3F,#000000,#7F7F00,#FFBF7F,#7F3F00,#00003F,#7FBF7F,#FFBF00,#FF3F3F
213798,degas,250,310,0.39871,0.19607,#BF7F00,#3F0000,#7F3F3F,#000000,#BF7F7F,#003F3F,#3F7F3F,#FF7F00,#3F003F,#BF0000
213823,degas,250,253,0.39842,0.38591,#000000,#FFBF7F,#FF7F3F,#7F7F7F,#BF7F3F,#7F7F3F,#FFFFFF,#FFBF00,#7F3F00,#BFBFBF
213767,degas,250,195,0.39795,0.05463,#003F00,#BF3F00,#7F3F7F,#00003F,#3F3F3F,#7F3F00,#3F003F,#BF7F7F,#3F7F3F,#000000
213840,degas,250,199,0.39799,0.21639,#FFBF7F,#3F7F7F,#003F00,#FFFFFF,#FFBF7F,#000000,#7F0000,#7FBF7F,#7F3F00,#BF3F3F
213267,degas,250,187,0.39786,0.05977,#3F7F3F,#FFBF7F,#000000,#BF7F00,#FFBF3F,#000000,#7F0000,#FF3F3F,#7F7F7F,#BF7F7F
213279,degas,250,183,0.39781,0.17602,#3F7F3F,#BFBFBF,#7F0000,#000000,#FFBFBF,#BFBF3F,#BF3F00,#003F3F,#BF3F7F,#7F003F
213302,degas,250,201,0.39801,0.07767,#7F3F3F,#3F0000,#003F3F,#BF7FBF,#3F3F7F,#7F3F00,#3F003F,#BF3F00,#3F3F00,#FF7F00
213474,degas,250,198,0.39798,0.39243,#BFBF00,#000000,#FFBF7F,#BF3F00,#3F3F7F,#FFFFBF,#3F3F00,#7FBFBF,#7F7F3F,#7F003F
213797,degas,250,303,0.39868,0.06147,#7F3F00,#FFBF3F,#FFFFFF,#003F00,#7F7F3F,#FF7F00,#000000,#3F3F7F,#FFFF3F,#7FBFBF
213865,degas,250,292,0.39863,0.18594,#7F7F00,#003F00,#BFFFFF,#3F3F7F,#FFBF7F,#3F3F00,#FF7F00,#7F3F00,#7F7F7F,#3F7F3F
9223372032559882189,degas,250,335,0.39881,0.04765,#3F7F3F,#000000,#7F7F7F,#000000,#FFBFBF,#7F0000,#003F00,#7F3F00,#BF7F00,#FFBF3F
213551,degas,250,194,0.39794,0.03251,#BF7F7F,#3F0000,#BFBFBF,#3F3F3F,#7F0000,#FF7F3F,#000000,#3F3F3F,#BF3F3F,#FFBFFF
213569,degas,250,106,0.39623,0.03322,#3F0000,#7F7F7F,#7F7F3F,#7F0000,#7F7F7F,#003F3F,#FFFFBF,#3F0000,#BF7F7F,#BF0000
213674,degas,250,204,0.4,0.11184,#3F003F,#FFFFFF,#7F3F3F,#7F3F00,#BF7F7F,#000000,#BF3F3F,#FFBFBF,#3F003F,#3F003F
213677,degas,250,457,0.39912,10.13333,#FFFF7F,#7F3F00,#BF7F3F,#FFFFFF,#003F00,#FFFFFF,#BFBFBF,#7F7FBF,#3F7F7F,#BFFFFF
213789,degas,250,374,0.39893,0.12388,#7FBF00,#00003F,#003F3F,#FFBF7F,#3F3F00,#3F3F3F,#003F3F,#BF3F3F,#7FBF7F,#FFFF3F
213825,degas,250,402,0.399,1.61694,#3F0000,#7FBF7F,#BF3F00,#FFBFBF,#3F3F00,#FFFFBF,#FF3F3F,#7F3F3F,#7FBF3F,#FFBF3F
213876,degas,250,170,0.39765,0.1625,#000000,#BF7FBF,#3F7F3F,#FFFFFF,#3F3F00,#7F7F3F,#FFFF7F,#FFBF3F,#BF7F00,#3F003F
