251124,sorolla,250,175,0.39771,0.04839,#003F00,#FFBF3F,#BF0000,#FFFF7F,#3F0000,#3F0000,#FF7F00,#7F7F00,#7F003F,#7F3F3F
251108,sorolla,250,452,0.39912,0.53059,#BF7F7F,#7F3F3F,#FFFFBF,#000000,#FF7FBF,#BFBF3F,#3F3F00,#FFBF3F,#BF3F7F,#BF3F00
9223372032559865553,sorolla,250,372,0.39892,0.05625,#FFBF7F,#000000,#7F7F3F,#FFFFFF,#7FBFBF,#3F3F3F,#BFFFFF,#3F003F,#7F3F7F,#7F3F00
251106,sorolla,250,203,0.39803,0.00864,#3F0000,#BFBF7F,#BF7F00,#FFFFFF,#7F3F00,#000000,#FFFFBF,#3F0000,#FFBF3F,#3F3F3F
251163,sorolla,250,382,0.4,0.16544,#3F003F,#FFFFFF,#BF7F00,#000000,#7F7F7F,#BFBF3F,#7F3F3F,#3F7F3F,#3F0000,#BFBFBF
251145,sorolla,250,332,0.3988,0.10422,#7F3F3F,#FFFFFF,#000000,#3F0000,#BFBF3F,#7F3F00,#BFBFBF,#FFBF7F,#FF3F00,#FF3F3F
251207,sorolla,250,194,0.39794,0.01752,#000000,#BFFF7F,#3F3F3F,#7F7F00,#BF7F7F,#3F0000,#FFFF7F,#FFBF00,#BF3F00,#3F0000
251215,sorolla,250,347,0.4,347.0,#BF7F3F,#3F003F,#FFFFFF,#7F7F7F,#FFFFBF,#003F00,#000000,#BFBFBF,#7F7F00,#007F7F
251314,sorolla,250,474,0.39916,0.09215,#FFBF7F,#00003F,#7F7F7F,#FFFFFF,#FFFFFF,#003F3F,#3F0000,#BFBF3F,#7F3F00,#7FBFBF
251080,sorolla,250,181,0.39779,0.17857,#7FBF3F,#3F7F3F,#3F0000,#BF3F00,#FFBF3F,#BF7F7F,#3F0000,#FFFFBF,#7F0000,#3F0000
251090,sorolla,250,185,0.39784,0.25309,#FFFF7F,#3F3F00,#FFFFBF,#FFFF7F,#BFBF3F,#000000,#3F7F3F,#BFBF7F,#7F7F3F,#FFFF7F
251094,sorolla,250,164,0.39756,0.01236,#FF7F3F,#3F3F00,#7F3F3F,#FFBF00,#3F0000,#BF3F00,#FFFF3F,#BFBF7F,#3F3F00,#7F3F00
251122,sorolla,250,520,0.39923,0.01189,#000000,#BF7F7F,#3F3F3F,#FFBF7F,#FF7F00,#3F0000,#BF3F3F,#FFFFFF,#7F003F,#3F7F3F
251185,sorolla,250,318,0.39874,0.28507,#FF7F00,#7F003F,#BFBF7F,#003F00,#000000,#3F3F00,#7F7F3F,#7F003F,#FFFF7F,#BF3F00
251269,sorolla,250,592,0.4,0.07969,#BF7F00,#FFBF7F,#3F0000,#7FBF7F,#FFBF00,#000000,#7F3F7F,#3F7F3F,#FFFFFF,#FF7F3F
251357,sorolla,250,152,0.39737,0.03374,#3F3F3F,#FFBFBF,#00003F,#7F7F7F,#FFFFFF,#FFFFBF,#000000,#BF7F00,#7F3F3F,#FFBF3F
251206,sorolla,250,366,0.39891,0.03348,#7F7F7F,#3F0000,#FFFFFF,#003F3F,#FFBF7F,#7F3F3F,#FF7F3F,#BF3F00,#3F0000,#3F3F3F
251309,sorolla,250,348,0.4,0.50877,#000000,#BF3F3F,#FFFFFF,#3F3F3F,#BFBF3F,#00003F,#FFBF7F,#7F003F,#7F7FBF,#3F7F7F
251102,sorolla,250,297,0.39865,0.01712,#3F003F,#BF7F3F,#FFFFBF,#3F0000,#7F0000,#003F00,#7F3F3F,#FFBF7F,#BFBFBF,#3F0000
251250,sorolla,250,385,0.39896,0.0481,#7F0000,#BFBFBF,#FFFF7F,#000000,#7F7F3F,#BF3F00,#3F7F3F,#000000,#FFBF3F,#FFFFFF
251257,sorolla,250,326,0.4,0.15568,#FFBFBF,#3F3F00,#BF7F3F,#3F7F7F,#7F3F00,#7F7FBF,#000000,#FFFFFF,#003F00,#BFBF7F
251137,sorolla,250,367,0.39891,0.02276,#000000,#BF7F00,#7F003F,#FFFFBF,#3F0000,#003F00,#3F3F3F,#BFBF3F,#3F7F00,#BF0000
251183,sorolla,250,347,0.4,0.01772,#BF7F3F,#000000,#FFFFFF,#003F3F,#FFBFBF,#BFBF7F,#3F7F3F,#3F0000,#7F3F00,#3F3F00
251330,sorolla,250,345,0.4,0.02809,#BF7F3F,#000000,#FFFFFF,#003F3F,#3F7F3F,#3F3F00,#BF7F7F,#7F3F00,#FFFF7F,#7F3F00
251109,sorolla,250,151,0.39735,0.00927,#3F0000,#7F7F3F,#FFFFBF,#003F3F,#3F3F3F,#BF3F00,#BF7F3F,#7F3F00,#FFBF7F,#FFFFBF
251114,sorolla,250,199,0.39799,0.01669,#3F0000,#BF3F00,#FFFFBF,#000000,#3F0000,#FFBF00,#BF0000,#FFBF7F,#3F3F00,#BF7F00
251125,sorolla,250,390,0.39897,0.04122,#7F7F00,#BFBFBF,#000000,#000000,#BF7F3F,#3FBFBF,#7F0000,#FFFFBF,#FFBF3F,#3F7F7F
251127,sorolla,250,303,0.39868,0.10962,#7F3F3F,#000000,#FF7F3F,#BF3F3F,#FF7F3F,#3F003F,#BFBF7F,#BF003F,#FFFF7F,#3F003F
251193,sorolla,250,354,0.4,0.35435,#7F7F7F,#BFBFBF,#003F3F,#BF7F7F,#7F7F00,#FFFFFF,#000000,#BFBFFF,#7F0000,#7F7FFF
251277,sorolla,250,341,0.39883,0.01973,#003F3F,#FFFFFF,#000000,#FFFFFF,#7F7F00,#BF7F7F,#3F7F7F,#FFBF7F,#7F0000,#003F3F
251315,sorolla,250,351,0.4,0.11935,#7F3F7F,#FFBFFF,#BF7FBF,#3F0000,#7FBFFF,#000000,#FFFFFF,#BFBF3F,#7F7FFF,#7F3F00
251065,sorolla,250,331,0.39879,0.00992,#3F003F,#FFFF7F,#3F0000,#3F7F00,#BF7F7F,#3F0000,#00003F,#7F0000,#3F7F7F,#BF7F00
251152,sorolla,250,325,0.39877,0.0326,#FF7F3F,#3F3F3F,#FFBF7F,#7F3F3F,#7F3F00,#3F3F3F,#FF7F7F,#7F7F3F,#FFFFFF,#003F00
251155,sorolla,250,361,0.4,0.01858,#BF7F7F,#000000,#FFFFFF,#00003F,#FFFFFF,#7F7F00,#3F7F7F,#3F3F00,#FFBF7F,#003F00
251272,sorolla,250,387,0.39897,0.04637,#7FBFBF,#3F0000,#BFFFFF,#FFBF7F,#000000,#7F3F3F,#BFBFBF,#BFFFFF,#FFFFFF,#7FBF3F
251279,sorolla,250,349,0.4,1.18305,#3F7F00,#FFFFFF,#7F7F3F,#000000,#FFBFBF,#7F0000,#BF7F00,#3F7F7F,#FFFFBF,#FFBF3F
251334,sorolla,250,352,0.39886,0.02039,#BFBF7F,#000000,#7F3F00,#3F0000,#003F3F,#FFFFFF,#BF7F3F,#BFFFFF,#7FBFBF,#3F7F7F
251348,sorolla,250,369,0.4,6.47368,#000000,#FFFFFF,#3F3F00,#FFBF3F,#FFBF7F,#BF7F3F,#7FBF7F,#003F3F,#3F3F7F,#003F3F
251378,sorolla,250,314,0.39873,0.01145,#3F0000,#FF7F3F,#000000,#003F3F,#FFBFBF,#BF7FBF,#7F7F3F,#00003F,#3F0000,#7F3F3F
251411,sorolla,250,328,0.39878,0.01574,#3F3F00,#BFFFFF,#FF7F3F,#3F0000,#BFBF7F,#FFBF7F,#7F3F3F,#FFFFFF,#FFFFBF,#3F0000
251070,sorolla,250,354,0.39887,0.58638,#FFFFFF,#FFBF7F,#BFBFFF,#000000,#FFFFBF,#BF7FFF,#7F7F7F,#FFFFFF,#BFFFFF,#BF7FFF
251153,sorolla,250,359,0.4,0.05068,#000000,#BFFFBF,#BF7F00,#7F7F7F,#3F7F00,#BFBF7F,#00003F,#FFFFFF,#003F00,#7F0000
251306,sorolla,250,372,0.4,16.17391,#7F7F3F,#FFFFFF,#3F3F3F,#FFBF7F,#00003F,#BFBFFF,#BF3F00,#7F7FBF,#007F7F,#FF7F00
251076,sorolla,250,337,0.39881,0.12126,#3F3F3F,#FFFFFF,#BF7F3F,#00003F,#BFBF7F,#3F003F,#7F7FBF,#BF3F00,#FFFFFF,#3F0000
251104,sorolla,250,336,0.39881,2.5969,#FFFFFF,#BF7F00,#000000,#BFBFFF,#3F0000,#BFBF00,#3F7F00,#FFFFFF,#FFFF7F,#BF3F00
251211,sorolla,250,320,0.39875,0.16334,#FFBF7F,#7F7F00,#BF3F7F,#FFFFFF,#000000,#BF7F7F,#000000,#FFBFFF,#3F7F7F,#7F3F3F
251217,sorolla,250,143,0.3972,0.05136,#7F0000,#FFBFBF,#3F3F3F,#FF7F7F,#FFFFFF,#3F0000,#BF3F00,#000000,#FFBF3F,#7F7F7F
251219,sorolla,250,123,0.39675,0.32361,#BFBF3F,#FFFFBF,#7F3F00,#FFBF00,#000000,#FFFFFF,#FFBF3F,#FFBFBF,#3F0000,#FF3F00
251321,sorolla,250,153,0.39739,0.01057,#3F3F00,#BFBFBF,#000000,#BF7F7F,#FFFFFF,#003F00,#BF7F7F,#003F00,#FFBFBF,#BF3F00
251353,sorolla,250,340,0.4,0.03425,#BFFFBF,#3F3F3F,#000000,#7F3F00,#BFBF3F,#BFBFBF,#3F7F7F,#7F7F7F,#FFFFFF,#3F0000
251073,sorolla,250,348,0.39885,0.03083,#BF7F3F,#000000,#FFFFBF,#003F3F,#3F7F3F,#000000,#BFBFBF,#7F003F,#BFBF7F,#3F3F00
251083,sorolla,250,537,0.39926,0.47814,#7F3F3F,#FFFFFF,#FFFF3F,#BF7F7F,#FFFFBF,#000000,#FFFFBF,#BF7F00,#BFBFBF,#7FBFBF
251117,sorolla,250,389,0.39897,0.02491,#7F3F00,#FFFFFF,#3F0000,#7F7F3F,#FF7F7F,#3F0000,#7F0000,#3F3F3F,#FF7F3F,#BF003F
251140,sorolla,250,501,0.3992,0.18116,#BFFFFF,#3F3F00,#FFBFBF,#BFBF3F,#000000,#7FBFBF,#FFFFFF,#3F7F7F,#BF3F3F,#7F7FBF
251177,sorolla,250,222,0.4,0.01027,#3F0000,#FFBFBF,#3F3F7F,#003F3F,#BF7F7F,#FFFFFF,#7F0000,#003F3F,#BF3F3F,#3F0000
251247,sorolla,250,376,0.4,0.03267,#003F3F,#BFBFBF,#FFFFFF,#BFBF3F,#000000,#7F3F3F,#FFFF7F,#7F7F7F,#7F7FFF,#BFBFFF
251319,sorolla,250,492,0.4,0.05692,#003F3F,#FFFFFF,#FFBF3F,#3F0000,#7F7F7F,#FFFF7F,#BF3F00,#7FBFFF,#3F003F,#3F3F3F
251351,sorolla,250,419,0.4,0.04108,#FFFFBF,#000000,#7F7F7F,#003F00,#BFBF7F,#003F3F,#7FBFFF,#7F7F00,#7F0000,#FFFFFF
251352,sorolla,250,362,0.4,0.09211,#BF7F3F,#3F3F3F,#3F7F7F,#FFFFBF,#3F0000,#000000,#7F3F00,#3F7FBF,#BFBFFF,#BF7F7F
251121,sorolla,250,391,0.39898,0.40415,#FFFFFF,#7F7F3F,#FFFFBF,#000000,#BFBFFF,#BF7FBF,#FFFF7F,#BF7F3F,#FFFFFF,#7F3F00
251166,sorolla,250,256,0.39844,0.08802,#003F3F,#FFBFBF,#3F3F7F,#BFBF3F,#BF3F3F,#000000,#7FBFBF,#7F0000,#7F3F00,#003F00
251282,sorolla,250,337,0.39881,0.02375,#7F7F7F,#3F003F,#FFFFBF,#7F3F3F,#BF7F3F,#3F0000,#FFFF7F,#FFBF3F,#003F3F,#3F7F7F
251307,sorolla,250,352,0.39886,0.12171,#000000,#7F7F3F,#FFBFBF,#7F3F00,#3F3F00,#FFFFFF,#FF7F3F,#FF3F00,#FF7FBF,#7F7FBF
251385,sorolla,250,180,0.39778,0.0524,#BFBFBF,#7F3F3F,#3F0000,#7F7F00,#FFFFFF,#FF7F00,#000000,#7F7FBF,#FF7F7F,#FFFFBF
251089,sorolla,250,405,0.39901,0.01178,#3F0000,#7F7F7F,#7F0000,#000000,#FFBFBF,#7F3F3F,#003F3F,#FF7F3F,#BF3F00,#3F3F3F
251096,sorolla,250,171,0.39766,0.36481,#7F0000,#FFBFBF,#BF3F3F,#FFFFFF,#BFBFBF,#FFFFBF,#FFBF3F,#000000,#FFBF7F,#BFBF3F
251158,sorolla,250,379,0.4,0.45227,#BF7F3F,#FFFFFF,#3F3F00,#7FBFBF,#3F7F3F,#FFBF3F,#FFFF7F,#7FBF3F,#FFFFFF,#000000
251182,sorolla,250,359,0.4,0.03123,#3F3F7F,#FF7F3F,#000000,#003F00,#7F7F00,#FFFF7F,#00003F,#FFFFBF,#7F7F7F,#7F0000
251244,sorolla,250,173,0.4,0.05123,#000000,#FFFF7F,#7F3F00,#BFBF7F,#FFFFFF,#BFFFFF,#003F00,#FFBF3F,#3F7F7F,#BF3F3F
251262,sorolla,250,401,0.399,0.07762,#3F7F3F,#FFBFBF,#003F00,#BF7F7F,#FFFFFF,#7F0000,#000000,#BF7F00,#3F0000,#FFBF3F
251335,sorolla,250,355,0.4,0.92448,#3F3F7F,#7FBFFF,#000000,#7F7FBF,#FFFFFF,#FFBF7F,#FFBFFF,#BF7F3F,#7F3F00,#3F7F00
251406,sorolla,250,313,0.39872,0.17314,#7FBF7F,#3F3F00,#BF7F00,#FFBF3F,#FFFFFF,#3F7F7F,#FFBF7F,#BF0000,#000000,#FFFFFF
251422,sorolla,250,346,0.39884,0.04281,#FFBFBF,#3F0000,#FFFFFF,#FFFFFF,#7F3F3F,#7F7FBF,#000000,#7F3F00,#003F3F,#BFFFFF
251181,sorolla,250,352,0.39886,0.0353,#3F3F3F,#BFBFBF,#3F0000,#BF7F3F,#FFFFFF,#BF3F00,#7F3F7F,#7F3F3F,#000000,#000000
251205,sorolla,250,364,0.4,0.27871,#7F003F,#BFBFBF,#FFFFFF,#000000,#BF7F7F,#3F7F3F,#003F7F,#7F7FBF,#000000,#BF3F3F
251232,sorolla,250,197,0.4,0.02208,#7F3F00,#3F3F00,#FFFFBF,#BF7F00,#003F3F,#BFBF7F,#7F3F7F,#3F0000,#3F003F,#00003F
251236,sorolla,250,390,0.39897,0.0245,#BF7F3F,#000000,#FFBF7F,#000000,#3F7F7F,#FFFFFF,#7FBF7F,#7F7FBF,#7F3F00,#FFFFFF
251239,sorolla,250,210,0.3981,0.03894,#FFFFFF,#3F0000,#BF3F3F,#00003F,#BFBF7F,#3F0000,#3F0000,#7F7F3F,#003F00,#FFBFBF
251261,sorolla,250,158,0.4,0.01175,#000000,#BFBF7F,#000000,#003F00,#7F3F3F,#3F3F3F,#7F0000,#3F003F,#FFFFBF,#3F3F00
251128,sorolla,250,186,0.39785,0.01075,#003F3F,#BF7F3F,#3F3F00,#7F3F00,#FFFF7F,#FF3F00,#7F3F00,#3F0000,#BF003F,#FFBF3F
251131,sorolla,250,394,0.4,0.02257,#000000,#7F7F7F,#BFFF7F,#003F3F,#BF7F00,#BFBF7F,#FFFFFF,#3F0000,#7F3F00,#003F7F
251144,sorolla,250,216,0.39815,0.00558,#3F003F,#BFBF7F,#3F3F3F,#3F3F3F,#FFFFBF,#7F7F3F,#00003F,#BF7F00,#FFFF3F,#003F00
251164,sorolla,250,348,0.39885,5.78333,#7F7F3F,#00003F,#FF7F3F,#7FBFBF,#BF3F00,#BF3F7F,#FFFFBF,#FFBFBF,#3F0000,#3F3F3F
251255,sorolla,250,171,0.4,0.86802,#BF7F3F,#FFFFFF,#000000,#7F7FBF,#3F3F7F,#FFBF7F,#BF7F3F,#FF7FBF,#3F7F3F,#7F0000
251338,sorolla,250,337,0.4,0.08303,#3F7F7F,#3F003F,#FFFFBF,#7F7F3F,#003F3F,#FFFFFF,#7FBFBF,#BFBF7F,#3F0000,#7F3F00
251072,sorolla,250,339,0.4,6.64706,#7F3F7F,#FF7F3F,#FFFF7F,#7FBF3F,#BF3F00,#BFBFBF,#FFFFFF,#3F0000,#FFBFFF,#3F3F00
251134,sorolla,250,370,0.39892,0.10597,#7F7F00,#FFFF7F,#003F3F,#FFBF7F,#7F7F7F,#FFFFFF,#7F0000,#003F3F,#00003F,#3F7F7F
251142,sorolla,250,386,0.4,1.84689,#BF7F3F,#FFFFBF,#000000,#3F7F7F,#7F7F3F,#BFBF7F,#FFFFFF,#BFFFBF,#7F3F3F,#007F3F
251162,sorolla,250,380,0.39895,0.02755,#003F3F,#BFBFBF,#000000,#BF7FBF,#3F3F3F,#3F0000,#3F7FBF,#FFFFFF,#7F7F3F,#3F3F7F
251180,sorolla,250,168,0.39762,5.06061,#BFFFBF,#3F3F3F,#7FBFBF,#3F7F7F,#FFFFFF,#BF3F3F,#3F0000,#BFBF7F,#FFFFFF,#3F7F3F
251187,sorolla,250,358,0.4,0.02802,#3F003F,#7FBF3F,#BFFF7F,#003F00,#000000,#003F00,#FFFFFF,#7F7F3F,#3F3F00,#7F7F3F
251191,sorolla,250,319,0.39875,0.86413,#3F0000,#BFFFFF,#BF7F3F,#FFFFFF,#FFBF7F,#3FBFFF,#FF7F00,#FFBFFF,#BF0000,#BFBF7F
251208,sorolla,250,371,0.39892,0.03083,#3F0000,#BF7F00,#003F00,#3F0000,#7F3F3F,#3F0000,#BFBF3F,#007F00,#3F7F3F,#7F7F00
251251,sorolla,250,375,0.4,0.02629,#BF7F00,#3F3F00,#FFFFFF,#3F003F,#3F3F3F,#FFFF7F,#7F7F3F,#3F0000,#FFFFFF,#BFBF7F
251254,sorolla,250,337,0.4,0.01046,#3F0000,#BFBF7F,#003F3F,#BF7F3F,#3F0000,#FFFFFF,#3F3F3F,#7F003F,#FFFF3F,#3F7F3F
251286,sorolla,250,366,0.4,0.53587,#000000,#BFBFBF,#3F7F3F,#FFFFFF,#3F0000,#BFFFBF,#3F3F7F,#3FBF7F,#7F3F3F,#00007F
251331,sorolla,250,325,0.4,0.22124,#3F003F,#BF7F3F,#FFFFFF,#3F7F3F,#00003F,#7F003F,#BFBF3F,#3F3F00,#BF7F7F,#BFBFBF
251337,sorolla,250,355,0.39887,0.14183,#7F7FBF,#FFFFFF,#000000,#BF7F3F,#3F3F00,#BFFFBF,#FFFFFF,#3F7F7F,#BFBF7F,#7F7FFF
251349,sorolla,250,335,0.39881,0.05187,#BFBF7F,#3F7F3F,#000000,#FFFF7F,#000000,#FFBF3F,#FFFFFF,#BF7F3F,#FFBFFF,#7F0000
251398,sorolla,250,362,0.3989,0.00983,#000000,#BF7FBF,#7F3F3F,#003F00,#FFFFFF,#7F3F00,#BFBFFF,#3F0000,#BF7F3F,#FFBF7F
251410,sorolla,250,355,0.39887,0.08419,#BF7F7F,#000000,#7F0000,#FF3F00,#FFBF7F,#7F7F3F,#003F3F,#FFBF00,#FFFFFF,#BF3F00
251146,sorolla,250,351,0.39886,0.07735,#00003F,#BFBFBF,#BFBFFF,#3F3F7F,#7F7F3F,#FFFFFF,#000000,#3F3F00,#3F3FBF,#3FBFBF
251156,sorolla,250,311,0.4,0.57274,#000000,#FFBFBF,#7F7FBF,#3F3F3F,#BF7F3F,#FFFFFF,#BF3F3F,#FFBFBF,#FFBF3F,#7F0000
251170,sorolla,250,288,0.4,6.69767,#7F3F7F,#FFBFFF,#3F0000,#BFBFBF,#FFFFFF,#7F3F00,#7F7F3F,#FFFF7F,#BFBFFF,#BF7F3F
251189,sorolla,250,350,0.4,0.39954,#000000,#BF7FFF,#FFFFFF,#7F3F00,#7F7F7F,#3F7FBF,#FFFFBF,#BF7F7F,#BFFFFF,#BFFFBF
251233,sorolla,250,339,0.39882,0.25723,#000000,#FFBFFF,#7FBF3F,#3F3F7F,#7F7FBF,#FFFFFF,#7F3F3F,#FF7F3F,#BF3F3F,#3F3F00
251234,sorolla,250,389,0.4,0.55413,#000000,#7F7FBF,#BFBFBF,#3F3F00,#3F3F7F,#3F0000,#7FBF7F,#3F7F7F,#BF7F3F,#FFFFFF
251287,sorolla,250,333,0.3988,0.05744,#7F3F00,#BF7F7F,#000000,#BFFFFF,#003F7F,#003F00,#BF7F3F,#3F7FBF,#7FBFFF,#3F7F7F
251288,sorolla,250,277,0.39856,69.0,#3F7F7F,#7F3F3F,#7FBFBF,#3F3F00,#007F7F,#BF7F7F,#00003F,#7F3F7F,#FFFFFF,#3F0000
251299,sorolla,250,422,0.39905,1.09922,#BF7F3F,#BFFFBF,#003F3F,#FFBF3F,#3F7F7F,#000000,#7F7F7F,#FFFF7F,#7F0000,#7F7F00
251329,sorolla,250,158,0.39747,0.21102,#FF7F3F,#3F003F,#FFFFFF,#3F3F00,#7F7F7F,#BF7F00,#BFBF7F,#BF0000,#000000,#7F3F3F
251346,sorolla,250,346,0.39884,0.66346,#3F7FBF,#3F3F7F,#FFFFBF,#BFBF7F,#7F3F00,#BFBFFF,#BFBFFF,#FFFFFF,#FFBF3F,#000000
251414,sorolla,250,378,0.39894,0.02329,#3F3F00,#7F3F7F,#7F3F00,#FFBF3F,#FF7F00,#3F3F00,#BF7F7F,#7F3F00,#FFBFBF,#003F00
251100,sorolla,250,299,0.39866,0.05389,#FFFFFF,#3F0000,#BF7F7F,#FFBF00,#3F0000,#FFFFBF,#BFBFFF,#BF3F00,#FFFFBF,#3F3F3F
251165,sorolla,250,147,0.39728,0.06819,#FF3F00,#FFBF7F,#3F003F,#7F3F00,#FFFF7F,#FFBFFF,#003F3F,#BF7F3F,#000000,#FFBF3F
251171,sorolla,250,353,0.4,0.11898,#000000,#BF7F7F,#3F3F7F,#7F3F00,#7FBFBF,#7F7F7F,#00003F,#BFFFFF,#3F3F7F,#BF7F00
251184,sorolla,250,363,0.4,0.0078,#3F0000,#FFFFBF,#BF7F3F,#000000,#00003F,#BFBF3F,#3F3F00,#7F0000,#3F7F3F,#BFBFBF
251214,sorolla,250,555,0.39928,0.03883,#7F3F00,#FFBF7F,#FF7F00,#000000,#7F3F3F,#BF7F7F,#7F7F00,#000000,#7F7FBF,#FFFFBF
251221,sorolla,250,368,0.4,0.12038,#003F3F,#7F7FBF,#FFFFFF,#7F7F3F,#BFBFFF,#007F7F,#000000,#BF7F7F,#3F0000,#FFFF7F
251222,sorolla,250,302,0.4,4.57576,#003F7F,#FF7F7F,#FFBF7F,#7F3F3F,#3F3F00,#FFBFFF,#7F7F7F,#000000,#FFFFFF,#BF7F00
251248,sorolla,250,370,0.4,370.0,#3F003F,#BFBFBF,#3F3F7F,#7F7F3F,#FFFFFF,#FFBFBF,#3F3FBF,#3F3F00,#BFBF3F,#7F7FBF
251274,sorolla,250,337,0.4,0.22347,#FFFFFF,#7F3F00,#3F3F7F,#BF7F3F,#003F00,#7F3F7F,#FFBF7F,#000000,#7FBFBF,#00007F
251275,sorolla,250,439,0.4,0.18261,#7F3F00,#3F0000,#3F3F3F,#FFFFFF,#3F003F,#3F3F7F,#00007F,#BF7F7F,#7F7FBF,#00003F
251276,sorolla,250,373,0.4,0.27548,#7F3F00,#FFBF3F,#3F3F00,#FFFFFF,#7F3F7F,#00007F,#000000,#7FBF7F,#007F7F,#BFBFBF
251300,sorolla,250,348,0.4,1.26545,#3F3F00,#FFBF7F,#FFFFFF,#7F3F00,#7F7F7F,#003F3F,#3F3F7F,#000000,#BF7F00,#7F7F7F
251327,sorolla,250,357,0.4,0.10506,#000000,#BFBF00,#7F0000,#FFBF7F,#7F7F7F,#000000,#BF3F00,#3F7F3F,#FF7F3F,#FFFFFF
251336,sorolla,250,355,0.4,0.93915,#003F7F,#7FBFBF,#FFFFFF,#3F3F00,#3F7F7F,#3F3F00,#FFBFBF,#007F7F,#000000,#BF7F3F
251159,sorolla,250,195,0.4,0.195,#3F7FBF,#FFBFBF,#00003F,#BF7F3F,#FFFFFF,#7F3F00,#BF7FBF,#BFBFFF,#000000,#3F3F3F
9223372032559849523,sorolla,250,356,0.39888,0.00754,#000000,#3F3F00,#003F00,#003F3F,#000000,#7F0000,#3F0000,#BFBF7F,#BF7F3F,#7F3F7F
251079,sorolla,250,355,0.39887,0.04288,#000000,#BFBF7F,#BF7F3F,#BF7F00,#3F0000,#FFBF00,#BF0000,#FFFFFF,#3F3F00,#FFFF7F
251116,sorolla,250,200,0.398,0.16922,#FFFF7F,#7F0000,#BFBF3F,#000000,#FFFFFF,#BF3F00,#FFFFBF,#FFBF7F,#FF7F3F,#BFBF7F
251118,sorolla,250,341,0.39883,0.05443,#000000,#BF7F3F,#FFBFBF,#7F3F7F,#000000,#7F7F00,#FFBFBF,#7F0000,#BF0000,#BF7FBF
251154,sorolla,250,375,0.39893,0.14435,#3F7F7F,#000000,#FFBFBF,#7F3F00,#BF3F3F,#00003F,#3F7F00,#000000,#7FBFBF,#BFBF3F
251172,sorolla,250,161,0.39752,0.01126,#7F3F3F,#000000,#FFFFBF,#7F7F7F,#3F3F3F,#BFBF7F,#7F7F00,#000000,#3F3F00,#BF3F3F
251220,sorolla,250,698,0.4,0.13735,#7F0000,#7FBFBF,#FFBF7F,#FFBFFF,#BF7F3F,#003F00,#7F7F00,#FFFFFF,#003F00,#3F3F3F
251228,sorolla,250,375,0.4,0.27076,#3F7FBF,#7F3F00,#FFFFFF,#BF7F00,#FFFFBF,#BFBF3F,#000000,#3F3F7F,#7FBFBF,#BF7F7F
251229,sorolla,250,123,0.4,0.33884,#3F0000,#BFBFBF,#7F7F00,#BFBF3F,#7F7F7F,#3F0000,#3F3F7F,#FFFFBF,#3F3F00,#BFBF00
251273,sorolla,250,421,0.39905,0.65319,#3F3F3F,#BFBFBF,#BF7F00,#7F7F7F,#7FBFFF,#BF7F7F,#FFBF3F,#000000,#FFFFBF,#BF3F3F
251284,sorolla,250,367,0.4,0.08484,#BF7F3F,#00003F,#BFBFFF,#BF7FBF,#3F7FFF,#003F00,#3F003F,#FFFFFF,#3F3F7F,#FFFF7F
251290,sorolla,250,379,0.4,0.11975,#7F3F00,#FFBF7F,#3F3F7F,#000000,#BF7F3F,#7FBFBF,#FFFFFF,#003F3F,#FFFFFF,#3F0000
251296,sorolla,250,368,0.39891,0.48933,#FFFFBF,#7F3F00,#7F7F7F,#7FBFBF,#FFFFFF,#3F0000,#7F7F3F,#FFBF7F,#FFFFBF,#FF7F00
251303,sorolla,250,324,0.39877,0.10916,#FFBFBF,#7F003F,#000000,#BF7F7F,#FFBF7F,#000000,#003F7F,#BF3F00,#FFFFFF,#7F7F7F
251317,sorolla,250,334,0.4,0.014,#00003F,#3F3F3F,#003F00,#FFBF7F,#3F3F00,#BF7F00,#003F00,#003F3F,#7F7F7F,#FFFFFF
251325,sorolla,250,369,0.39892,0.06226,#7F7F7F,#003F00,#3F7F3F,#7F7F7F,#FFBF7F,#BF7F00,#3F0000,#FFBFBF,#FFBF3F,#7F3F3F
251332,sorolla,250,382,0.4,0.05022,#BF7F3F,#000000,#FFFFFF,#3F7F7F,#3F3F00,#7FBFBF,#00003F,#7F7F00,#FFBF7F,#3F3F00
251355,sorolla,250,377,0.39894,0.04448,#BF7FBF,#3F3F3F,#BF3F3F,#FFFFBF,#00003F,#BFBF7F,#3F003F,#FFFFFF,#00003F,#3F7F3F
251361,sorolla,250,339,0.4,0.57167,#000000,#FFBF3F,#FFFFFF,#BF3F3F,#FF7FBF,#FFFF7F,#3F7F3F,#7FBF3F,#7F7FBF,#7F003F
251364,sorolla,250,291,0.39863,0.71429,#000000,#FFFFBF,#BF7F3F,#003F3F,#BF7FBF,#FF7F3F,#FFFFFF,#3F3F3F,#7F0000,#FFFF7F
251365,sorolla,250,233,0.39828,0.02087,#BF7F3F,#3F0000,#3F3F00,#7F3F3F,#FFFFBF,#3F0000,#3F3F00,#7F0000,#BF7F3F,#FFFF7F
251373,sorolla,250,182,0.3978,2.20732,#00003F,#FFBFBF,#3F3F3F,#7F3F3F,#FFBF3F,#7FBFFF,#7F7F7F,#7F7F3F,#FFFFBF,#3F3F7F
251379,sorolla,250,376,0.4,0.1844,#7F7F00,#BFFFFF,#FFBF3F,#FFBF7F,#000000,#FFFFFF,#FF7F00,#7F0000,#BF7F7F,#BF7FFF
251383,sorolla,250,371,0.39892,1.42857,#7F7F3F,#BFFFBF,#7F3F00,#FFBF7F,#000000,#FF7F00,#FF7F7F,#FFFFFF,#FFBFFF,#BF7FBF
251098,sorolla,250,126,0.39683,0.33156,#3F0000,#FFFF7F,#7F7F3F,#FFBF3F,#FFFFFF,#FFBF3F,#BF3F3F,#FFBFBF,#BF3F3F,#3F0000
251112,sorolla,250,126,0.39683,0.24131,#FF3F00,#7F7F3F,#FF7F00,#3F0000,#FFBF3F,#7F3F00,#3F3F7F,#BF7F7F,#000000,#FFFFBF
251147,sorolla,250,321,0.4,0.07443,#003F00,#FFBF3F,#BFBFFF,#3F7F3F,#7F0000,#000000,#7F7F7F,#FFFFFF,#BF7F00,#FFBF7F
251176,sorolla,250,126,0.39683,0.02203,#3F3F3F,#BFBFBF,#3F003F,#7F7F7F,#000000,#7F3F00,#7F7F00,#FFFFBF,#FFBF3F,#003F00
251195,sorolla,250,326,0.4,0.02602,#003F3F,#FFBF3F,#000000,#FFFFFF,#7F7F00,#7F7F7F,#BFBFBF,#7F3F00,#7FBF3F,#3F3F3F
251200,sorolla,250,348,0.4,0.02175,#000000,#BF7F7F,#FFFFBF,#7F3F3F,#FFBF7F,#3F3F00,#003F3F,#BFBF00,#7F7F00,#003F00
251216,sorolla,250,314,0.4,0.15265,#3F003F,#7F7FBF,#3F003F,#BF3F3F,#FFFFBF,#3F3F00,#000000,#FFBF3F,#3F3F7F,#7F7F3F
251226,sorolla,250,331,0.39879,0.1371,#FFFFFF,#FF3F3F,#000000,#7F7F3F,#FFBF7F,#7F3F3F,#7F7FBF,#3F3F3F,#FFBF3F,#FFBFBF
251227,sorolla,250,363,0.3989,0.23958,#3F3F7F,#FF3F7F,#BFFFFF,#000000,#7F7FBF,#FFBFBF,#3F3F3F,#BF7F3F,#FFBF3F,#FFFFFF
251231,sorolla,250,393,0.4,0.07607,#FFFFFF,#3F3F3F,#BF7F00,#FFFFFF,#000000,#7F7F00,#3F3F00,#BF7F7F,#FFBF3F,#FFBF7F
251243,sorolla,250,308,0.3987,0.07459,#BF3F00,#BF7F7F,#003F00,#7F7F3F,#3F0000,#FFBF7F,#FF3F00,#FFBF3F,#3F3F3F,#BFBF00
251295,sorolla,250,388,0.4,2.65753,#3F3F00,#FFFF7F,#000000,#FF7F7F,#FFFFFF,#BFBF00,#7F3F7F,#BF3F00,#7FBF7F,#BFBFBF
251316,sorolla,250,369,0.39892,0.06255,#FFFF7F,#003F3F,#7F7F00,#00003F,#3F0000,#7F7F7F,#FFFFFF,#FFBF3F,#000000,#003FBF
251326,sorolla,250,474,0.4,0.09791,#3F003F,#FFBF3F,#FFBFFF,#BF7F3F,#FFFFFF,#BF7FBF,#000000,#FFFF7F,#3F3F7F,#3F3F00
251333,sorolla,250,179,0.39777,0.02931,#FFFFBF,#000000,#BF7F3F,#000000,#003F3F,#7FBFBF,#7F3F3F,#3F7F7F,#FFBF7F,#FFFFFF
251359,sorolla,250,323,0.4,0.1544,#7F3F7F,#000000,#3F3F00,#FFBF7F,#FFFFFF,#000000,#003F3F,#7FBF7F,#BF7F00,#FFBF00
9223372032559849524,sorolla,250,150,0.39733,0.14341,#BF7F3F,#7F0000,#FFFFFF,#FFBF00,#7F3F3F,#000000,#FFFF7F,#BF7FBF,#FF3F00,#FFFFBF
251081,sorolla,250,172,0.39767,0.93443,#7F3F00,#FFFF7F,#FFBF3F,#BFBF3F,#FFFFFF,#FFBF7F,#000000,#BF7F00,#BFBF7F,#FFBFBF
251084,sorolla,250,367,0.39891,0.14675,#3F0000,#FFBF7F,#7F7F00,#BFBF7F,#000000,#BF7F7F,#FF3F00,#BF0000,#FFBF00,#FFFFBF
251085,sorolla,250,360,0.39889,0.0563,#BF7F3F,#3F0000,#7F7FBF,#00003F,#000000,#7F3F00,#FFFFBF,#3F3F7F,#FF7F3F,#FF7FBF
251086,sorolla,250,315,0.39873,0.07284,#7F3F00,#BFBFBF,#3F0000,#003F00,#FF7F3F,#FFFFFF,#BF003F,#FFBF7F,#FFBF7F,#3F0000
251101,sorolla,250,324,0.39877,0.07787,#BF7F7F,#3F0000,#000000,#FFBFBF,#7F0000,#003F7F,#7F3F00,#FFBF3F,#3F7F7F,#FFFFFF
251115,sorolla,250,377,0.39894,0.12703,#7F3F3F,#FFFF7F,#BF7F00,#FF7FBF,#000000,#7F7F7F,#FF7F3F,#BFFFFF,#BFBF7F,#3F3F00
251129,sorolla,250,134,0.39701,0.00733,#003F00,#FFBF3F,#FFFF7F,#7F3F3F,#3F0000,#7F3F3F,#3F0000,#000000,#FF3F00,#FFBF00
251130,sorolla,250,154,0.3974,0.14655,#3F7F7F,#FFFF7F,#00003F,#BF3F00,#BFBFBF,#7F7F7F,#FFFFFF,#000000,#3F3F00,#FF7F3F
251161,sorolla,250,325,0.39877,0.4843,#7F3F00,#BF7F7F,#3F7F7F,#FFBF7F,#3F003F,#BF3F00,#FFFFFF,#3F7F00,#BF3F7F,#000000
251202,sorolla,250,184,0.39783,0.70115,#FFFF7F,#7F7F3F,#FFFFFF,#BF7F00,#FF7F7F,#BFBFBF,#000000,#7F7F7F,#FFFFBF,#3F0000
251264,sorolla,250,310,0.39871,0.39363,#FF7F3F,#7F7F3F,#000000,#7F7FBF,#7F3F00,#3F3F3F,#7F7F3F,#FFBF3F,#FFBFBF,#7F3F00
251271,sorolla,250,412,0.4,0.36236,#FFBF7F,#7F7F3F,#7FBFBF,#3F003F,#FFFFFF,#7F3F00,#7F7FFF,#BF7F3F,#000000,#7F3F7F
251280,sorolla,250,472,0.39915,67.28571,#BFBFBF,#7F7F00,#3F3F7F,#FFFFBF,#3F3F7F,#3F3F00,#FFBF3F,#BF7F7F,#FFFFFF,#7F7FBF
251283,sorolla,250,428,0.4,0.06139,#003F00,#7FBFBF,#7F3F00,#3F3F3F,#BFFFFF,#7F7F7F,#003F00,#FFBF7F,#3F7F7F,#FFFFFF
251285,sorolla,250,330,0.4,0.40541,#000000,#7F7F3F,#3F3F7F,#FFFFFF,#FFBF7F,#7F0000,#BF3F7F,#7FBFBF,#3F7F00,#BF7F00
251301,sorolla,250,328,0.39878,0.02662,#FFFFFF,#3F0000,#BFBFFF,#7F7F00,#7F7FFF,#000000,#7F0000,#FFBFBF,#BFBF7F,#7F7F7F
251302,sorolla,250,211,0.3981,0.91304,#FFFFBF,#7F7F00,#BFBF7F,#FFFF3F,#3F3F7F,#7F7F3F,#BFBFBF,#FFBF00,#3F3F00,#FFBFBF
251311,sorolla,250,179,0.39777,0.11796,#FFFFBF,#BF7F00,#000000,#003F00,#BFBF7F,#7F7F7F,#7F3F00,#FFFF3F,#3F7F3F,#FFBF3F
251339,sorolla,250,182,0.4,0.25852,#3F3F3F,#BF7F7F,#3F3F7F,#BF3F00,#FFFFBF,#000000,#3F0000,#000000,#7F3F7F,#7F7FBF
251347,sorolla,250,346,0.4,0.5945,#BF3F3F,#FFBFBF,#3F003F,#3F7FBF,#3F7F3F,#BF7FBF,#FFBF7F,#FFFF7F,#BFBF3F,#FFFFFF
251350,sorolla,250,416,0.4,4.52174,#BF3F3F,#FFFFBF,#7F7FBF,#000000,#FFFFFF,#FFBF3F,#3F7F7F,#7F7F3F,#BFFFBF,#FFBFBF
251371,sorolla,250,419,0.39905,0.01478,#000000,#FF7F00,#3F3F3F,#003F3F,#BFBF7F,#3F7F00,#FFBF7F,#7F7F00,#7F0000,#3F3F00
251393,sorolla,250,325,0.39877,0.02175,#3F3F3F,#BF7F7F,#3F3F00,#000000,#FFBFBF,#3F3F00,#3F7F7F,#BF7F00,#00003F,#003F3F
9223372032559844468,sorolla,250,249,0.39839,2.50505,#003F3F,#FF7F7F,#7F3F7F,#3F0000,#FFFFBF,#7FBFBF,#3F3FBF,#BF3F00,#7FBF3F,#7F3F00
251066,sorolla,250,279,0.4,5.47059,#003F7F,#3F3FBF,#BFBF7F,#003F3F,#3F0000,#7F3F3F,#7FBFFF,#FFFFFF,#000000,#7F7F7F
251074,sorolla,250,304,0.4,1.44076,#3F7FBF,#FFFFFF,#7F3F00,#7FBFFF,#3F003F,#FFFFFF,#3FBFFF,#3F3F3F,#BFBF7F,#BF7F7F
251077,sorolla,250,248,0.39839,0.67486,#00003F,#FFBF7F,#7F7FBF,#3F3F00,#FFFFFF,#3F3FBF,#3F7F7F,#FFBFFF,#BF7F3F,#7F3F00
251092,sorolla,250,195,0.39795,48.5,#7F7F00,#FFFF7F,#BF7FBF,#3F3F3F,#FF7F3F,#7F7F3F,#3F3F7F,#BFFFBF,#FFFFFF,#BFFF3F
251095,sorolla,250,160,0.3975,2.37313,#FFFFFF,#7FBF7F,#BF3F00,#FFBF3F,#FFBFBF,#FFFF7F,#3F3F00,#BFBFFF,#3F3F7F,#FFBF3F
251113,sorolla,250,163,0.39755,0.01253,#3F0000,#7F3F00,#3F0000,#FFBF3F,#3F3F3F,#FFFF7F,#7F3F3F,#FF3F00,#003F3F,#003F3F
251150,sorolla,250,157,0.4,0.059,#3F3F3F,#BF7FBF,#3F0000,#FFFF7F,#BF7F3F,#BF3F3F,#3F3F3F,#FFFFFF,#3F7FBF,#3F0000
251157,sorolla,250,433,0.4,1.59779,#3F0000,#BF7FBF,#7FBF3F,#7FBFBF,#FFFFFF,#7F3F3F,#FFFFBF,#FFBF3F,#3F3F7F,#BF3F7F
251178,sorolla,250,197,0.4,0.02483,#FFFFFF,#3F3F3F,#000000,#FFFF7F,#BF7F3F,#BF3F3F,#000000,#BF7FBF,#FFFFBF,#7F3F00
251198,sorolla,250,193,0.4,0.3422,#FFFFFF,#3F3F00,#7FBF3F,#3F003F,#000000,#BF3F3F,#FFBF7F,#3F3F7F,#FFBF3F,#7F7FBF
251199,sorolla,250,218,0.39817,2.33333,#BF7F7F,#003F00,#FFBF7F,#7F003F,#BFBFBF,#3F7F7F,#3F7F00,#FFBF3F,#FFFFFF,#BF7F00
251235,sorolla,250,333,0.3988,1.51598,#FFFFFF,#7F7F3F,#3F7FBF,#FFBF7F,#BF7FBF,#003F00,#FFBFFF,#FF7F00,#7F7F3F,#003FBF
251242,sorolla,250,378,0.39894,0.07719,#000000,#FFBFBF,#BF3F3F,#3F7F3F,#FFFFFF,#003F00,#7F3F00,#BFBF3F,#3F3FBF,#BF7FBF
251260,sorolla,250,246,0.39837,0.07227,#BF7F00,#000000,#FFBF3F,#BF7F7F,#7F3F3F,#000000,#7F3F3F,#FFFFBF,#3F003F,#BFBF00
251263,sorolla,250,241,0.39834,1.41176,#BF7F3F,#FFFFFF,#7F7FFF,#BFBFBF,#FFBFBF,#3F0000,#7F003F,#7F7F7F,#3F3F7F,#BF3F3F
251289,sorolla,250,177,0.39774,0.0188,#3F0000,#BFBF7F,#3F003F,#7F0000,#3F003F,#BF7F3F,#FFFFFF,#7F7F3F,#3F3F3F,#FFBF7F
251298,sorolla,250,252,0.4,3.65217,#BF7FBF,#3F3F3F,#BFBFFF,#7F7FBF,#3F7FBF,#BFBF3F,#3F003F,#FFFFFF,#BF3F3F,#7F7F7F
251362,sorolla,250,227,0.4,1.02252,#000000,#FFBFBF,#3F7F3F,#7FBFBF,#3F3F00,#BF3F3F,#FFFFFF,#3F7F00,#7F7F7F,#BFBF3F
251067,sorolla,250,173,0.4,0.01401,#000000,#7F003F,#FFFFFF,#00003F,#BFBF7F,#7F3F3F,#3F003F,#3F3F3F,#BFBFBF,#3F0000
251075,sorolla,250,392,0.39898,0.20333,#3F7F3F,#FFBF7F,#7FBF7F,#7F003F,#BF3F7F,#3F7F7F,#3F0000,#BF7F3F,#FFBF7F,#003F3F
251088,sorolla,250,158,0.39747,39.25,#FFFF3F,#7F003F,#FFFFFF,#BF3F00,#FFFFBF,#003F00,#BF7F00,#FFBFBF,#7F3F00,#FF7F3F
251093,sorolla,250,156,0.39744,0.52542,#3F7F7F,#7F3F00,#BFBF3F,#BFBF7F,#003F00,#7F7FBF,#3F7F00,#BF3F00,#FFFF7F,#000000
251097,sorolla,250,462,0.39913,0.0095,#FFFF7F,#3F0000,#7F3F3F,#7FBF3F,#003F3F,#FF7F00,#7F3F3F,#00003F,#3F3F00,#007F3F
251133,sorolla,250,266,0.3985,0.06452,#FF7F3F,#000000,#FFFF7F,#BF3F00,#BFBFBF,#7F7F3F,#7FBF7F,#FFFFBF,#FFBF00,#3F0000
251135,sorolla,250,163,0.39755,1.03185,#BF7F3F,#3F0000,#BFBF3F,#7F3F00,#FFFFBF,#3F3FBF,#3F3F7F,#7F7FBF,#FFBF7F,#BF7FBF
251148,sorolla,250,292,0.39863,0.04654,#FFBF00,#000000,#FFFFBF,#3F3F00,#BFBF7F,#7F3F00,#BFBFBF,#FFBF7F,#FF3F00,#FFFFFF
251151,sorolla,250,281,0.39858,0.28226,#00003F,#FFBFFF,#FF7F7F,#7F3F3F,#7F7FFF,#FFBF7F,#3F3F00,#FFFFFF,#7F7FBF,#BF7F3F
251174,sorolla,250,167,0.3976,1.52294,#3F0000,#FFBF7F,#BF7F3F,#3F003F,#7F7F00,#FFFFFF,#BFBFBF,#003F7F,#3F7F7F,#3F3F00
251175,sorolla,250,318,0.39874,0.06833,#7F3F3F,#FFBFBF,#000000,#FF3F00,#BF7F7F,#FFBF3F,#FFFFFF,#FFFF7F,#7F003F,#BF7F00
251203,sorolla,250,323,0.39876,0.04922,#000000,#BFBF3F,#7F3F00,#3F0000,#BFFFBF,#3F003F,#7FBFBF,#BF7F00,#007F3F,#7F7F7F
251212,sorolla,250,167,0.3976,0.05889,#000000,#BFBFBF,#BF7F3F,#7F7F7F,#FFFFFF,#000000,#7F3F3F,#7FBFBF,#BF3F3F,#003F7F
251218,sorolla,250,349,0.39885,0.03003,#000000,#FFFF7F,#BF7F3F,#7F3F3F,#FFFFFF,#BFBFBF,#003F00,#FF7F3F,#3F7F7F,#FFFFFF
251230,sorolla,250,364,0.4,0.67407,#FFBFBF,#3F3F3F,#BF7FBF,#7F7F3F,#000000,#3F3F7F,#7FBFFF,#FFFFFF,#FFBF3F,#7F7F00
251240,sorolla,250,318,0.39874,0.10845,#FFBFFF,#7F3F3F,#BF7F3F,#000000,#7F7F7F,#FFBF7F,#FFFFFF,#BF7F00,#3F0000,#7FBFBF
251245,sorolla,250,289,0.39862,0.375,#FFFFBF,#3F0000,#BFFFFF,#FF7F3F,#FFFFFF,#BFBFBF,#7F3F00,#7F7F3F,#FFBF00,#FFBF7F
251249,sorolla,250,321,0.4,6.0566,#FFBF3F,#3F3F3F,#BFFFFF,#7F7F3F,#003F7F,#BF7F00,#FFFFFF,#7F7FBF,#000000,#BFBFBF
251268,sorolla,250,328,0.4,1.53271,#7F3F00,#BF7FBF,#000000,#FFFFFF,#7F7F7F,#BFBFBF,#3F0000,#3F7F00,#BFBF3F,#3F3F7F
251294,sorolla,250,334,0.3988,0.05182,#BF3F00,#FFFFBF,#003F3F,#7F7F7F,#000000,#7FBF7F,#7F003F,#7F7F00,#3F3F00,#7F003F
251328,sorolla,250,328,0.4,13.66667,#003F3F,#BF7F7F,#3F0000,#7F3F00,#FFFFFF,#7FBF7F,#BF7F3F,#3F7F3F,#FFBF3F,#3F7F7F
251340,sorolla,250,325,0.4,0.12866,#3F0000,#BF7FBF,#FFFFBF,#3F7F00,#BFBF3F,#000000,#BF7F3F,#3F7F7F,#FFFFFF,#BF7F00
251342,sorolla,250,321,0.4,1.4141,#7F7F3F,#BFFFFF,#3F3F3F,#BF3F00,#000000,#FF7F7F,#FFFF7F,#BF7F7F,#FFFFFF,#7FBFBF
251343,sorolla,250,333,0.3988,0.04047,#FFBF3F,#003F00,#BF3F3F,#3F7F3F,#FFBFBF,#7F0000,#000000,#7F7F7F,#3F0000,#FFFFBF
251369,sorolla,250,382,0.39895,0.09532,#3F003F,#FFBF7F,#7F7F00,#003F3F,#FF7F00,#7F7F7F,#003F00,#3F7F3F,#FFFFFF,#7F0000
251190,sorolla,250,426,0.4,23.66667,#BF7FBF,#7F3F3F,#7F7F7F,#000000,#FF7F00,#FFFFFF,#FFFF7F,#003F7F,#FF7F3F,#7F7F00
251224,sorolla,250,350,0.39886,0.53528,#7F3F00,#FFBF7F,#FFBF00,#3F3F3F,#BF7F00,#FFBFFF,#FFFFFF,#7F7F3F,#7F7FBF,#000000
251265,sorolla,250,215,0.4,0.01745,#3F003F,#FFFFFF,#7F3F00,#00003F,#BF7F7F,#7F3F7F,#000000,#003F3F,#3F3F3F,#FFBF7F
251318,sorolla,250,253,0.39842,0.06544,#7F7F7F,#3F3F00,#FFFFFF,#7F7F3F,#FFBFBF,#000000,#FF7F7F,#BFBFFF,#FFFF3F,#3F3F7F
251370,sorolla,250,244,0.39836,0.22071,#000000,#FFBF3F,#FF7F00,#FFFFFF,#7F7F7F,#BF3F3F,#FF7F7F,#7F7F3F,#7F3F00,#FFFFBF
251210,sorolla,250,305,0.39869,0.0422,#FFFF3F,#7F3F00,#000000,#BF7F00,#FFBF3F,#FFFFBF,#BFBFBF,#7F7F7F,#000000,#3F3F3F
251068,sorolla,250,179,0.4,0.02549,#000000,#BF3F00,#BF7F3F,#3F3F3F,#FFFFFF,#BF3F3F,#BFBFBF,#3F003F,#3F003F,#3F7F3F
251136,sorolla,250,550,0.39927,0.08017,#000000,#FFFFFF,#3F0000,#7F3F7F,#BF3F00,#FFFFFF,#FFBF7F,#3F7F3F,#FFBF3F,#7FBF7F
251139,sorolla,250,213,0.39812,0.08614,#FFBF7F,#003F3F,#7F7F7F,#000000,#7F7F00,#FF7F3F,#3F3F3F,#7F7FBF,#FFFFFF,#7F003F
251173,sorolla,250,333,0.3988,0.13339,#FFFFFF,#7F3F00,#FF7F00,#BF7F7F,#7F7FBF,#003F00,#BF3F00,#7F3F3F,#003F00,#FFBF7F
251197,sorolla,250,170,0.4,0.09264,#00003F,#FF7F7F,#3F3F00,#FFFFFF,#BF3F3F,#3F3F00,#00003F,#3F7F7F,#7FBF7F,#FFBFBF
251241,sorolla,250,168,0.4,0.02546,#FFFFBF,#3F3F00,#BF7FBF,#000000,#BF3F3F,#3F3F3F,#00003F,#7FBF3F,#FF7F3F,#3F7FBF
251252,sorolla,250,441,0.4,0.36416,#3F3F3F,#FFFFFF,#BFBF7F,#000000,#FFBF7F,#FFBF00,#FFFFFF,#7FBF3F,#BFBFFF,#BF3F3F
251071,sorolla,250,294,0.4,2.8,#BF7F3F,#7F3F3F,#BF7F7F,#FFFFFF,#3F7FBF,#3F7F3F,#FFBFFF,#00003F,#7FBFBF,#BF7FBF
251141,sorolla,250,431,0.4,0.13274,#BF3F7F,#000000,#7F0000,#FFFFFF,#7FBF7F,#FFBF7F,#3F3F7F,#BF7F00,#003F00,#7F7F00
251149,sorolla,250,302,0.39868,0.73956,#BFBFFF,#BF3F3F,#3F0000,#FFBF7F,#3F7FBF,#FFFFFF,#BF7F7F,#BF7F3F,#FFFFFF,#3F3F3F
251192,sorolla,250,326,0.4,0.31743,#BFBF7F,#7F3F00,#FFFFBF,#000000,#BFBF3F,#3F7F7F,#FFFFFF,#BFBFFF,#BF3F3F,#BFBFFF
251196,sorolla,250,212,0.39811,0.07124,#BF3F3F,#3F0000,#FFFFBF,#3F7F00,#003F3F,#BFBF3F,#7F7FBF,#3F3F3F,#7F003F,#000000
251291,sorolla,250,167,0.4,2.49254,#BF7F00,#3F3F00,#7FBF7F,#3F3F7F,#7F7F00,#7F0000,#FFFFFF,#FFBF7F,#BF3F7F,#00003F
251292,sorolla,250,212,0.4,0.17997,#3F7F3F,#FFBF7F,#3F0000,#BF3F00,#FFFFFF,#000000,#BFBFBF,#FFBFFF,#BFBF3F,#BF3F7F
251310,sorolla,250,338,0.39882,0.06775,#BFBF7F,#003F00,#FFFFFF,#BF3F00,#FFBFBF,#3F0000,#7F3F00,#7FBFBF,#003F00,#7F7F7F
251324,sorolla,250,354,0.39887,0.23471,#003F7F,#BFFFBF,#000000,#7F3F00,#3F7FBF,#7F7F3F,#00003F,#FFFFFF,#003F00,#BF7F7F
251078,sorolla,250,168,0.39762,0.72926,#FFBF7F,#FF3F00,#000000,#BFBFFF,#FFBF3F,#FFFFFF,#BF7F7F,#7F3F3F,#FF3F7F,#FFFFFF
251103,sorolla,250,183,0.39781,0.46429,#FFFFFF,#7F7F7F,#FFBFBF,#FF3F00,#000000,#BFFFFF,#FFFF7F,#7FBFBF,#FF7F7F,#7F0000
251132,sorolla,250,250,0.4,0.65617,#FFFFFF,#7F7F00,#003F3F,#BFFFBF,#7F7F7F,#000000,#BF3F7F,#BFBFBF,#7F003F,#BFBF3F
251169,sorolla,250,363,0.4,3.025,#BFBF3F,#3F7F00,#3F7F7F,#FFBF7F,#00003F,#BF7F7F,#7FBFBF,#BF3F00,#7F0000,#FFFFFF
251186,sorolla,250,189,0.4,0.05676,#3F0000,#7F7F7F,#7F7F3F,#FFFFFF,#3F0000,#BF7F7F,#BFBFBF,#003F3F,#3F0000,#7F003F
251213,sorolla,250,209,0.4,7.2069,#BFBFBF,#7F3F3F,#BF7F7F,#3F7F7F,#7F7FFF,#BFBFFF,#FFFFFF,#BF7F3F,#3F3F7F,#000000
251237,sorolla,250,172,0.4,15.63636,#3F7F00,#BFBF7F,#BF7F7F,#FFFFFF,#FFFFBF,#00003F,#3F3F7F,#BFBF3F,#7F0000,#BF7F00
251246,sorolla,250,375,0.4,16.30435,#FFFFFF,#BF7F3F,#3F003F,#BFBFBF,#BFFFBF,#FFBF7F,#3F7F7F,#3F7FBF,#FFBFBF,#3F3F3F
251253,sorolla,250,333,0.3988,0.03412,#7F7F7F,#00003F,#7FBFFF,#FFBF7F,#FFFFFF,#003FBF,#FF7F00,#000000,#7F3F00,#BF7F3F
251281,sorolla,250,313,0.4,0.17744,#FFBFBF,#3F7F3F,#FFFFFF,#7F0000,#BF7F3F,#BF7F00,#003F00,#FF0000,#7FBFBF,#000000
251344,sorolla,250,212,0.39811,1.07107,#7FBFBF,#3F3F7F,#7F0000,#3F7F00,#FFBF00,#FFBF7F,#BF7F00,#000000,#BF7F7F,#BFFFFF
251293,sorolla,250,370,0.4,1.54812,#000000,#FFBF7F,#7F3F7F,#FFFFFF,#7F7F7F,#7F3F00,#BF7F3F,#BFBFFF,#003F7F,#3F7F00
251304,sorolla,250,351,0.4,31.90909,#BFBF7F,#3F3F7F,#BF3F7F,#FFBFFF,#3F0000,#3F3F3F,#7FBFBF,#FFFFFF,#7F7F3F,#FFFFBF
251313,sorolla,250,212,0.4,0.10653,#BF7F3F,#00003F,#BFBFFF,#FFBF7F,#000000,#3F7F7F,#7F7FBF,#FF7F3F,#7F3F00,#FFFFFF
251354,sorolla,250,323,0.4,1.0,#BF7F3F,#FFBFBF,#003F3F,#BF7F3F,#3F7F7F,#3F003F,#FFFFFF,#7F3F00,#7F0000,#7FBFBF
251087,sorolla,250,348,0.39885,0.24506,#3F3F3F,#BF7F3F,#FF3F00,#7F7FBF,#7F3F7F,#000000,#FFFFFF,#FFBF7F,#7F0000,#7F3F00
251091,sorolla,250,175,0.39771,0.464,#BFBF7F,#BF3F00,#FF3F3F,#7F003F,#000000,#7F7F3F,#FFBF00,#FFBF7F,#3F003F,#BF003F
251111,sorolla,250,168,0.39762,0.11246,#000000,#FFFFFF,#7F7F3F,#FFBFBF,#FFBF7F,#FFFFFF,#7F3F00,#FF7F3F,#BFBFFF,#3F0000
251267,sorolla,250,439,0.4,0.29803,#3F7F00,#FFBF7F,#00003F,#00003F,#FFFFFF,#BFBF3F,#BF3F3F,#7F0000,#3F7F7F,#7FBFBF
251278,sorolla,250,198,0.39798,0.05242,#BFBFBF,#3F3F7F,#000000,#7F7FBF,#000000,#7F7F3F,#BFBF7F,#FFFFFF,#3F7F3F,#7F7FFF
251305,sorolla,250,322,0.4,0.12637,#3F7F7F,#7FBFFF,#3F0000,#FFFFFF,#003F3F,#7F7F7F,#FFFFFF,#000000,#7F7F00,#7F7FBF
251308,sorolla,250,362,0.3989,0.40562,#7FBFBF,#7F3F00,#FFBF7F,#BF7F3F,#3F3FBF,#000000,#FFFFFF,#00003F,#3F7F3F,#FFFFFF
251105,sorolla,250,403,0.39901,0.03952,#FFBFFF,#7F3F00,#BF7F7F,#000000,#BFFFBF,#7F7F3F,#FFFFFF,#FFBFFF,#000000,#FFFFBF
251110,sorolla,250,323,0.39876,0.07167,#FF7F7F,#3F7F3F,#FFFFFF,#3F003F,#000000,#FFBFFF,#7F7F7F,#7F7F7F,#00003F,#BFBF7F
251179,sorolla,250,326,0.4,0.25252,#7F7F3F,#BFFFBF,#000000,#BF3F3F,#7FBFBF,#3F3F00,#FFBF7F,#FFFFFF,#3F3F7F,#FFBF3F
251223,sorolla,250,369,0.4,0.06796,#7F3F3F,#BFBF7F,#000000,#BF7F00,#3F3F3F,#3F0000,#FFFFFF,#3F7F3F,#00003F,#7F003F
251320,sorolla,250,497,0.3992,0.43206,#FFBF7F,#3F3F00,#3F3F7F,#003F7F,#FFFFBF,#7F7FBF,#BFBF3F,#7F3F00,#000000,#BF3F3F
251322,sorolla,250,344,0.39884,0.18362,#000000,#BF7F7F,#FFFFBF,#7F3F3F,#FFFFFF,#003F3F,#7F7FBF,#BF3F00,#BF7F00,#7F0000
251360,sorolla,250,163,0.39755,0.14002,#FF7F3F,#FFBF7F,#BF0000,#000000,#FF7F3F,#7F0000,#FFBF3F,#7F7F3F,#FFFFFF,#00003F
251375,sorolla,250,355,0.39887,0.09635,#7F3F00,#FFFF7F,#3F0000,#FFFFFF,#FFBFFF,#000000,#BF7F7F,#FF7F00,#BF7F7F,#BF0000
9223372032559849522,sorolla,250,241,0.39834,1.18227,#7F7F00,#FFFFBF,#7F0000,#BF3F7F,#000000,#FFFFFF,#FFBF7F,#7FBF7F,#3F3F7F,#3F3F00
251069,sorolla,250,340,0.39882,56.5,#7F3F3F,#FFBFFF,#BF7F7F,#3F7F7F,#BFFF7F,#FF7F3F,#FFBF7F,#FFFFFF,#7FBFFF,#FFBF3F
251082,sorolla,250,403,0.39901,0.14316,#FFFFBF,#7F3F00,#FF7F7F,#000000,#FFBF3F,#3F3F00,#FF3F00,#7F7F7F,#FFFFFF,#FFBF00
251099,sorolla,250,429,0.39907,0.0223,#000000,#7F7FBF,#000000,#7F3F3F,#FFFFBF,#7F7F3F,#FFBFBF,#003F7F,#FF7F3F,#3F3FBF
251107,sorolla,250,174,0.3977,0.0099,#00003F,#BFBF7F,#7F3F00,#BF3F3F,#3F3F3F,#FFFFFF,#00003F,#3F3F3F,#FFFF7F,#FF7F3F
251119,sorolla,250,165,0.39758,0.01503,#3F7F00,#FFBFBF,#003F00,#3F3F00,#FFFFFF,#7FBFBF,#3F0000,#BF7F3F,#3F7F7F,#3F003F
251120,sorolla,250,169,0.39763,0.10169,#000000,#FFFFFF,#BFBF7F,#BF7F3F,#FFFF7F,#FFFFFF,#7F3F00,#BFFF7F,#000000,#3F3F7F
251123,sorolla,250,348,0.39885,2.14198,#3F0000,#BFBFBF,#BF3F00,#7F3F00,#FFFFBF,#3F3F3F,#3F3F3F,#FF7F3F,#7F3F7F,#BFBF3F
251138,sorolla,250,275,0.39855,3.51282,#FFBF7F,#3F7F3F,#BFBFFF,#7F3F00,#BF7F7F,#00003F,#FFFFFF,#7FBFBF,#BF7F00,#7F3F3F
251143,sorolla,250,151,0.39735,0.01253,#003F00,#FFBF3F,#7F3F00,#3F7F3F,#003F00,#000000,#3F7F3F,#BF7F00,#7FBF3F,#FFFF7F
251160,sorolla,250,321,0.39875,4.63768,#3FBFBF,#FFFFBF,#3F3F00,#7F3FBF,#003F7F,#BFBF7F,#BFBFBF,#7F7F3F,#BFBFBF,#BF3F00
251188,sorolla,250,256,0.39844,0.03407,#000000,#FFBF3F,#BF3F00,#FFBFBF,#003F00,#000000,#003F3F,#7F7F3F,#3F3F00,#FFFFFF
251194,sorolla,250,171,0.4,0.18038,#BFBF3F,#FFFFFF,#000000,#3F3F7F,#FFBF7F,#7F7FBF,#7F0000,#BF3F3F,#FFBFFF,#3F7F00
251204,sorolla,250,321,0.39875,0.95238,#3F3F00,#BFBFFF,#000000,#3F7F7F,#FFBFBF,#BF7FBF,#BFBF3F,#BFFFFF,#7FFFBF,#BF3F3F
251225,sorolla,250,369,0.39892,0.03619,#BF3F3F,#000000,#FFBFBF,#3F003F,#FFBF3F,#3F7F3F,#7F7FBF,#BF3F00,#7FBF3F,#3F3F3F
251238,sorolla,250,333,0.3988,0.09973,#FFBF7F,#003F00,#FFFFBF,#7F7F3F,#7F3F3F,#003F3F,#BF7F00,#7F7F7F,#00003F,#FFFFFF
251256,sorolla,250,428,0.39907,0.06802,#7F003F,#BF7F7F,#3F0000,#FFBF7F,#BF7F00,#BFBFBF,#3F7F7F,#3F3F00,#000000,#00003F
251259,sorolla,250,189,0.39788,0.22899,#FFBF3F,#3F0000,#BF7F00,#003F00,#BF7F7F,#FFFFBF,#000000,#FF7F00,#3F7F3F,#7F003F
251270,sorolla,250,219,0.39817,0.0104,#7F7F7F,#3F0000,#FFFFFF,#7F3F00,#FFBF7F,#000000,#BF3F00,#7F7F00,#3F3F00,#FF7F3F
251297,sorolla,250,170,0.39765,0.49415,#FF3F00,#BF7FBF,#3F3F7F,#FFFFFF,#FFFFBF,#000000,#FF7F3F,#BFFFBF,#7F7F3F,#7F0000
251312,sorolla,250,323,0.39876,0.01651,#003F00,#7F7F7F,#3F003F,#FFFFFF,#3F7F3F,#3F3F3F,#FF7F3F,#BF3F00,#003F00,#FFBFBF
251323,sorolla,250,333,0.3988,1.30709,#00003F,#7F7FBF,#FFBFFF,#7F7F3F,#FFFFFF,#FFBF7F,#00003F,#7F3F3F,#BFBFFF,#BF7F3F
251358,sorolla,250,385,0.39896,0.02575,#003F3F,#FFFFFF,#3F7FBF,#003F00,#003F3F,#7F7F3F,#FFBF7F,#000000,#BFBFBF,#BF7F7F
251363,sorolla,250,177,0.39774,0.01055,#00003F,#FFFFFF,#000000,#BF7F7F,#003F3F,#00003F,#7F3F3F,#FFFFFF,#7F3F3F,#FFFFBF
251366,sorolla,250,331,0.39879,0.01023,#7F0000,#000000,#7F7F3F,#000000,#FFBF7F,#7F003F,#3F7F00,#003F3F,#00003F,#BF7F00
251367,sorolla,250,174,0.3977,0.11352,#7F3F00,#FFBFBF,#000000,#BF7F00,#BF0000,#7F7F3F,#FF7F7F,#003F00,#3F3F00,#3F3F00
251368,sorolla,250,201,0.39801,0.02631,#3F3F3F,#FF7F3F,#3F7F00,#000000,#3F3F00,#BF3F3F,#3F0000,#FFBF7F,#BF3F3F,#7FBF3F
251372,sorolla,250,370,0.39892,0.06084,#FFBF7F,#3F3F3F,#3F3F00,#FF7F00,#BF3F00,#7F3F3F,#7F7F7F,#7F3F7F,#3F0000,#003F3F
251374,sorolla,250,175,0.39771,7.56522,#BF7F7F,#3F7F7F,#3F0000,#BF3F3F,#FFBF3F,#3F7F7F,#007F3F,#FFFFBF,#FF7F7F,#BF3F00
251376,sorolla,250,360,0.39889,0.03117,#7F7F3F,#3F0000,#FFBFBF,#BF3F00,#FFBF3F,#3F3F3F,#BF3F7F,#3F0000,#7F0000,#000000
251377,sorolla,250,348,0.39885,0.0236,#7FBF3F,#3F3F00,#003F00,#7F3F00,#FF7F00,#3F3F00,#7F0000,#7F3F3F,#FFBF7F,#FF7F00
251380,sorolla,250,336,0.39881,0.07972,#7F3F00,#FFBFBF,#FF7F00,#FFFFBF,#7F7F7F,#000000,#FFBF3F,#FFBF3F,#003F00,#7F7F3F
251381,sorolla,250,131,0.39695,0.01374,#7F3F00,#FFFFBF,#3F0000,#FF7F3F,#3F003F,#BF3F00,#7F7F7F,#BFBFBF,#003F3F,#3F003F
251382,sorolla,250,375,0.39893,0.03248,#BFBFBF,#003F00,#7F7F7F,#FFFF7F,#000000,#FF7F00,#3F3F00,#FF7F3F,#7F3F00,#FFFFFF
251384,sorolla,250,320,0.39875,0.01442,#3F0000,#7F7F00,#BFBF7F,#000000,#FFBF3F,#003F3F,#7F003F,#3F3F3F,#FF7F00,#7F7F7F
251386,sorolla,250,199,0.39799,0.20349,#BFBFFF,#7F7F3F,#3F3F00,#FFBFBF,#FFBF7F,#7F7F00,#FFFFBF,#000000,#FFFF3F,#FF7F00
251387,sorolla,250,461,0.39913,0.0253,#000000,#BF7F7F,#7F3F3F,#FFFFFF,#BF7F3F,#3F003F,#7FBFBF,#FFBF7F,#00003F,#7F3F3F
251388,sorolla,250,158,0.39747,0.00495,#3F3F00,#BFBF7F,#7F0000,#FFFF7F,#3F003F,#BF7F00,#FFBF3F,#FF7F00,#3F7F00,#003F00
251389,sorolla,250,186,0.4,0.16563,#000000,#BFBF3F,#FFFFFF,#FFBF7F,#7F3F00,#7F7FFF,#BF7F00,#BF7FBF,#BF7F7F,#FF7F3F
251390,sorolla,250,386,0.39896,0.06142,#BF7F00,#FFFFFF,#BFBFBF,#3F3F00,#FFBF7F,#BF7F3F,#000000,#3F7F00,#FFBF00,#FFFFBF
251391,sorolla,250,349,0.39885,0.08848,#000000,#7F7F3F,#003F00,#7FBF7F,#3F007F,#FFBFBF,#007F7F,#BF3F3F,#3F007F,#FFBF3F
251392,sorolla,250,192,0.39792,0.00961,#3F0000,#BF7F7F,#BF0000,#003F7F,#FFBFBF,#BF3F3F,#3F0000,#7F3F7F,#3F003F,#FFFFFF
251394,sorolla,250,386,0.39896,0.30628,#FFFFFF,#BF3F00,#BFBF3F,#000000,#FFBFBF,#FFBF00,#BFFFBF,#7F7FBF,#FFFF7F,#7F3F3F
251395,sorolla,250,359,0.39889,1.0407,#FF3F3F,#FFFFFF,#3F003F,#FFBF7F,#FFBF00,#FFBFFF,#FF7F7F,#BF3F00,#3F0000,#7F3F3F
251396,sorolla,250,327,0.39878,1.79121,#BF7FFF,#7F7F7F,#FFFFFF,#3F003F,#FFFFFF,#FFBF7F,#7F3F3F,#3F7FBF,#FF7F00,#FFFFBF
251397,sorolla,250,433,0.39908,0.0872,#FFBF00,#3F3F00,#FFFFFF,#7F7F3F,#FFBF3F,#BFBF3F,#7F3F00,#000000,#FF3F00,#BF7F3F
251399,sorolla,250,154,0.3974,0.4322,#7F7F3F,#FF7F00,#3F003F,#FF3F00,#000000,#3F7F3F,#BFBF7F,#BF7F3F,#FFBF7F,#7F003F
251400,sorolla,250,375,0.39893,0.02275,#FFFFBF,#3F3F3F,#7F7F7F,#BF7F7F,#000000,#3F003F,#FF7F00,#7F7F00,#FFFFFF,#BFBFBF
251401,sorolla,250,180,0.39778,0.03434,#BF7F7F,#3F0000,#FFFFBF,#7F3F3F,#003F00,#7F3F00,#FF3F00,#FFBF3F,#000000,#7F0000
251402,sorolla,250,409,0.39902,0.09429,#FF7F00,#000000,#FFFFBF,#3F7F3F,#FFFFBF,#7F7F7F,#FFBF7F,#BF7F00,#3F3F00,#FFFFFF
251403,sorolla,250,179,0.39777,0.02024,#7F3F00,#003F00,#FFBF00,#3F7F3F,#003F3F,#FFBF3F,#BF7F00,#000000,#7F7F3F,#3F3F3F
251404,sorolla,250,322,0.39876,0.30113,#003F3F,#BF7F00,#3F0000,#BF7F3F,#000000,#003F00,#7F3F3F,#7F0000,#7F3F00,#FFBF7F
251405,sorolla,250,337,0.39881,0.14243,#BFBF7F,#BF3F00,#FFFFFF,#BF7F3F,#FFFF7F,#000000,#7FBFBF,#FFFFFF,#3F7F3F,#FFBF3F
251407,sorolla,250,314,0.39873,0.24491,#FFBF7F,#7F3F3F,#FF7F3F,#FFFFFF,#000000,#FFFFBF,#BFBFBF,#BF7F3F,#FFBFBF,#FF3F00
251408,sorolla,250,369,0.39892,0.02664,#7F0000,#BFBF3F,#000000,#7F7F3F,#3F3F00,#FFBFBF,#3F3F3F,#BF3F3F,#FF7F3F,#007F3F
251409,sorolla,250,315,0.39873,0.40726,#FF7F3F,#3F0000,#FF7F00,#FFFFBF,#FFFF00,#000000,#FFFF7F,#BF7F3F,#BF0000,#7F7F00
251413,sorolla,250,338,0.39882,0.01676,#7F003F,#FFBF7F,#3F0000,#7F7F3F,#FF3F00,#3F0000,#FFFFBF,#FFBF00,#FF7F3F,#7F3F3F
251415,sorolla,250,348,0.39885,0.33591,#BF3F3F,#FFBFBF,#BFBF3F,#000000,#FFFFFF,#7F7FBF,#BFBFBF,#7F0000,#FFBF3F,#3F3F3F
251416,sorolla,250,269,0.39851,0.04226,#000000,#7F7F7F,#7F3F00,#BF7F7F,#3F7F3F,#BF7F3F,#003F00,#BF3F00,#FFFFBF,#3F3F00
251417,sorolla,250,361,0.39889,0.03717,#3F0000,#FFFF7F,#7F3F3F,#3F0000,#FFFFFF,#FFBF7F,#BF7F3F,#3F3F00,#7F7F00,#003F00
251418,sorolla,250,342,0.39883,0.15802,#003F00,#7FBF3F,#FFFFFF,#3F3F7F,#7F3F00,#FFBF7F,#FF7F3F,#3F3F00,#7F7FBF,#BF3F3F
251419,sorolla,250,380,0.39895,0.01223,#BF7F00,#000000,#3F7F00,#FFBF7F,#00003F,#7F0000,#3F3F7F,#003F3F,#FF7F00,#BF7F7F
251420,sorolla,250,182,0.3978,0.01115,#7F3F00,#003F00,#FF7F3F,#3F3F3F,#3F003F,#FFBFBF,#3F0000,#BF7F3F,#3F3F3F,#BFBFBF
251421,sorolla,250,252,0.39841,0.08913,#3F3F3F,#FFBF7F,#00003F,#BF7F3F,#BF3F00,#BFBFBF,#FF7F00,#BF3F7F,#7F0000,#000000
251423,sorolla,250,377,0.39894,0.39248,#FFFFBF,#7F3F00,#FF7F3F,#BF7F7F,#000000,#FFBF7F,#FFBFFF,#3F0000,#7F7F7F,#FF7F00
251424,sorolla,250,219,0.39817,0.17581,#3F3F3F,#FFBF3F,#3F3F3F,#BF7F7F,#BF7F3F,#FFFFFF,#FF7F00,#7F7F3F,#000000,#FFBFBF
251425,sorolla,250,345,0.39884,1.27881,#7F3F3F,#FFBF7F,#FFFFFF,#BFBF3F,#BFBFFF,#000000,#7F7F3F,#7F7FBF,#3F0000,#FFBFFF
251426,sorolla,250,157,0.39745,0.07804,#FFBF7F,#003F00,#7F7F3F,#FFBF00,#BF7F7F,#7F3F00,#FFFFFF,#FF7F3F,#000000,#7F0000
251427,sorolla,250,378,0.39894,0.02073,#FFBF3F,#3F0000,#7F7F3F,#000000,#FF3F3F,#003F3F,#3F7F3F,#FF7F00,#7F0000,#BFBF7F
251428,sorolla,250,366,0.39891,0.02297,#3F3F00,#7F7F7F,#3F7F00,#BF7F00,#3F0000,#003F3F,#3F3F3F,#FFBF7F,#7F003F,#7F003F
251429,sorolla,250,320,0.39875,0.11042,#3F7F7F,#FFFFFF,#7F3F00,#3F003F,#FFBF7F,#000000,#FF7F3F,#003FBF,#3F00BF,#00003F
