251124,sorolla,50,50,1.96,0.15031,#00003F,#BFBF3F,#BF3F3F,#3F003F,#FFBF3F,#3F3F00,#BF3F3F,#FFFFBF,#BF003F,#FFBF3F
251108,sorolla,50,50,1.96,0.83051,#3F3F3F,#BFBFBF,#3F0000,#BFBF3F,#FFBFBF,#BF3F3F,#3F3F00,#000000,#BF3F3F,#FFFFBF
9223372032559865553,sorolla,50,50,1.96,0.19444,#BFBFBF,#3F3F3F,#3F003F,#FFFFFF,#3F3F3F,#BFBF3F,#BFBFFF,#BFFFFF,#BF3F3F,#3F003F
251106,sorolla,50,50,1.96,0.0353,#000000,#BFBFBF,#3F3F3F,#FFFFBF,#7F3F3F,#3F3F3F,#BF3F3F,#BFBF3F,#FFFFFF,#FFBF3F
251163,sorolla,50,50,1.96,0.19758,#BF3F3F,#3F3F00,#BFBFBF,#3F0000,#FFFFFF,#3F3F3F,#BFBF3F,#3F0000,#FFBFBF,#BF3F3F
251145,sorolla,50,50,1.96,1.16667,#BF3F00,#FFBFBF,#3F3F3F,#FFBF3F,#BF3F3F,#FFFFFF,#BFBF3F,#3F3F00,#BF003F,#FFFFBF
251207,sorolla,50,50,1.96,0.06825,#3F3F3F,#BFBF3F,#FFFFBF,#3F003F,#BF3F3F,#FFBF3F,#3F3F3F,#BF3F00,#3F3F3F,#FFBFBF
251215,sorolla,50,50,1.96,0.14162,#003F00,#BFBF3F,#3F3F3F,#FFFFFF,#003F3F,#3F3F3F,#BFBFBF,#BF3F3F,#003F00,#FFBFBF
251314,sorolla,50,50,1.96,0.09478,#BFFFFF,#3F3F00,#BFBFBF,#000000,#FFFFBF,#3F3F3F,#BFBF3F,#3F3F3F,#FFFFFF,#BF3F3F
251080,sorolla,50,50,1.96,0.6125,#BFBF3F,#BF3F3F,#3F0000,#3F3F00,#BF3F00,#3F0000,#FFBF3F,#FFBFBF,#3F3F3F,#FFFFBF
251090,sorolla,50,50,1.96,0.73134,#BF3F3F,#FFFFBF,#3F3F00,#FFBFBF,#003F00,#BFBF3F,#3F3F3F,#3F3F00,#BFBFBF,#FFBF3F
251094,sorolla,50,50,1.96,0.05645,#FFBF3F,#003F00,#BF3F00,#BFBF3F,#BF3F3F,#3F3F00,#3F3F00,#BFBF00,#FFBF00,#FFFF3F
251122,sorolla,50,50,1.96,0.0422,#BF3F3F,#3F3F3F,#3F3F00,#FFBFBF,#3F0000,#BFBF3F,#BF3F3F,#3F3F3F,#FFBF3F,#FFFFBF
251185,sorolla,50,50,1.96,0.31613,#3F0000,#BF3F3F,#BF3F3F,#FFBF3F,#3F3F3F,#BFBF3F,#3F3F3F,#FFFFBF,#3F3F3F,#BFBF3F
251269,sorolla,50,50,1.96,0.40164,#BFBF3F,#BF3F00,#3F3F3F,#FFBFBF,#000000,#BFBF00,#3F3F00,#BF3F3F,#FFBF3F,#BFBFBF
251357,sorolla,50,50,1.96,0.14244,#3F3F3F,#FFFFFF,#BFBF3F,#FFFFBF,#3F003F,#7FBFBF,#FFBFBF,#BF3F3F,#3F3F3F,#BF3F00
251206,sorolla,50,50,1.96,0.1454,#3F0000,#BFBFBF,#3F3F3F,#FFBF7F,#3F3F00,#BF3F3F,#BFBF3F,#FFFFBF,#BF3F3F,#3F0000
251309,sorolla,50,50,1.96,0.15909,#BFBFBF,#3F0000,#BF3F3F,#FFFFFF,#3F3F3F,#BFBF3F,#003F00,#FFBFBF,#FFFFBF,#3F3F3F
251102,sorolla,50,50,1.96,0.05309,#BF3F00,#003F00,#FFFFBF,#3F3F00,#BFBF3F,#3F3F00,#BFBF3F,#FFBFBF,#3F3F3F,#BF3F3F
251250,sorolla,50,50,1.96,0.08235,#BF3F3F,#000000,#FFBF7F,#3F3F3F,#BFBF3F,#3F3F3F,#FFFFBF,#3F003F,#BF3F00,#BFBFBF
251257,sorolla,50,50,1.96,0.11639,#BFBFBF,#3F3F3F,#003F00,#FFFFFF,#BFBF3F,#BF3F3F,#003F3F,#003F00,#3F3F00,#3F0000
251137,sorolla,50,50,1.96,0.05099,#3F3F00,#3F0000,#3F003F,#BF3F00,#BF3F3F,#FFFFBF,#3F3F3F,#BFBF3F,#FFFFFF,#BFBFBF
251183,sorolla,50,50,2.0,0.05637,#FFFFFF,#3F3F00,#BFBF3F,#3F3F00,#BFBFBF,#3F0000,#3F3F3F,#FFFFBF,#BF3F3F,#FFBFBF
251330,sorolla,50,50,1.96,0.05658,#000000,#BF3F00,#FFFFFF,#3F3F3F,#BFBF3F,#3F0000,#3F3F3F,#BF3F3F,#BFBFBF,#FFFFBF
251109,sorolla,50,50,1.96,0.04156,#BF3F00,#000000,#BFBF3F,#FFBF3F,#FFFFBF,#3F3F3F,#3F0000,#BF3F3F,#3F3F3F,#FFBFBF
251114,sorolla,50,50,1.96,0.04329,#3F003F,#BF7F7F,#003F00,#FFFFFF,#BF3F00,#FF7F3F,#BF3F3F,#FFFFBF,#FFBF3F,#3F3F00
251125,sorolla,50,50,1.96,0.12129,#BF3F3F,#3F0000,#3F3F3F,#FFBF7F,#7FBFBF,#3F0000,#FFFFBF,#BFBF3F,#3F3F00,#BFBFFF
251127,sorolla,50,50,1.96,0.23786,#BF3F3F,#3F3F3F,#FFBF3F,#BF3F3F,#FF3F3F,#003F3F,#3F3F3F,#BF0000,#FF3F00,#FFFFBF
251193,sorolla,50,50,1.96,0.34507,#BF3F3F,#BFBFFF,#3F0000,#3F3F3F,#BFBFBF,#FFFFFF,#000000,#3F3F00,#BFBF3F,#BFFFFF
251277,sorolla,50,50,1.96,0.05998,#BF3F3F,#FFBFBF,#000000,#3F3F3F,#FFFFFF,#BFBFBF,#3F3F00,#BFBF3F,#3F3F00,#FFFFBF
251315,sorolla,50,50,1.96,0.2103,#BFBF3F,#3F0000,#3F7FBF,#BFBFBF,#3F3F3F,#FFFFFF,#3FBFFF,#3F3F00,#BF3F3F,#3F3F3F
251065,sorolla,50,50,1.96,0.03127,#3F3F00,#000000,#BFBFBF,#3F0000,#BFBF3F,#3F3F3F,#FFFF7F,#BF3F3F,#BF3F00,#3F3F3F
251152,sorolla,50,50,1.96,0.10722,#BF3F3F,#3F3F00,#FFBFBF,#3F0000,#BF3F00,#3F3F00,#FFBF3F,#FFFFFF,#FFFFBF,#BFBF3F
251155,sorolla,50,50,1.96,0.06355,#BFFFFF,#3F3F00,#3F3F3F,#3F0000,#BFBF3F,#3F3F00,#BFBFBF,#FFFFBF,#BF3F3F,#FFFFFF
251272,sorolla,50,50,1.96,0.08991,#000000,#BFBF3F,#FFFFFF,#3F3F00,#BFBFBF,#3F3F3F,#FFBF3F,#BFFFFF,#3F0000,#BFBFFF
251279,sorolla,50,50,1.96,0.28,#FFFFFF,#3F3F3F,#BFBF3F,#3F0000,#3F3F00,#BF3F3F,#BFBFBF,#BF3F00,#3F3F00,#BFBF00
251334,sorolla,50,50,1.96,0.07227,#3F3F00,#BFBF3F,#000000,#BFBFBF,#3F3F3F,#FFFFBF,#FFFFFF,#BF3F3F,#3F0000,#FFBFBF
251348,sorolla,50,50,1.96,0.24138,#000000,#BF3F3F,#FFFFBF,#3F3F00,#BFBF3F,#003F00,#3F3F3F,#FFBFBF,#BFBFBF,#FFBF3F
251378,sorolla,50,50,1.96,0.03095,#BF7FBF,#003F3F,#BF3F3F,#FFBF3F,#3F3F3F,#3F3F00,#00003F,#FFBFBF,#FF3F3F,#3F003F
251411,sorolla,50,50,1.96,0.05046,#FFFFFF,#3F003F,#BF7F3F,#FFBF3F,#BFBFBF,#3F3F3F,#7F3F3F,#3F003F,#FFBFBF,#BFFFFF
251070,sorolla,50,50,1.96,1.75,#BFBFBF,#FFFFFF,#003F00,#FFBFBF,#FFFFBF,#FFBFFF,#BFBFFF,#BFBF3F,#3F3F3F,#BF3F3F
251153,sorolla,50,50,1.96,0.13279,#3F3F00,#BFFFFF,#3F003F,#3F3F3F,#FFFFFF,#BFBFBF,#3F003F,#BF7F00,#BFBF3F,#FFFFBF
251306,sorolla,50,50,1.96,4.08333,#FFBF3F,#3F3F3F,#BFFFFF,#3F3F3F,#BF3F3F,#BFBF3F,#FFFFFF,#7FBFBF,#BF3F3F,#3F3FBF
251076,sorolla,50,50,1.96,0.85965,#FFFFBF,#3F3F3F,#BFBFBF,#BFBF3F,#3F3F00,#BF3F3F,#3F0000,#FFFFFF,#000000,#FFBFBF
251104,sorolla,50,50,1.96,0.66216,#FFFFFF,#BF3F00,#3F3F00,#FFBF3F,#FFFFBF,#3F0000,#BFBF00,#003F00,#BFBF7F,#FFBF00
251211,sorolla,50,50,2.0,0.3125,#3F3F3F,#FFBFBF,#BFBF3F,#FFFFFF,#003F3F,#BFBFBF,#BF3F3F,#3F3F3F,#3F003F,#FFFFBF
251217,sorolla,50,50,1.96,0.10962,#FFFFFF,#3F0000,#BF3F3F,#FFBF3F,#000000,#BFBFBF,#BF3F00,#3F3F3F,#FFBFBF,#FF3F3F
251219,sorolla,50,50,1.96,1.32432,#FFFF3F,#BF3F00,#FFBF3F,#FFBF00,#BFBF3F,#3F3F00,#FFFFBF,#FF3F00,#BFBF3F,#FFBFBF
251321,sorolla,50,50,1.96,0.04383,#3F3F00,#FFBFBF,#BF3F3F,#FFFFFF,#3F0000,#BFBFBF,#3F3F3F,#3F3F00,#FFBFFF,#BFBF3F
251353,sorolla,50,50,1.96,0.08333,#3F3F00,#BFBFBF,#000000,#BFBF3F,#3F3F3F,#BF3F3F,#FFFFFF,#3F0000,#003F3F,#FFBFBF
251073,sorolla,50,50,1.96,0.07853,#000000,#3F3F3F,#BFBFBF,#3F3F3F,#FFFFFF,#3F003F,#BFBF3F,#BF3F00,#FFFFBF,#BF3F3F
251083,sorolla,50,50,1.96,1.75,#BFBFBF,#FFBF3F,#3F3F3F,#FFFFBF,#BFBF3F,#BF3F3F,#FFBFBF,#00003F,#3F3F3F,#BFFFBF
251117,sorolla,50,50,1.96,0.07132,#BF3F00,#3F3F00,#FFFFFF,#3F3F00,#FFBFBF,#BF3F3F,#BF3F00,#BFBFBF,#FFBF3F,#3F3F00
251140,sorolla,50,50,1.96,0.25128,#FFFFBF,#000000,#BFBF3F,#BFBFFF,#7F3F00,#FFFFFF,#BFBFBF,#3F3F3F,#BFFFFF,#BF3F3F
251177,sorolla,50,50,1.96,0.03914,#003F3F,#FFFFFF,#BFBF3F,#3F3F3F,#FFBFBF,#BFBFBF,#BF3F3F,#3F0000,#00003F,#FFFFBF
251247,sorolla,50,50,1.96,0.0784,#FFBF00,#3F3F3F,#BFBFFF,#000000,#FFFFBF,#BFBF3F,#3F3F00,#FFFFFF,#3F3F3F,#BFBFBF
251319,sorolla,50,50,1.96,0.10381,#BF3F3F,#3F0000,#FFFFFF,#BFBF3F,#3F3F00,#FFBF3F,#BFBFBF,#3F0000,#BF3F00,#3F3F3F
251351,sorolla,50,50,1.96,0.0699,#3F3F3F,#BFBFBF,#3F0000,#BFFFFF,#BFBFFF,#3F3F00,#BFBF3F,#3F3F00,#3F0000,#BF3F3F
251352,sorolla,50,50,1.96,0.13315,#003F00,#3F7FBF,#3F3F3F,#BFBFBF,#003F3F,#BFBF3F,#BFBFFF,#3FBFFF,#BF3F3F,#3F3F00
251121,sorolla,50,50,1.96,0.81667,#7F3F3F,#FFFFFF,#3F0000,#FFBFBF,#FFFFBF,#BFBF3F,#BFBFBF,#3F3F3F,#FFBF3F,#3F003F
251166,sorolla,50,50,1.96,0.12895,#3F0000,#BF3F3F,#3F3F3F,#BFBFBF,#3F3F3F,#3F003F,#FFBFBF,#BFBF3F,#3F3F3F,#FFBF3F
251282,sorolla,50,50,1.96,0.05224,#3F3F3F,#000000,#FFBF3F,#BF3F3F,#FFFFBF,#BFBF3F,#3F3F3F,#BF3F00,#BFBFBF,#3F003F
251307,sorolla,50,50,1.96,0.38583,#FFBFBF,#BF3F3F,#BFBFBF,#000000,#FFFFFF,#BFBF3F,#FFFFBF,#BF3F00,#3F3F3F,#3F3F3F
251385,sorolla,50,50,1.96,0.14203,#BF7F3F,#BFBFBF,#000000,#FFFFFF,#3F3F3F,#3F3F3F,#BFBF3F,#BF3F3F,#FFBFBF,#3F003F
251089,sorolla,50,50,1.96,0.02952,#00003F,#BFBF3F,#3F3F00,#3F3F00,#BF3F3F,#3F3F3F,#BF3F3F,#BFBFBF,#FFBF3F,#FFBFBF
251096,sorolla,50,50,1.96,0.55056,#FFFFFF,#3F0000,#FFBFBF,#FFFFBF,#BF3F3F,#FFBF3F,#BFBFBF,#000000,#3F3F00,#BFBF3F
251158,sorolla,50,50,1.96,0.21973,#FFFFBF,#3F3F3F,#BFBFBF,#000000,#FFBFBF,#BFBF3F,#3F3F00,#FFFFFF,#FFBF3F,#BF3F3F
251182,sorolla,50,50,1.96,0.05506,#3F0000,#FFBF3F,#3F3F3F,#00003F,#3F3F00,#BF3F3F,#BFBF3F,#FFFFBF,#00003F,#003F3F
251244,sorolla,50,50,1.96,0.32237,#FFBF3F,#000000,#FFFFFF,#BFBF3F,#3F3F3F,#BFBFBF,#FFFFBF,#BFFFFF,#BFFFBF,#3F3F00
251262,sorolla,50,50,1.96,0.0875,#3F0000,#BFBF3F,#3F3F00,#FFFFFF,#3F0000,#3F3F3F,#BFBFBF,#BF3F3F,#FFBF3F,#BF3F3F
251335,sorolla,50,50,1.96,0.28,#BFBFFF,#3F0000,#BF3F3F,#FFFFFF,#3F3F3F,#3F3F00,#BFBFBF,#FFBF3F,#3F0000,#BFFFFF
251406,sorolla,50,50,1.96,0.49,#BFBF3F,#FFFFFF,#3F3F00,#BFBFBF,#BF3F00,#FFBF3F,#000000,#3F7FBF,#FFBFBF,#3F003F
251422,sorolla,50,50,2.0,0.20161,#FFFFBF,#3F3F3F,#FFFFFF,#000000,#BFBFBF,#3F0000,#BFFFFF,#FFBFBF,#BF3F3F,#BFBFFF
251181,sorolla,50,50,1.96,0.09316,#BFBF3F,#3F003F,#BF3F3F,#3F0000,#FFFFFF,#3F3F00,#BF3F00,#3F3F3F,#BFBFBF,#FFBFBF
251205,sorolla,50,50,1.96,0.20763,#00003F,#3F3F3F,#BFBFBF,#000000,#3F003F,#3F3FBF,#FFFFFF,#BF3F3F,#BFBF3F,#BF3FBF
251232,sorolla,50,50,1.96,0.0789,#BFBFBF,#3F3F00,#3F3F00,#000000,#BFBF3F,#3F3F3F,#BF3F3F,#FFFFBF,#BF3F3F,#FFBF3F
251236,sorolla,50,50,1.96,0.0703,#3F0000,#BFBFBF,#3F3F3F,#FFFFFF,#3F3F00,#BFBF3F,#3F3F00,#BF3F3F,#BF3F00,#3F3F3F
251239,sorolla,50,50,1.96,0.0818,#FFBFBF,#3F0000,#BF3F3F,#003F00,#FFFFFF,#3F3F00,#BFBF3F,#3F3F3F,#FFFFBF,#FFBF3F
251261,sorolla,50,50,1.96,0.0328,#BF3F3F,#3F0000,#FFBFBF,#3F0000,#3F3F3F,#BF3F3F,#3F3F3F,#FFBF3F,#BFBF7F,#FFFFBF
251128,sorolla,50,50,1.96,0.02452,#3F003F,#3F0000,#FFBF3F,#BF3F00,#FFFFBF,#FFBF00,#3F3F00,#FF3F00,#BF3F3F,#FFFF3F
251131,sorolla,50,50,1.96,0.08478,#003F3F,#BF3F3F,#7FBFBF,#3F3F3F,#000000,#BFBF3F,#FFFFBF,#3F003F,#3F3F00,#3F3FBF
251144,sorolla,50,50,1.96,0.02239,#000000,#BFBF3F,#3F3F00,#FFBF3F,#FFFFBF,#3F3F00,#3F7F3F,#BF3F3F,#FFFF3F,#BF3F00
251164,sorolla,50,50,1.96,9.8,#BFBFBF,#3F3F3F,#BFBF3F,#BF3F3F,#FFBF3F,#3F3F3F,#003F3F,#FFBFBF,#3F7FBF,#3F0000
251255,sorolla,50,50,1.96,0.30435,#3F0000,#BFBFBF,#3F3F3F,#BFBF3F,#3F3F3F,#3FBFBF,#BF3F3F,#3F0000,#FFFFBF,#3F3FBF
251338,sorolla,50,50,1.96,0.08642,#3F3F3F,#BFBFBF,#3F0000,#BFBF3F,#FFFFFF,#3F3F3F,#3F3F00,#3F003F,#3FBFBF,#BF3F3F
251072,sorolla,50,50,1.96,3.76923,#3F3F3F,#BFBFBF,#BFBF3F,#BF3F3F,#FFFFFF,#FFFF7F,#FFBF3F,#3F3F3F,#BF3F3F,#FFBFBF
251134,sorolla,50,50,1.96,0.15961,#BFBFBF,#3F0000,#3F3F3F,#FFBFBF,#3F0000,#FFFFFF,#FFBF3F,#BF3F3F,#BFBF3F,#3F3F00
251142,sorolla,50,50,1.96,0.1454,#3F3F3F,#FFFFFF,#3F3F00,#BFBF3F,#3F3F3F,#3F3F00,#BF3F3F,#BFBFBF,#FFFFBF,#3F003F
251162,sorolla,50,50,1.96,0.0697,#3F3F3F,#BFBFBF,#000000,#3FBFBF,#3F3F3F,#3F003F,#3F3FBF,#FFFFFF,#3F3F00,#3F0000
251180,sorolla,50,50,1.96,0.26064,#FFFFBF,#3F3F3F,#BFBFBF,#000000,#FFBFBF,#FFFFFF,#BFBFFF,#BF3F3F,#BFFFFF,#BFBF3F
251187,sorolla,50,50,1.96,0.05041,#3F3F3F,#3F003F,#BFBF3F,#003F00,#3FBF00,#BFBF3F,#FFFFBF,#3F3F3F,#3FBF3F,#FFFF3F
251191,sorolla,50,50,1.96,0.83051,#BFBFBF,#FFFFFF,#7F003F,#BF3F3F,#3FBFFF,#FFBF7F,#BF3F3F,#3F0000,#FFBFFF,#3F3F3F
251208,sorolla,50,50,1.96,0.05738,#000000,#3F3F3F,#BFBF3F,#003F00,#BF3F00,#3F3F3F,#BFBF00,#3F3F3F,#FFBFBF,#BF3F3F
251251,sorolla,50,50,1.96,0.05052,#3F3F3F,#FFFFBF,#3F3F00,#BFBF3F,#FFBF3F,#FFFFFF,#3F3F3F,#FFBFBF,#003F3F,#BFBFBF
251254,sorolla,50,50,1.96,0.03443,#000000,#FFBFBF,#BF3F3F,#3F0000,#3F3F3F,#3F3F00,#BFBF3F,#FFBF3F,#BFBFBF,#FFFFFF
251286,sorolla,50,50,1.96,0.11922,#3F3F3F,#3FBFBF,#003F3F,#3F3F3F,#BFBFBF,#3F3FBF,#FFFFFF,#003F3F,#3FBF3F,#3F3F3F
251331,sorolla,50,50,1.96,0.11061,#BF3F3F,#00003F,#3F3F3F,#3F3F3F,#BFBF3F,#BFBFBF,#3F3F3F,#BF3F3F,#FFBFBF,#00003F
251337,sorolla,50,50,1.96,0.36842,#BF7F3F,#BFBFFF,#3F3F3F,#FFFFFF,#BFBFBF,#003F00,#BFFFFF,#7F3F3F,#FFFFBF,#FFBFBF
251349,sorolla,50,50,1.96,0.20082,#BF3F3F,#FFFFBF,#3F0000,#3F3F3F,#3F3F3F,#BFBF3F,#FFBF3F,#FFFFFF,#00003F,#BFBFBF
251398,sorolla,50,50,1.96,0.03993,#00003F,#FFBF3F,#BF3F00,#3F3F00,#BFBFBF,#FFBFBF,#3F3F00,#BFBF3F,#BF3F3F,#3F3F3F
251410,sorolla,50,50,1.96,0.22273,#3F3F00,#FFBF3F,#BF3F00,#FFBFBF,#FF3F00,#BF3F00,#7F3F3F,#3F3F00,#3F3F00,#FFFFFF
251146,sorolla,50,50,1.96,0.11239,#3F3FBF,#00003F,#FFFFFF,#BFBFBF,#3F3F3F,#3FBFBF,#BFFFFF,#3F3F3F,#3F3F3F,#00003F
251156,sorolla,50,50,1.96,0.42241,#BF3F3F,#BFBFBF,#3F3F00,#FFFFFF,#BFBF3F,#3F3F3F,#3F3F00,#FFBFBF,#3F3F00,#BFBFFF
251170,sorolla,50,50,1.96,1.68966,#BFBFBF,#3F3F3F,#FFFFBF,#BFBF3F,#BF3F3F,#3F0000,#FFBFBF,#FFFFFF,#3FBFBF,#BFBFFF
251189,sorolla,50,50,1.96,0.48039,#3FBFBF,#3F3F3F,#BFBFFF,#BFBFBF,#3F3F3F,#3F0000,#FFFFFF,#3F3FBF,#BF3F3F,#BFBF3F
251233,sorolla,50,50,1.96,0.85965,#BF3F00,#BFBFBF,#FFFFFF,#00003F,#3F3F3F,#3F3F3F,#BF3F3F,#BFBF3F,#3F3FBF,#BFBF00
251234,sorolla,50,50,1.96,0.98,#3F3F3F,#BFBFBF,#BF3F3F,#3F3F3F,#FFFFBF,#BF3F3F,#000000,#3F3FBF,#BFBF3F,#3F003F
251287,sorolla,50,50,1.96,0.16955,#BFFFFF,#BF3F3F,#3F0000,#3FBFBF,#BFBFBF,#3F3F3F,#3F3F3F,#3F003F,#BFBF3F,#3F3FBF
251288,sorolla,50,50,1.96,24.5,#3F3F3F,#BFBFBF,#3FBFBF,#3F3FBF,#3F3F3F,#BFFFFF,#3F3F3F,#BFFFBF,#00003F,#BF3F3F
251299,sorolla,50,50,1.96,1.36111,#3F3F3F,#BFBFBF,#BFBF3F,#BF3F3F,#3F3F3F,#BF3F3F,#FFFF7F,#BFFFFF,#FFBF3F,#3F3F00
251329,sorolla,50,50,1.96,0.19066,#BF3F3F,#3F0000,#BFBFBF,#BFBF3F,#3F0000,#FFFFFF,#3F3F3F,#FFBF3F,#BF3F00,#FFBFBF
251346,sorolla,50,50,1.96,1.53125,#FFBF7F,#BFBFBF,#3F0000,#3F3FBF,#BFBFFF,#FFFFFF,#BF3F00,#3F3F3F,#3FBFBF,#3FBFFF
251414,sorolla,50,50,1.96,0.07368,#003F00,#BF3F3F,#3F3F00,#FF7F00,#BF3F00,#3F3F3F,#BFBF3F,#FFBF3F,#BFBFBF,#3F3F7F
251100,sorolla,50,50,1.96,0.19066,#BFBF3F,#FFFFFF,#000000,#7F3F3F,#FFFFBF,#3F3F3F,#FFBF3F,#3F3F00,#BF3F3F,#BFBFBF
251165,sorolla,50,50,1.96,0.18491,#BFBF7F,#3F003F,#FFBF3F,#FFBFBF,#FF3F3F,#003F00,#BF3F3F,#3F3F3F,#3F3F3F,#FFFFFF
251171,sorolla,50,50,1.96,0.20851,#3F3F3F,#BFBFFF,#7F3F00,#BF3F3F,#003F3F,#003F00,#3FBFBF,#3F3F00,#BFBF3F,#003FBF
251184,sorolla,50,50,1.96,0.02986,#3F0000,#BF3F3F,#3F3F00,#FFFFBF,#3F3F3F,#BF3F3F,#BFBF3F,#3F3F3F,#BFBFBF,#FFBF7F
251214,sorolla,50,50,1.96,0.12532,#3F3F3F,#FFBFBF,#3F3F3F,#3F0000,#BF3F3F,#BF3F3F,#3F3F3F,#3F3FBF,#FFFFBF,#FF3F3F
251221,sorolla,50,50,1.96,0.21875,#3F7FBF,#3F3F3F,#FFFFBF,#BFBFBF,#000000,#3F3F3F,#FFFFFF,#BFBF3F,#FFBFBF,#3F3FBF
251222,sorolla,50,50,1.96,0.37984,#00003F,#FFBFBF,#3F3F3F,#BFBF3F,#FFBF3F,#00003F,#BF3F3F,#003F3F,#BFBFBF,#FFFFBF
251248,sorolla,50,50,1.96,0.77778,#7FBFBF,#3F3F3F,#FFBFBF,#3F3FBF,#3F3F00,#BF3F3F,#003F00,#3F3F3F,#FFFFFF,#BFBF3F
251266,sorolla,50,50,1.96,0.94231,#BFBFBF,#3F3F00,#FFBF3F,#3F3F3F,#BF3F00,#BFBF3F,#BF3F3F,#003F00,#FFFFBF,#003F3F
251274,sorolla,50,50,1.96,0.79032,#BFBF3F,#3F3F3F,#BFBFBF,#000000,#7F3F00,#BF3F3F,#3F3F3F,#3FBFBF,#FFBFBF,#3F003F
251275,sorolla,50,50,1.96,0.1056,#3F3F3F,#00003F,#3F3FBF,#3F3F3F,#3F3F3F,#BFBFBF,#3F0000,#3F3F00,#BF3F3F,#3F003F
251276,sorolla,50,50,1.96,0.23558,#FFBFBF,#3F3F3F,#000000,#3F3F3F,#BFBF3F,#00003F,#3F3F00,#BF3F3F,#FFBF3F,#3F7FBF
251300,sorolla,50,50,1.96,0.0818,#3F3F3F,#BF3F3F,#00003F,#3F3F3F,#FFBF3F,#3F3F3F,#BFBF3F,#00003F,#3F3F3F,#BFBFBF
251327,sorolla,50,50,1.96,0.19679,#3F3F3F,#BFBF3F,#00003F,#3F3F3F,#BF3F3F,#00003F,#BFBFBF,#BF3F00,#3F3F00,#FFBF7F
251336,sorolla,50,50,1.96,0.12468,#3F3F3F,#BFBFBF,#00003F,#FFFFFF,#3F3F3F,#000000,#BFBF3F,#3F3FBF,#FFFFBF,#BF3F3F
251159,sorolla,50,50,1.96,0.3121,#BFBFFF,#BF3F3F,#3F0000,#FFFFFF,#BFBFBF,#3F3F3F,#3F3F3F,#3F0000,#3FBFBF,#FFBFBF
9223372032559849523,sorolla,50,50,1.96,0.03062,#003F00,#3F3F3F,#3F0000,#3F3F3F,#BF3F3F,#BFBF3F,#BF3F00,#BFBFBF
251079,sorolla,50,50,1.96,0.15361,#FFBF3F,#3F3F00,#BF3F00,#FFFFBF,#000000,#BFBF00,#BFBF3F,#FFBF00,#3F0000,#BF3F3F
251116,sorolla,50,50,1.96,0.41176,#FFBFBF,#3F3F00,#FFBF3F,#BF3F00,#FFFFBF,#003F3F,#FFFFFF,#BFBF3F,#3F3F00,#BF3F3F
251118,sorolla,50,50,1.96,0.15123,#3F3F00,#BF3F3F,#FFBFBF,#BFBF3F,#3F3F3F,#3F003F,#BFBFBF,#3F3F00,#FFFFBF,#BF3F00
251154,sorolla,50,50,1.96,0.11162,#3F3F3F,#3F3F00,#FFBF7F,#3F3F00,#BFBFBF,#3F3F00,#BFBF3F,#BF3F3F,#3F0000,#7FBFFF
251172,sorolla,50,50,1.96,0.03781,#3F0000,#BFBF3F,#3F003F,#3F3F3F,#FFFFBF,#3F3F00,#BF3F3F,#BFBFBF,#FFBFBF,#FFBF3F
251220,sorolla,50,50,1.96,0.90741,#BFBFBF,#3F3F3F,#FFFFFF,#BF7F3F,#FFFFBF,#BFBFFF,#3F0000,#3F3F3F,#BFFFFF,#BF3F00
251228,sorolla,50,50,1.96,0.42609,#BFBFFF,#3F3F3F,#FFFFFF,#BFBFBF,#3F0000,#3F3F00,#BFBF3F,#3FBFBF,#000000,#FFFFBF
251229,sorolla,50,50,1.96,1.81481,#003F3F,#BFBFBF,#3F3F3F,#BFBF3F,#003F3F,#FFFFBF,#BF3F3F,#003F3F,#3F3F3F,#BFBF3F
251273,sorolla,50,50,1.96,2.13043,#FFBFBF,#3F3F3F,#BFBF3F,#BFBFBF,#FFBF3F,#FFFFBF,#3F3F3F,#3FBFBF,#BF3F3F,#BFBF3F
251284,sorolla,50,50,1.96,0.11475,#7FBFFF,#3F3F00,#BF3F3F,#FFBFBF,#3F3F7F,#FFFFBF,#3F0000,#3F3F3F,#BFBFBF,#BFBF3F
251290,sorolla,50,50,1.96,0.3121,#BFBFBF,#3F3F3F,#3F3F3F,#FFFFFF,#3F3F3F,#3F3F00,#FFBF3F,#7F3F00,#BF3F00,#3F3FBF
251296,sorolla,50,50,1.96,1.25641,#BFBFBF,#FFFFFF,#BF7F00,#3F3F7F,#BFBF3F,#3F0000,#BF3F3F,#FFFFBF,#BFBFFF,#FFBF3F
251303,sorolla,50,50,1.96,0.19758,#3F003F,#BFBFBF,#3F3F3F,#FFFFBF,#FFBF7F,#BF3F00,#3F3F3F,#7F3F3F,#3F3F3F,#FFFFFF
251317,sorolla,50,50,1.96,0.04588,#3F3F3F,#003F00,#FFBF3F,#3F3F00,#003F3F,#BFBF3F,#3F3F3F,#BF3F3F,#3F003F,#BF7F3F
251325,sorolla,50,50,1.96,0.47115,#BFBF3F,#BF3F3F,#3F3F3F,#00003F,#FFBF3F,#3F3F00,#BF3F3F,#BFBFBF,#FFFFBF,#3F3F00
251332,sorolla,50,50,1.96,0.07993,#BFBF3F,#000000,#3F3F3F,#BFBFBF,#003F00,#3F3F3F,#3FBF7F,#003F3F,#BF3F3F,#FFBF7F
251355,sorolla,50,50,1.96,0.09879,#FFFFFF,#3F0000,#BF3F3F,#BFBFBF,#003F00,#3F3F00,#3F3F3F,#FFBFBF,#BFBFFF,#BFBF3F
251361,sorolla,50,50,1.96,1.68966,#FFFFBF,#BFBF3F,#3F3F3F,#BF3F3F,#3F3F3F,#FFBF3F,#BFBFBF,#000000,#FFBFBF,#3FBF3F
251364,sorolla,50,50,1.96,0.15909,#FFFFBF,#3F003F,#BF3F3F,#00003F,#3F3F3F,#BFBFBF,#FFBF3F,#00003F,#FFFFFF,#3F003F
251365,sorolla,50,50,1.96,0.07153,#FFFFBF,#3F003F,#BF3F3F,#3F003F,#3F3F3F,#BFBF3F,#BF3F00,#FFBF3F,#FFBFBF,#BFBF00
251373,sorolla,50,50,1.96,24.5,#7F3FBF,#BFBFBF,#3F3F00,#3F3F3F,#FFBF3F,#FFFFBF,#BFFFFF,#3F3F00,#3FBFBF,#BF3F3F
251379,sorolla,50,50,1.96,0.66216,#FF7F00,#FFBFFF,#3F0000,#FFBFBF,#FFBF3F,#BFBFFF,#FFFFBF,#FFFFFF,#3F0000,#BF3F00
251383,sorolla,50,50,1.96,5.44444,#FFBFBF,#BF3F3F,#BFBF3F,#FFBF3F,#FFFFBF,#BF3F00,#BFBFBF,#3F3F3F,#3F0000,#FF3F3F
251112,sorolla,50,50,1.96,1.75,#FF7F00,#BFBF3F,#3F3F00,#FFBF3F,#3F3F3F,#FF003F,#00003F,#BF3F3F,#FFFFBF,#3F003F
251147,sorolla,50,50,1.96,0.17014,#3F3F00,#FFBF7F,#BF3F3F,#000000,#FFFFBF,#3F3F3F,#BFBF3F,#3F3F3F,#BFBFBF,#3F3F00
251176,sorolla,50,50,1.96,0.03761,#3F3F00,#FFBFBF,#7F3F3F,#3F0000,#FFBF3F,#BF3F3F,#BFBFBF,#FFFFBF,#BFBF3F,#3F3F3F
251195,sorolla,50,50,1.96,0.05976,#3F003F,#3F3F3F,#BFBF3F,#3F3F3F,#BFBFBF,#BF3F3F,#BF3F3F,#3F3F00,#003F00,#FFBF3F
251200,sorolla,50,50,1.96,0.06042,#00003F,#FFFFBF,#3F3F3F,#BFBF3F,#3F3F3F,#BF3F3F,#003F3F,#BFBF00,#FFBF7F,#BF3F00
251216,sorolla,50,50,1.96,0.37692,#3F0000,#BFBFBF,#3F3F3F,#3F3F00,#BFBF3F,#BF3F3F,#3F0000,#3F3FBF,#FFFFBF,#3FBFBF
251226,sorolla,50,50,1.96,0.33562,#BFBFBF,#3F3F00,#BFBF3F,#3F3F3F,#BF3F3F,#FFBF3F,#3F3F00,#FFBFBF,#FFFFFF,#7F3FBF
251227,sorolla,50,50,1.96,0.3141,#BFBFBF,#3F3F00,#FF3F3F,#BF3F3F,#FFBFBF,#FFBF3F,#3F3F3F,#3F3F00,#FFFFFF,#BFBF3F
251231,sorolla,50,50,1.96,0.12827,#FFFFFF,#3F3F3F,#3F0000,#FFBF7F,#BFBF3F,#3F3F3F,#FFFFBF,#BFBFBF,#BF3F3F,#3F3F00
251243,sorolla,50,50,1.96,0.2,#FFBF3F,#BF3F3F,#3F003F,#BF3F3F,#3F0000,#FFBFBF,#BFBF3F,#FF3F3F,#3F3F3F,#BF0000
251295,sorolla,50,50,1.96,0.6125,#3F3F3F,#FFBF3F,#3F3F3F,#BFBF3F,#FFFF3F,#BF3F3F,#3F3F00,#BFBFBF,#BF3F3F,#FFFFBF
251316,sorolla,50,50,1.96,0.20763,#3F3F00,#FFFFBF,#3F003F,#3F3F3F,#FFFFFF,#3F3F00,#000000,#BFBF7F,#BF3F3F,#3F3FBF
251326,sorolla,50,50,1.96,0.30435,#FFBFBF,#3F3F3F,#BFBFBF,#000000,#BF3F3F,#FFFFBF,#FFFFFF,#BFBF3F,#3F0000,#3F3F00
251333,sorolla,50,50,1.96,0.08434,#3FBF7F,#000000,#3F3F3F,#FFFFFF,#BFBFBF,#BF3F3F,#003F3F,#3F3F3F,#3F3F3F,#BFBF3F
251359,sorolla,50,50,1.96,0.17314,#BF3F3F,#3F3F3F,#BFBF3F,#3F3F3F,#003F00,#3F3F00,#BFBFBF,#BF3F3F,#FFBF3F,#3F0000
9223372032559849524,sorolla,50,50,1.96,6.125,#FFBFBF,#BF3F3F,#3F0000,#FFFFFF,#BF3F3F,#FFFFBF,#BFBF3F,#FFBF3F,#BFBFBF,#3F3F3F
251081,sorolla,50,50,1.96,2.45,#FFFFFF,#FFBF3F,#FFFFBF,#3F0000,#FFBF00,#FFFF3F,#BF3F00,#BFBFBF,#FFBFBF,#FF3F3F
251084,sorolla,50,50,1.96,0.43363,#BFBFBF,#3F3F00,#BF3F3F,#FFFFBF,#3F0000,#FFBF3F,#BFBF3F,#003F00,#BF3F3F,#BF0000
251085,sorolla,50,50,1.96,0.10793,#3F3F3F,#BFBFBF,#3F3F3F,#003F00,#BF3F3F,#3F003F,#BFBF3F,#BF3F00,#FFBFBF,#3F3FBF
251086,sorolla,50,50,1.96,0.20763,#00003F,#BFBF3F,#BF3F00,#FFBFBF,#3F003F,#FFBF3F,#BF3F3F,#FFFFBF,#3F3F3F,#FF3F3F
251101,sorolla,50,50,1.96,0.16013,#3F3F00,#BFBFBF,#BF3F3F,#3F003F,#3F3F7F,#FFFFFF,#3F3F00,#FFBF3F,#3F3F3F,#BF3F00
251115,sorolla,50,50,1.96,0.42982,#BFBFBF,#3F3F3F,#BFBF3F,#3F3F3F,#BF3F3F,#3F3F3F,#FFFFBF,#003F3F,#BF3F3F,#FFBF3F
251129,sorolla,50,50,1.96,0.04379,#3F003F,#FFBF3F,#BF3F00,#3F3F00,#BFBF00,#3F3F00,#FFFF3F,#FFBF00,#BFBF3F,#BF3F3F
251130,sorolla,50,50,1.96,3.26667,#BFBFBF,#3F0000,#BFBF3F,#3F3F3F,#FFBFBF,#BF3F3F,#FFFFBF,#3F3F00,#BFBFFF,#3F3FBF
251161,sorolla,50,50,1.96,0.42241,#3F3F3F,#BFBF3F,#BF3F3F,#3F3F3F,#FFFFBF,#BFBFBF,#3F3F00,#FFBF3F,#3F0000,#FFFFFF
251202,sorolla,50,50,1.96,1.25641,#3F3F00,#BFBF3F,#FFBFBF,#FFFFFF,#FFFF7F,#FFBF3F,#BF3F3F,#3F3F3F,#BFBFBF,#000000
251264,sorolla,50,50,1.96,1.225,#BFBFBF,#BF3F3F,#FFBF3F,#3F0000,#BFBF3F,#3F3F3F,#BF3F3F,#3F3F3F,#003F00,#FFBFBF
251271,sorolla,50,50,1.96,0.69014,#BF3F3F,#FFFFBF,#3F3F3F,#BFBFBF,#BFBF3F,#003F3F,#3F3F3F,#3F3FBF,#3FBFBF,#FFFFFF
251280,sorolla,50,50,1.96,1.81481,#3F3F3F,#BFBFFF,#FFFFFF,#3F3FBF,#BF3F3F,#BFBFBF,#000000,#BFBF3F,#BF3F3F,#FFFFBF
251283,sorolla,50,50,1.96,0.098,#3F3F3F,#BFFFFF,#000000,#BFBF3F,#BFBFBF,#003F3F,#3F3F00,#00003F,#3FBFBF,#FFFFBF
251285,sorolla,50,50,1.96,0.69014,#BFBFBF,#3F3F3F,#3F0000,#BF3F3F,#BFBF3F,#3F3F00,#FF3F3F,#FFBF3F,#000000,#3FBFBF
251301,sorolla,50,50,1.96,0.08861,#FFBFBF,#00003F,#FFFFFF,#BF7F3F,#3F0000,#7FBFFF,#BFBFBF,#3F3F3F,#3F3F3F,#FFFFBF
251302,sorolla,50,50,1.96,6.125,#BFBF3F,#FFFFBF,#3F3F00,#3F3FBF,#FFBF3F,#FFFF3F,#FFBFBF,#BF3F00,#BFBFBF,#BFBF00
251311,sorolla,50,50,1.96,0.35766,#000000,#BFBF3F,#FFFFBF,#3F3F00,#BF3F3F,#3F3F3F,#BF3F3F,#FFFF3F,#7FBFBF,#FFBF3F
251339,sorolla,50,50,1.96,0.71014,#3F3FBF,#BFBF7F,#00003F,#BF3F3F,#3F3F3F,#FFFFFF,#000000,#FFBF3F,#003F3F,#FFBFBF
251341,sorolla,50,50,1.96,49.0,#3F3F3F,#BFBFBF,#BFBF3F,#BF3F3F,#3F3FBF,#FFBFBF,#FFBF3F,#3F003F,#3FBFBF,#BF3FBF
251347,sorolla,50,50,1.96,1.28947,#BFBF3F,#3F3F3F,#BFBFBF,#FFFFFF,#FFFFBF,#BF3F3F,#000000,#3FBFBF,#FFBFBF,#3F3FBF
251350,sorolla,50,50,1.96,1.68966,#BFBF3F,#FFFFBF,#BFBFBF,#3F003F,#BF3F3F,#FFBFBF,#3F3F3F,#FFFFFF,#000000,#3FBFBF
251371,sorolla,50,50,1.96,0.04438,#003F3F,#BFBF3F,#3F3F00,#FFBF3F,#3F3F3F,#BF3F00,#3F3F3F,#BF3F3F,#FFBFBF,#003F00
251393,sorolla,50,50,1.96,0.05556,#003F00,#BFBF3F,#3F3F00,#3F3F3F,#3F3F3F,#FFBF3F,#BF3F3F,#3F0000,#FFBFBF,#BF3F00
9223372032559844468,sorolla,50,50,1.96,2.22727,#FFBF3F,#3F3F3F,#7FBFBF,#3F3F3F,#3F3F3F,#3FBF3F,#3F3FBF,#BF3F3F,#FFFFBF,#BFBF3F
251066,sorolla,50,50,1.96,0.96078,#3F3F3F,#BFBFBF,#3FBFBF,#3F3F3F,#3F3FBF,#003F3F,#FFFFFF,#BF3F3F,#00003F,#BFBF3F
251074,sorolla,50,50,1.96,1.225,#3FBFBF,#3F3F3F,#BF3F3F,#BFBFFF,#BFBFBF,#3F3FBF,#FFFFFF,#000000,#BFBF3F,#3F3F00
251077,sorolla,50,50,1.96,0.84483,#FFFFBF,#BF3F00,#3F3FBF,#BFBFBF,#3F3F3F,#3F0000,#3F3F3F,#BFBF3F,#FFFFFF,#3FBFBF
251092,sorolla,50,50,1.96,49.0,#BFBFBF,#BF3F3F,#3F3F3F,#BFBF3F,#FFFFBF,#FFBFBF,#FFBF3F,#BF3F3F,#3F3F3F,#003F3F
251113,sorolla,50,50,1.96,0.03356,#3F3F00,#BF3F3F,#000000,#FFBF3F,#3F3F3F,#BFBF3F,#3F3F3F,#FFBF3F,#BF3F3F,#BFBF00
251150,sorolla,50,50,1.96,0.35252,#BFBF3F,#BF3F3F,#003F3F,#FFFFBF,#3F3F3F,#BFBFBF,#3F3F3F,#BF3F3F,#3F3F3F,#3F3FBF
251157,sorolla,50,50,1.96,2.13043,#BFBF3F,#BFBFBF,#3F3F3F,#BF3F3F,#FFBFBF,#000000,#FFFFBF,#3F3F00,#FFFFFF,#3FBFBF
251178,sorolla,50,50,1.96,0.10606,#3F3F3F,#BF3F3F,#3F3F00,#BFBF3F,#FFBF3F,#BFBFBF,#FFFFBF,#FFBFBF,#3F0000,#3F3F00
251198,sorolla,50,50,1.96,0.14497,#003F00,#BFBF3F,#3F3F3F,#FFFFFF,#BFBFBF,#003F00,#FFBFBF,#003F3F,#BF3F3F,#FFFFBF
251199,sorolla,50,50,1.96,0.44144,#3F0000,#BFBFBF,#3F3F3F,#BF3F3F,#FFBFBF,#BFBF3F,#3F0000,#3F3F00,#FFFFBF,#FFBF3F
251235,sorolla,50,50,1.96,3.76923,#3F3FBF,#FFFFBF,#BF3F00,#FFFFFF,#BFBF3F,#BF3F3F,#BFBF00,#FFBF3F,#003F00,#BFBFBF
251242,sorolla,50,50,1.96,0.15756,#BFBFBF,#3F3F00,#3F3F3F,#3F0000,#FFFFFF,#BF7F3F,#BF3F3F,#BFBF3F,#3F3F3F,#3F3FBF
251260,sorolla,50,50,1.96,0.25,#BF3F3F,#BFBF3F,#3F003F,#FFFF7F,#FFBF3F,#BF3F3F,#3F3F3F,#3F003F,#FFBFBF,#3F3F3F
251263,sorolla,50,50,1.96,4.45455,#FFFFFF,#BF3F00,#BFBFBF,#3F3F3F,#3F3FBF,#BF3F3F,#3F3F00,#FFBFBF,#FFFFBF,#7FBFFF
251289,sorolla,50,50,1.96,0.03984,#3F3F3F,#FFBF7F,#003F3F,#3F3F00,#3F3F3F,#FFFFFF,#BFBFBF,#BF3F3F,#BFBF3F,#BF3F00
251298,sorolla,50,50,1.96,3.26667,#BF3F3F,#BFBFBF,#3F3F3F,#FFFFFF,#BFBFFF,#BFBF3F,#3F3FBF,#BF3FBF,#3FBFBF,#000000
251362,sorolla,50,50,1.96,0.65333,#FFFFFF,#BFBF3F,#3F3F3F,#BFBFBF,#BF3F3F,#3F3F3F,#3F003F,#00003F,#3F3FBF,#3FBFBF
251067,sorolla,50,50,1.96,0.03858,#000000,#3F3F3F,#BF3F3F,#3F3F00,#BFBF3F,#3F3F00,#3F3F3F,#BFBFBF,#FFBFBF,#FFBF3F
251075,sorolla,50,50,1.96,0.94231,#3F3F3F,#FFBF3F,#BF3F3F,#3F3F3F,#BFBFBF,#BFBF3F,#3F3F3F,#003F3F,#FFFFBF,#3FBF3F
251088,sorolla,50,50,1.96,1.16667,#FF3F00,#FFFFBF,#3F003F,#FFBF3F,#FFFFFF,#FFBF00,#BF3F00,#FFFF3F,#BF3F00,#FFBFBF
251093,sorolla,50,50,1.96,0.098,#3F3F3F,#000000,#3FBFBF,#BF7F3F,#3F3F00,#FFFFBF,#BFBF3F,#3F0000,#3F3FBF,#BFBFBF
251097,sorolla,50,50,1.96,0.04224,#3F3F3F,#BFBF3F,#3F3F00,#FFFF3F,#FF7F00,#FFBF3F,#BF3F3F,#3F003F,#003F3F,#FFFFBF
251133,sorolla,50,50,1.96,0.23223,#BFBFBF,#BF3F00,#3F003F,#FFFF3F,#BF3F00,#FFBF3F,#3F003F,#BFBF3F,#FFFFBF,#3F3F00
251135,sorolla,50,50,1.96,0.4375,#FFBFBF,#3F3F3F,#BF3F3F,#3F3F3F,#BFBF3F,#FFBF3F,#BFBFBF,#3F0000,#FFFFBF,#7F3FBF
251148,sorolla,50,50,1.96,0.17438,#FF3F00,#FFBFBF,#000000,#FFBF3F,#BFBF3F,#BF3F3F,#FFFFFF,#BF3F3F,#FFFFBF,#3F3F00
251151,sorolla,50,50,1.96,0.44545,#FFFFFF,#BF3F3F,#BFBFBF,#3F3F3F,#BFBF3F,#00003F,#FFBFBF,#7FBFFF,#3F3F3F,#FFFFBF
251167,sorolla,50,50,1.96,24.5,#3F3F3F,#BFBFBF,#BF3F3F,#3F3FBF,#FFBFBF,#BFBF3F,#FFFFBF,#3F3F00,#3FBFBF,#BF3FBF
251174,sorolla,50,50,1.96,0.17883,#3F7F7F,#3F3F3F,#BFBFBF,#3F3F3F,#000000,#FFFFFF,#BFBF3F,#3F3F3F,#BF3F3F,#FFBFBF
251175,sorolla,50,50,1.96,0.14454,#FFBFBF,#3F3F00,#BF3F3F,#3F3F00,#3F3F3F,#FFBF3F,#BFBF3F,#FF3F3F,#FFFFBF,#BF3F3F
251203,sorolla,50,50,1.96,0.05169,#3F3F00,#003F00,#BFBFBF,#BF3F00,#3F3F3F,#003F3F,#BFBF3F,#003F00,#BFBF3F,#BF3F3F
251212,sorolla,50,50,1.96,0.2094,#3F0000,#BFBFBF,#BFBF3F,#BF3F3F,#FFFFFF,#3F3F3F,#3F3F00,#FFBFBF,#3F3FBF,#FFFFBF
251218,sorolla,50,50,1.96,0.07803,#BFBF3F,#000000,#FFBFBF,#3F3F3F,#FFFFBF,#BF3F3F,#BFBFBF,#3F3F00,#FFFFFF,#FFBF3F
251230,sorolla,50,50,1.96,0.14985,#BFBF3F,#003F00,#FFBFBF,#3F3F3F,#BFBFBF,#FFFFFF,#3F3F3F,#3F3F00,#BF3F3F,#3FBFBF
251240,sorolla,50,50,1.96,0.33562,#7F3F00,#FFBFBF,#BFBFBF,#3F0000,#FFFFFF,#BF3F3F,#BFBF3F,#3F3F3F,#BFBFFF,#3F0000
251245,sorolla,50,50,1.96,1.53125,#FFBF3F,#FFFFFF,#3F3F00,#FFFFBF,#BF3F00,#BFBFFF,#BFFFFF,#BFBF3F,#3F3F00,#FFFF3F
251249,sorolla,50,50,1.96,0.59756,#003F00,#BFBFBF,#BFBF3F,#BF3F3F,#FFFFFF,#003F3F,#3F7FBF,#3F3F3F,#FFBFBF,#FFFFBF
251268,sorolla,50,50,1.96,0.14121,#BFBFBF,#3F3F3F,#003F00,#3F3F00,#003F00,#BFBF3F,#00003F,#003F3F,#BF3F3F,#3F3FBF
251294,sorolla,50,50,1.96,0.08829,#FFFFBF,#3F3F3F,#003F3F,#BFBFBF,#3F3F00,#3F3F3F,#BF3F3F,#003F3F,#00003F,#3F3F00
251328,sorolla,50,50,1.96,0.10124,#3F3F3F,#3F3F00,#3F3F00,#BF3F3F,#3F3F00,#BFBF3F,#BF3F00,#3F3F3F,#003F00,#00003F
251340,sorolla,50,50,1.96,0.34028,#FFBFBF,#3F3F3F,#BFBF3F,#00003F,#BFBFBF,#BF3F3F,#3F3F00,#FFBF3F,#3F003F,#BF3F3F
251342,sorolla,50,50,1.96,1.11364,#FFFFFF,#BFBF3F,#003F00,#FFBFBF,#BF3F3F,#BFBFBF,#FFFFBF,#BFFFBF,#3F3F3F,#3F3F00
251343,sorolla,50,50,1.96,0.11502,#BFBFBF,#3F3F3F,#00003F,#3F003F,#BF3F3F,#BFBF3F,#3F3F00,#BF3F3F,#FFBFBF,#FFBF3F
251369,sorolla,50,50,1.96,0.1396,#BFBFBF,#3F3F3F,#3F3F00,#BF3F00,#BFBF3F,#3F3F3F,#FFBFBF,#BFBF3F,#3F3F3F,#3F3F3F
251190,sorolla,50,50,1.96,2.88235,#FFBFBF,#BF3F3F,#3F3F3F,#BFBFBF,#BFBF3F,#BF3F00,#FFBF3F,#FFBF00,#3F3F00,#3F3F00
251224,sorolla,50,50,1.96,0.77778,#FFFFFF,#BF3F3F,#BFBFBF,#3F3F00,#FFBF00,#BFBF3F,#BF3F3F,#000000,#BFBF3F,#3F3F7F
251265,sorolla,50,50,1.96,0.03553,#003F00,#3F3F3F,#BFBF3F,#FFFFBF,#BFBFBF,#3F3F3F,#3F3F3F,#BF3F3F,#3F3F00,#BF3F00
251318,sorolla,50,50,1.96,0.12694,#FFBFBF,#000000,#3FBF3F,#3F3F3F,#BFBF3F,#FFFFFF,#FFBF3F,#3F3F3F,#BFBFBF,#BF3F3F
251370,sorolla,50,50,1.96,0.33108,#3F3F00,#FFBFBF,#FFBF3F,#FFFFBF,#3F3F3F,#BFBF3F,#BF3F3F,#003F00,#BF3F3F,#FFFFFF
251210,sorolla,50,50,1.96,0.12596,#BF3F00,#BFBF3F,#3F0000,#FFFFBF,#3F3F3F,#3F3F3F,#FFBF3F,#BFBFBF,#3F003F,#FFBFBF
251068,sorolla,50,50,1.96,0.04414,#BFBFBF,#3F3F00,#3F3F00,#7F3F3F,#BF7F00,#BFBF3F,#3F3F00,#003F3F,#003F00,#FFFFFF
251136,sorolla,50,50,1.96,0.34507,#FFFFFF,#BF3F3F,#3F3F00,#3F3F3F,#BFBF3F,#BFBFBF,#000000,#FFFFBF,#FFBFBF,#FFBF3F
251139,sorolla,50,50,1.96,0.13243,#3F0000,#BFBF3F,#3F3F3F,#3F003F,#BFBFBF,#3F3F00,#BF3F3F,#FFFFFF,#3F3F3F,#3F003F
251173,sorolla,50,50,1.96,0.21212,#3F0000,#FFBF7F,#3F3FBF,#BF3F3F,#FFFFBF,#BF3F3F,#3F3F3F,#FFBF3F,#003F3F,#3F3F3F
251197,sorolla,50,50,1.96,0.13611,#003F3F,#BFBFBF,#3F3F3F,#FFFFFF,#00003F,#BF3F3F,#3F0000,#BFBF3F,#3F3F00,#FFBFBF
251241,sorolla,50,50,1.96,0.0584,#000000,#BFBF3F,#3F3F3F,#BF3F3F,#BFBFBF,#7F003F,#3F3F00,#FFBFBF,#003F3F,#FFFFFF
251252,sorolla,50,50,1.96,0.58333,#7F3F3F,#FFFFFF,#BFBF3F,#3F3F3F,#FFBF3F,#00003F,#BFBF3F,#FFBF3F,#BFBFBF,#BF3F00
251071,sorolla,50,50,1.96,1.58065,#3F3F3F,#BFBFBF,#3F3F00,#BF3F3F,#3F3FBF,#FFFFFF,#BF3FBF,#00003F,#BFBF3F,#BFBFFF
251141,sorolla,50,50,1.96,0.49495,#BF3F3F,#3F0000,#BFBFBF,#3F3F3F,#BFBF3F,#3F3F3F,#BF3F3F,#003F00,#FFBF3F,#BF3FBF
251149,sorolla,50,50,1.96,0.53846,#3F0000,#FFBFBF,#3F3FBF,#BFBFBF,#BF3F3F,#FFFFFF,#BFBFFF,#3F3F3F,#BFBF3F,#003F00
251192,sorolla,50,50,1.96,0.62821,#BFBFBF,#3F3F3F,#3F3F3F,#BFBF3F,#BF3F3F,#FFFFBF,#003F00,#BFBFFF,#FFBF3F,#FFBFBF
251196,sorolla,50,50,1.96,0.13687,#BF3F3F,#3F0000,#3F3F00,#BFBFBF,#3F3F00,#3F3F3F,#BFBF3F,#FFFFFF,#BF3F00,#BFBF3F
251291,sorolla,50,50,1.96,0.32667,#3F3F3F,#BF3F3F,#00003F,#BFBF3F,#3F3F3F,#BFBFBF,#3F3F3F,#BF3F00,#3F003F,#00003F
251292,sorolla,50,50,1.96,0.69014,#FFFFFF,#3F3F00,#BFBFBF,#BF3F3F,#3F0000,#BFBF3F,#3F3F3F,#FFBFBF,#FFFFBF,#BF0000
251310,sorolla,50,50,1.96,0.21586,#FFBF7F,#7F3F00,#3F3F3F,#3F3F00,#BFBF3F,#BF3F3F,#FFFFFF,#BFBFBF,#3F3F00,#BFBFFF
251324,sorolla,50,50,1.96,0.40833,#BF7F3F,#3F3F3F,#3F3F3F,#FFFFFF,#BFBFBF,#3F3F00,#3F0000,#3FBFBF,#3FBF3F,#FFFFBF
251078,sorolla,50,50,1.96,1.68966,#FF3F3F,#FFBFBF,#000000,#FFBF3F,#FFFFFF,#FF3F3F,#BF3F3F,#FFBFFF,#FFFFBF,#BFBFBF
251103,sorolla,50,50,1.96,0.90741,#BF3F3F,#FFBF7F,#BFBFBF,#FFFFFF,#000000,#FF3F3F,#FFFFBF,#BF3F00,#BFBFFF,#BF3FBF
251132,sorolla,50,50,1.96,0.65333,#BF3F3F,#BFBFBF,#3F0000,#3F3F3F,#FFFFFF,#00003F,#BFBF3F,#3F3FBF,#000000,#3F3F00
251169,sorolla,50,50,1.96,1.96,#BFBFBF,#3F3F3F,#BF3F3F,#BFBF3F,#3F3F00,#3F0000,#BF3F00,#FFFFBF,#FFBF3F,#3F3FBF
251186,sorolla,50,50,1.96,0.13388,#BF3F3F,#3F3F00,#BFBFBF,#003F00,#3F3F3F,#3F3F00,#BFBF3F,#FFBFBF,#FFBF3F,#003F00
251213,sorolla,50,50,1.96,1.08889,#BFBF3F,#BF3F3F,#BFBFBF,#3F3F3F,#BFBFFF,#000000,#FFFFFF,#3FBFBF,#3F3FBF,#3F3F3F
251237,sorolla,50,50,1.96,2.88235,#BFBF3F,#BF3F3F,#BFBFBF,#FFFFBF,#3F3F3F,#3F3F00,#FFBFBF,#BF3F00,#FFBF3F,#003F00
251246,sorolla,50,50,1.96,0.53261,#BFBF3F,#3F3FBF,#FFFFBF,#000000,#BFBFBF,#3F3F3F,#BF3F3F,#FFBF3F,#FFBFBF,#BFBFFF
251253,sorolla,50,50,1.96,0.11639,#003F00,#BF3F3F,#003FFF,#FFFFFF,#FFBF3F,#3F3F3F,#BF3F3F,#7FBFFF,#3F003F,#3F3F3F
251281,sorolla,50,50,2.0,0.48077,#BF3F3F,#FFFFBF,#003F00,#3FBF7F,#3F3F3F,#BF3F00,#BFBFBF,#FFFFFF,#3F3F00,#BFBF3F
251344,sorolla,50,50,1.96,1.02083,#BF3F3F,#3F3F3F,#BFBFBF,#BF3F3F,#BFBF3F,#000000,#7FBFFF,#FFBFBF,#3F3F3F,#3FBF7F
251293,sorolla,50,50,1.96,0.13687,#3F3F00,#FFFFFF,#BFBFBF,#3F0000,#3F3F3F,#3F003F,#3F3FBF,#BFBFFF,#BFBF3F,#BF3F3F
251304,sorolla,50,50,1.96,0.94231,#BFBF3F,#3F3F3F,#BF3F3F,#BFBFBF,#00003F,#FFFFFF,#FFBFBF,#000000,#003F3F,#3F3F3F
251313,sorolla,50,50,1.96,0.12861,#7F3F3F,#BFBFBF,#3F3F3F,#3F0000,#BFBF3F,#BF3F3F,#3F3F00,#FFFFFF,#BFBFFF,#FFBF3F
251354,sorolla,50,50,1.96,0.26923,#3F003F,#BFBF3F,#3F3F3F,#BF3F3F,#3F3F3F,#FFFFFF,#BF3F3F,#BFBFBF,#3F3F00,#3FBF7F
251087,sorolla,50,50,1.96,0.32237,#3F0000,#BFBFBF,#BF3F3F,#FFBF3F,#BF3F3F,#BFBFFF,#000000,#3F3F7F,#FF3F3F,#003F00
251091,sorolla,50,50,1.96,1.75,#FFBF3F,#BF3F3F,#BF3F3F,#3F003F,#FF3F3F,#FFFFBF,#BFBF3F,#FF3F3F,#BF0000,#FFBF3F
251111,sorolla,50,50,1.96,0.35,#FFBFBF,#BFBF3F,#FFFFFF,#000000,#7F3F00,#FFFFBF,#BFBFBF,#3F3F3F,#FFBF3F,#BF3F3F
251267,sorolla,50,50,1.96,0.28655,#3F3F3F,#3F0000,#BFBF3F,#3F3F00,#FFFFBF,#BF3F3F,#BF3F00,#BFBFBF,#3F3F00,#3F3F3F
251278,sorolla,50,50,1.96,0.14894,#003F3F,#BFBFFF,#3F3F3F,#BFBFBF,#3F3F00,#FFFFFF,#3F3FBF,#00003F,#003F3F,#3FBFBF
251305,sorolla,50,50,1.96,0.19368,#3F3F3F,#BFBFFF,#000000,#FFFFFF,#BFBFBF,#3F3FBF,#3F3F3F,#3F3F00,#BFFFFF,#BF3F3F
251308,sorolla,50,50,1.96,2.04167,#FFBF7F,#3F3FBF,#3F3F3F,#BFBFBF,#FFFFFF,#BFBF3F,#003F00,#FFFFBF,#BF3F3F,#3F3F00
251105,sorolla,50,50,1.96,0.12129,#3F0000,#FFFFFF,#3F3F3F,#BFBFBF,#3F3F3F,#BFBF3F,#3F0000,#FFFFBF,#BF3F3F,#3FBF3F
251110,sorolla,50,50,1.96,0.17754,#00003F,#FFFFFF,#BFBFBF,#3F3F3F,#00003F,#FFBFBF,#3F3F3F,#BFBF3F,#BF3F3F,#3F3F3F
251179,sorolla,50,50,1.96,0.74242,#BFFFBF,#BF3F3F,#BFBFBF,#3F3F3F,#3F3F00,#BFBF3F,#FFFFFF,#FFBF3F,#3F3F3F,#FFFFBF
251223,sorolla,50,50,1.96,0.11611,#3F0000,#3F3F3F,#BF3F3F,#3F003F,#3F3F3F,#BFBF3F,#BF3F3F,#FFBF3F,#BFBFBF,#003F00
251320,sorolla,50,50,1.96,0.33333,#BFBF3F,#3F3F3F,#3F3F3F,#3F003F,#BF3F3F,#3F3F3F,#3F3F3F,#3F7FBF,#BFBFBF,#003FBF
251322,sorolla,50,50,1.96,0.73134,#FFBF7F,#BF3F3F,#000000,#3F3F3F,#BFBFBF,#BFBF3F,#FFFFFF,#3F0000,#BFBF3F,#FFFFBF
251360,sorolla,50,50,1.96,0.33108,#BF7F3F,#BF3F00,#3F3F00,#FFFFBF,#003F00,#3F3F3F,#FF7F00,#FFFFFF,#3F3F3F,#FFBF3F
251375,sorolla,50,50,1.96,0.19066,#3F0000,#BFBFBF,#BF3F00,#FFFFFF,#FFBFBF,#BF3F3F,#00003F,#BFBF3F,#FFBF3F,#3F3F00
9223372032559849522,sorolla,50,50,1.96,4.08333,#BF3F3F,#FFFFFF,#3F0000,#3F3F3F,#BFBFBF,#BFBF3F,#FFFFBF,#3F3F00,#BF3F00,#FFBF3F
251082,sorolla,50,50,1.96,0.32886,#FFBF3F,#3F3F00,#BF3F3F,#FFFFBF,#BFBF3F,#00003F,#FFBFBF,#BF3F00,#3F3F3F,#FFFFFF
251099,sorolla,50,50,1.96,0.08033,#00003F,#FFBF3F,#3F3F3F,#BFBFBF,#003F00,#FFBFBF,#FFFFFF,#3F3FBF,#BF3F3F,#3F3F3F
251107,sorolla,50,50,1.96,0.03306,#3F0000,#FFFFBF,#3F003F,#7F3F3F,#3F3F00,#FFBFBF,#FFBF3F,#FFFFFF,#BFBF3F,#BF3F00
251119,sorolla,50,50,1.96,0.04146,#3F3FBF,#000000,#FFFFFF,#3F3F00,#BF7F3F,#3F3F3F,#BFBFFF,#BFBFBF,#3F3F3F,#3FBFBF
251120,sorolla,50,50,1.96,0.37405,#3F3F00,#FFFFBF,#FFFFFF,#FFBFBF,#BFBF3F,#3F3F3F,#3F0000,#BF3F3F,#BFBFBF,#3F0000
251123,sorolla,50,50,1.96,0.17376,#3F3F3F,#3F3F00,#FFFFBF,#BF3F00,#BF3F3F,#3F3F00,#003F00,#BFBF3F,#FFBFBF,#BFBFBF
251138,sorolla,50,50,1.96,2.45,#BF3F3F,#BFBFBF,#3F3F3F,#FFFFBF,#BFBF3F,#FFFFFF,#3F0000,#3F3F00,#FFBFBF,#3F3FBF
251143,sorolla,50,50,1.96,0.06622,#BF3F00,#3F3F3F,#FFFF3F,#000000,#3F7F3F,#FFBF00,#003F3F,#3F3F00,#FFFFBF,#BFBF3F
251160,sorolla,50,50,1.96,12.25,#BFBFBF,#3F3F3F,#3FBFBF,#3F3FBF,#FFBFBF,#003FBF,#BF3F3F,#FFFFBF,#BFBF3F,#3F3F3F
251188,sorolla,50,50,1.96,0.07993,#000000,#BFBFBF,#BF3F00,#FFBF00,#3F7F3F,#FFFFFF,#3F3F00,#BFBF3F,#3F003F,#003F3F
251194,sorolla,50,50,2.0,0.5814,#3F3FBF,#FFFFFF,#3F0000,#BFBFBF,#3F3F3F,#3F3F00,#BFBF3F,#BF3F3F,#3F3F00,#FFBFBF
251204,sorolla,50,50,1.96,0.68056,#BF3F3F,#BFBFFF,#3F3F3F,#BFBFBF,#000000,#BFBF3F,#003F3F,#3F3FBF,#3F3F00,#BFFFFF
251225,sorolla,50,50,1.96,0.16897,#BFBFBF,#3F3F00,#BFBF3F,#3F3F3F,#BF3F3F,#FFBF3F,#3F3F3F,#BF3F3F,#3F0000,#FFBFBF
251238,sorolla,50,50,1.96,0.14412,#BFBFBF,#3F3F00,#000000,#FFFFFF,#BFBF3F,#3F3F3F,#3F3F00,#BF3F3F,#FFBF3F,#BF3F3F
251256,sorolla,50,50,1.96,0.38583,#3F3F3F,#BF3F3F,#3F3F00,#BFBFBF,#FFBF3F,#003F00,#BFBF3F,#7F3FBF,#3F003F,#FF3F3F
251259,sorolla,50,50,1.96,0.96078,#3F003F,#BF3F3F,#FFBFBF,#3F3F3F,#FFBF3F,#FFFFBF,#BF3F00,#BFBF3F,#3F0000,#FF3F00
251270,sorolla,50,50,1.96,0.0455,#3F3F3F,#BFBF3F,#3F3F00,#BF3F3F,#3F3F3F,#FFFFFF,#BFBFBF,#BF3F3F,#BF3F3F,#3F3F00
251297,sorolla,50,50,1.96,3.76923,#BF3F3F,#FFFFFF,#FFBFBF,#FFBF3F,#3F3F3F,#BFBF3F,#BF3F3F,#FFFFBF,#BFBFBF,#3F3F3F
251312,sorolla,50,50,1.96,0.0512,#FFFFFF,#3F0000,#3F3F3F,#3F0000,#BF3F3F,#3F3F3F,#FFBFBF,#BFBFBF,#BFBF3F,#BF3F00
251323,sorolla,50,50,1.96,0.62821,#FFBFBF,#3F003F,#BF3F3F,#FFFFFF,#BFBFBF,#3F3F3F,#3F3F3F,#3F0000,#BFBF3F,#BF3F3F
251358,sorolla,50,50,1.96,0.06331,#3F3F00,#BFBFBF,#000000,#FFFFFF,#3FBFBF,#3F3F3F,#FFFFBF,#003F3F,#BFBF3F,#003F00
251363,sorolla,50,50,1.96,0.03028,#3F3F00,#FFBFBF,#3F3F3F,#3F003F,#FFFFFF,#BFBFBF,#3F3F3F,#FFFFBF,#BF3F3F,#BFBF3F
251366,sorolla,50,50,1.96,0.03556,#3F3F00,#BF3F3F,#3F003F,#FFBFBF,#3F3F00,#3F3F3F,#BFBFBF,#BFBF3F,#BF3F00,#FFFFBF
251367,sorolla,50,50,1.96,0.18421,#000000,#FFBF3F,#3F3F00,#3F0000,#FFBFBF,#BF3F00,#BF3F3F,#BFBF3F,#BF003F,#FFFFBF
251368,sorolla,50,50,1.96,0.05581,#003F00,#BF3F3F,#3F3F00,#FFBFBF,#3F3F3F,#FFBF3F,#3F0000,#BFBF3F,#BF3F3F,#003F00
251372,sorolla,50,50,1.96,0.16013,#BF3F3F,#3F3F00,#BFBFBF,#3F3F3F,#3F3F3F,#3F3F00,#FFBF3F,#BF3F00,#BFBF3F,#FFBFBF
251374,sorolla,50,50,1.96,3.5,#BF3F3F,#3FBFBF,#3F003F,#3F3F3F,#BFBFBF,#BFBF3F,#3FBF3F,#BF3FBF,#003F3F,#3F3FBF
251376,sorolla,50,50,1.96,0.13611,#3F003F,#BF3F3F,#3F3F00,#FFBFBF,#BFBF3F,#3F3F00,#3F3F3F,#BF3F3F,#FFBF3F,#BFBFBF
251377,sorolla,50,50,1.96,0.04823,#3F3F00,#3F003F,#BFBF3F,#3F3F00,#BFBF3F,#BF3F3F,#FFBF3F,#FFBF3F,#FF3F3F,#BF3F3F
251380,sorolla,50,50,1.96,0.2094,#003F3F,#FFBF3F,#BF3F3F,#FFFFBF,#003F00,#FF3F3F,#BFBF3F,#FFBF00,#FFBFBF,#7F3F3F
251381,sorolla,50,50,1.96,0.04359,#00003F,#FFBFBF,#3F3F3F,#BF3F3F,#3F0000,#FFFFFF,#BF3F00,#003F3F,#BFBFBF,#FFFFBF
251382,sorolla,50,50,1.96,0.1392,#FFFFBF,#BF3F3F,#00003F,#FFBFBF,#FFBF3F,#3F3F3F,#BFBF3F,#3F3F3F,#BF3F3F,#FFFFFF
251384,sorolla,50,50,1.96,0.04851,#000000,#3F3F00,#BF3F00,#3F3F3F,#BFBF3F,#FFBF3F,#3F3F00,#FFBF3F,#003F3F,#BF3F3F
251386,sorolla,50,50,1.96,0.30625,#BFBF3F,#000000,#FFFFBF,#3F3F3F,#FFBFBF,#FFBF3F,#BFBFFF,#3F3F3F,#FFFF3F,#003F3F
251387,sorolla,50,50,1.96,0.11343,#3F003F,#FFBF7F,#3F3F3F,#BF3F3F,#BFBFBF,#3F0000,#FFFFBF,#BFBF3F,#BF3F3F,#3F3F3F
251388,sorolla,50,50,1.96,0.02267,#003F3F,#FF7F00,#FFFFBF,#3F3F00,#BF3F00,#FFBF3F,#3F3F00,#FFFF3F,#BF3F3F,#BFBF3F
251389,sorolla,50,50,1.96,0.40496,#FFBF3F,#3F3F3F,#FFBFBF,#000000,#BF3F3F,#BFBF3F,#7F3FFF,#3F003F,#FF3F3F,#BFBFBF
251390,sorolla,50,50,1.96,0.10273,#FFFFFF,#3F3F00,#BF7F3F,#3F003F,#BFBFBF,#BFBF3F,#BF3F3F,#FFFF7F,#3F3F00,#FFBF3F
251391,sorolla,50,50,1.96,0.23113,#3F3F3F,#BFBF3F,#3F3F3F,#00003F,#BF3F3F,#BFBFBF,#00003F,#FFBF3F,#FFBFBF,#3F3F00
251392,sorolla,50,50,1.96,0.03579,#00003F,#FFBF7F,#3F3F3F,#BF3F3F,#FFFFFF,#FF0000,#3F3F3F,#BFBFBF,#BF0000,#3F0000
251394,sorolla,50,50,1.96,1.28947,#FFBFBF,#FF3F00,#000000,#BFBFBF,#BF003F,#FFBF3F,#FFFFBF,#FFBF3F,#7F3F7F,#BFBF3F
251395,sorolla,50,50,1.96,0.47115,#FF7F00,#FFFFBF,#3F3F00,#FFBF3F,#BF3F00,#FFFFFF,#003F00,#FFBFBF,#BF3F3F,#BFBF3F
251396,sorolla,50,50,1.96,8.16667,#BFBFBF,#FFFFFF,#FFBF3F,#3F3F3F,#BFBFFF,#BF3F3F,#FFBFBF,#FFBFFF,#3FBFFF,#BF3FBF
251397,sorolla,50,50,1.96,0.19919,#000000,#FFBF00,#3F3F00,#BF7F3F,#FFFFFF,#BF3F00,#BFBF00,#FFBF3F,#3F3F00,#FF3F00
251399,sorolla,50,50,1.96,0.37984,#3F3F00,#BFBF3F,#00003F,#BF3F3F,#3F0000,#3F3F3F,#FFBF3F,#BF3F3F,#FFBF00,#FF3F00
251400,sorolla,50,50,2.0,0.05727,#3F3F3F,#FFBFBF,#3F0000,#3F3F3F,#FFFFFF,#BFBFBF,#FFFFBF,#BFBF3F,#3F0000,#BF3F3F
251401,sorolla,50,50,1.96,0.14804,#000000,#FFBFBF,#BF3F00,#BFBF3F,#7F3F3F,#3F3F00,#FFFFBF,#FFBF3F,#3F0000,#BFBFBF
251402,sorolla,50,50,1.96,0.27841,#FFBF3F,#00003F,#FFFFFF,#BFBF3F,#3F3F3F,#FF3F00,#3F3F00,#BFFFFF,#003F00,#FFBF00
251403,sorolla,50,50,1.96,0.04545,#3F3F00,#000000,#BFBF3F,#3F3F00,#BF3F3F,#3F3F3F,#FFBF00,#BF3F3F,#BFBF3F,#3F3F3F
251404,sorolla,50,50,1.96,0.24747,#3F3F3F,#BF3F3F,#BFBF3F,#3F003F,#00003F,#BFBF3F,#3F3F3F,#FFBF3F,#FFBF00,#BF3F00
251405,sorolla,50,50,1.96,0.44954,#FFBF3F,#7F3F3F,#FFFFBF,#BF3F00,#7FBFBF,#00003F,#BFBF3F,#FFFFFF,#FFBFBF,#FFFF3F
251407,sorolla,50,50,1.96,1.06522,#FFBF3F,#BF3F3F,#FFBFBF,#BFFFFF,#FFFFBF,#FFFFFF,#003F00,#7F3F00,#BFBF3F,#FF3F00
251408,sorolla,50,50,1.96,0.09041,#BFBF3F,#3F3F3F,#000000,#BFBF3F,#BF3F3F,#3F0000,#BF3F00,#003F3F,#3F3F3F,#FFBF7F
251409,sorolla,50,50,1.96,0.80328,#FFBF3F,#BF3F00,#FFBF3F,#3F0000,#FF3F3F,#BF3F00,#FFFFBF,#003F00,#FFFF3F,#3F3F3F
251413,sorolla,50,50,1.96,0.06507,#3F3F00,#BFBF3F,#3F3F00,#003F3F,#BF3F3F,#FFBF3F,#BF3F3F,#FFBF3F,#FFBFBF,#FF3F00
251415,sorolla,50,50,1.96,1.88462,#FFFFFF,#BF3F3F,#FFBF3F,#BFBF3F,#3F0000,#FFBFBF,#FFFFBF,#3F3F00,#3F3F7F,#BF3F00
251416,sorolla,50,50,1.96,0.11343,#3F3F3F,#3F0000,#BFBF3F,#FFBFBF,#3F3F3F,#BF3F3F,#3F3F00,#BF3F00,#BFBFBF,#FFFFBF
251417,sorolla,50,50,1.96,0.11779,#003F3F,#FFFFBF,#3F3F3F,#BFBF3F,#3F3F3F,#3F3F3F,#3F3F3F,#BF3F3F,#BFBF00,#FFFFFF
251418,sorolla,50,50,1.96,0.14894,#3F3F3F,#FFBF3F,#3F0000,#BFBFBF,#FFBFBF,#3F3F00,#BFBF3F,#BF3F3F,#3F3F00,#FFFFFF
251419,sorolla,50,50,1.96,0.05152,#3F3F00,#003F00,#BF3F3F,#3F3F3F,#BFBF3F,#BF3F3F,#FFBF3F,#3F003F,#BF3FBF,#3F3FBF
251420,sorolla,50,50,1.96,0.03997,#3F3F3F,#BFBF3F,#3F3F00,#3F3F3F,#FFBF3F,#3F3F3F,#BF3F3F,#FFBFBF,#BFBFBF,#BF003F
251421,sorolla,50,50,1.96,0.3121,#FFBFBF,#7F3F3F,#3F3F3F,#BF3F3F,#FFBF3F,#FFBF3F,#000000,#BFBF3F,#3F003F,#BFBFBF
251423,sorolla,50,50,1.96,1.06522,#BF3F3F,#FFFFBF,#FFBF3F,#3F0000,#FFFFFF,#BF3F3F,#3F3F3F,#3F3F3F,#FFBFBF,#FF3F3F
251424,sorolla,50,50,1.96,0.40164,#FFBFBF,#3F3F00,#FFBF3F,#3F3F3F,#3F3F00,#BF3F3F,#FFBF00,#BFBF3F,#003F00,#FFFFFF
251425,sorolla,50,50,1.96,0.68056,#BF3F3F,#BFBFBF,#3F3F00,#FFFFFF,#3F3F3F,#3F3F3F,#BFBF3F,#FFBFBF,#003F3F,#BF3F3F
251426,sorolla,50,50,1.96,0.27841,#FFBF00,#3F3F00,#BFBF3F,#FFFFBF,#3F3F00,#BF3F00,#3F3F00,#BFBFBF,#BF3F3F,#3F3F3F
251427,sorolla,50,50,1.96,0.0542,#3F3F00,#000000,#FF3F3F,#BF3F3F,#3F0000,#BF3F00,#3F3F3F,#FFBF3F,#FF3F3F,#FFBF3F
251428,sorolla,50,50,1.96,0.06102,#3F0000,#BF3F3F,#3F3F3F,#3F003F,#3F3F3F,#BF3F3F,#BFBF3F,#FFBF3F,#BFBFBF,#3F003F
251429,sorolla,50,50,1.96,0.28824,#00003F,#FFFFBF,#003FBF,#3F3F3F,#FFBF7F,#7F003F,#003F3F,#003F3F,#FFFFFF,#BF7F3F
